slice,bucket,district,source,seed_id,name,names_variants,n_features,total_km,largest_component_km,n_components,diameter_mm,operator,start_year,coverage_by_roster_routes,nearest_name_pid,nearest_name_score,name_hint,match_basis,kind_hint,nearest_geom_pid,district_shares,note,evidence,gulfpub_disposition,ref_ids
D1,monitor,Far Eastern,osm,osm:gazoprovod,Газопровод,Газопровод,2,20.8,20.2,2,,Сахатранснефтегаз,,0.38,P0734,100,name ~ P0734 (100),,trunk/other,P5665,Far Eastern 20km; Volga 1km,,,,osm:gas_ru:w387671294_920981660_920981662; osm:gas_ru:w1346235024_1346235025_371637254
D1,monitor,Far Eastern,store,store:r1-anadyr-chp-spur,"Gas spur to Anadyr CHP (2018, Chukotka)",,0,7.0,7.0,0,,,,,,0,,,trunk/other,P6690,,7 km spur built 2018 — under the 25 km rule.,deepsweep-r1-fareast P6690 validity note,,
D1,monitor,Far Eastern,store,store:r1-vrangel-nzmu-spur,"GRS Vrangel - NZMU plant spur (600 mm, 3.5 km)",ГРС Врангель — НЗМУ,0,3.5,3.5,0,600,,,,,0,,,trunk/other,P4111,,Glavgosexpertiza-approved short downstream spur — under the 25 km rule.,deepsweep-r1-fareast P4111 cross_row_leads (nzmu.ru),,
D1,seed,Far Eastern,store,store:r1-kysyl-syr-84km,Kysyl-Syr - 84 km gas pipeline / Kysyl-Syr-Mastakh (Sakha),Кысыл-Сыр – 84 км; Кысыл-Сыр – Мастах,0,84.0,84.0,0,,,,,,0,,,trunk/other,P3365 (Kysyl-Syr-Mastakh I); P3896 (Kysyl-Syr-Ayan),,"Already-built short trunk discussed by the Energy Ministry and reported at start of commercial operation. The roster has Kysyl-Syr-Mastakh I/II rows under P3365 — likely the same object, so match-to-existing before anything else; listed because the store author could not tell.","deepsweep-r1-fareast P3896 cross_row_leads: ysia.ru '...kysyl-syr-84-km', yakutiamedia.ru/news/1931460",,
D1,seed_length_unknown,Far Eastern,store,store:r1-vnhk-branch,"Gas branch pipeline and GRS 'VNKhK' (Eastern Petrochemical Co.), 2.3 bcm/y",Газопровод-отвод и ГРС «ВНХК»,0,,,0,,,,,,0,,,trunk/other,P4111,,"Federal territorial-planning decree 816-r App. 4.1 item 111 (immediately before P4111's item 112) — no roster match, different endpoint from Bolshoy Kamen-Vrangel (P4111). Primorsky Krai (Nakhodka area). Length not stated; decree-only evidence.",deepsweep-r1-fareast P4111 cross_row_leads: sudact.ru/law/rasporiazhenie-pravitelstva-rf-ot-06052015-n-816-r/.../prilozhenie-n-4_1/,,
D2,matched_existing,Siberian,osm,osm:nizhnevartovskii-gpz-parabel-kuzbass,Нижневартовский ГПЗ — Парабель — Кузбасс,Нижневартовский ГПЗ — Парабель — Кузбасс,3,381.0,183.0,3,1020,Газпром трансгаз Томск,,0.03,P2350,100,name ~ P2350 (100),name,trunk/other,P2358,Siberian 381km,,,,osm:gas_ru:w1146876353_224751664_490527131; osm:gas_ru:w224751664_304817749_376794575_376794578_599923377_599923378_775896397; osm:gas_ru:w841758425_902003882_902003883_929769547
D2,matched_existing,Siberian,osm,osm:gazoprovod-otvod-k-grs-4,"газопровод, отвод к ГРС-4","газопровод, отвод к ГРС-4",2,50.3,48.4,2,,"ООО ""Газпром трансгаз Томск"", Новосибирское ЛПУМГ; ООО ""Газпром трансгаз Томск"". Новосибирское ЛПУМГ",,0.06,P4076,95,name ~ P4076 (95),name,spur (otvod/GRS),P6684,Siberian 50km,,,,osm:gas_ru:w474384936_474397180_897922218_899827382; osm:gas_ru:w504343854
D2,monitor,Siberian,osm,osm:grs-chernorechenskaya-kandinka,ГРС «Чернореченская» — Кандинка,ГРС «Чернореченская» — Кандинка,2,5.2,5.2,1,,,,0.0,P3981,67,,,spur (otvod/GRS),P3894,Siberian 5km,,,,osm:gas_ru:w600616856_600616862#9f1711; osm:gas_ru:w600616856_600616862#b5d1b4
D2,seed,Siberian,osm,osm:mg-omsk-novosibirsk,"МГ ""Омск-Новосибирск""","МГ ""Омск-Новосибирск""",1,99.5,99.5,1,,"ООО ""Газпром трансгаз Томск"", Новосибирское ЛПУМГ",,0.0,P2362,91,name ~ P2362 (91),,trunk/other,P5517,Siberian 99km,,,,osm:gas_ru:w125476595_643647559
D2,seed,Siberian,osm,osm:gazoprovod-otvod-k-grs-2-tomska,Газопровод-отвод к ГРС-2 Томска,Газопровод-отвод к ГРС-2 Томска,4,79.9,77.1,3,530,Газпром трансгаз Томск,,0.05,P4210,86,name ~ P4210 (86),,spur (otvod/GRS),P6691,Siberian 80km,,,,osm:gas_ru:w304817749_376794575; osm:gas_ru:w304817749_376794578_599923378; osm:gas_ru:w599923377_599923378; osm:gas_ru:w599923378_775896397
D2,seed,Siberian,osm,osm:proskokovo-linevo,Проскоково — Линёво,Проскоково — Линёво,3,77.3,51.7,3,,,,0.01,P2376,74,,,trunk/other,P2376,Siberian 77km,,,,osm:gas_ru:w490527130_867156301; osm:gas_ru:w123748699_490527130_854937183_854937184; osm:gas_ru:w490527130_874501147
D3,matched_existing,Ural,osm,osm:bukhara-ural-1,Бухара — Урал 1,Бухара — Урал 1,15,164.1,73.4,12,1020 mm,ООО «Газпром трансгаз Екатеринбург»,,0.04,P2289,100,name ~ P2289 (100),name,trunk/other,P3895,Ural 164km,,,,osm:gas_ru:w1424773210_1424773213_232355298; osm:gas_ru:w1424140508_330617337; osm:gas_ru:w1424576844_1424576845_330617337; osm:gas_ru:w1424576846_1424576847_330617337; osm:gas_ru:w1424432788_1424432789_330617337 (+10)
D3,matched_existing,Ural,osm,osm:ukpg-4-gks-1-2-2,"УКПГ-4 — ГКС-1,2 2","УКПГ-4 — ГКС-1,2 2",4,142.4,142.4,1,1420 mm,ООО «Газпром добыча Уренгой»,,0.7,P6682,44,,geometry,field/gathering,P0734; P5521; P6535,Ural 142km,,,,osm:gas_ru:w1364614548_1364614550_159284368; osm:gas_ru:w1168496626_1364614548_1364614550_1364614555_159284368; osm:gas_ru:w1363835534_1364614548_1364614550_1364614563_1364754732_1364879283_159284368_159284388_951880660_952019025_952089066_952916537; osm:gas_ru:w1364780193_159284368_159284388_952079295
D3,matched_existing,Ural,osm,osm:urengoi-petrovsk,Уренгой — Петровск,Уренгой — Петровск,3,129.7,87.8,3,1420 mm,ООО «Газпром трансгаз Чайковский»; ООО «Газпром трансгаз Югорск»,,0.03,P3493,100,name ~ P3493 (100),name,trunk/other,P7546,Ural 116km; Volga 14km,,,,osm:gas_ru:w1422376891_1423379845_1423379846_1423379847_1423379848_1423379853_1423379861_1423379862_1423379864_1423379866_1423404112; osm:gas_ru:w1422376891_1423348003_1423348004; osm:gas_ru:w1304720395_370864134_371178183
D3,matched_existing,Ural,osm,osm:luping,лупинг,лупинг,9,65.1,26.1,4,1020 mm; 1420 mm; 720 mm,АО «Транснефть — Север»; ООО «Газпром трансгаз Ухта»; ООО «Газпром трансгаз Югорск»,,0.76,P2285,40,,geometry,trunk/other,P6683,Ural 46km; Northwestern 17km; Central 2km,,,,osm:gas_ru:w232559327; osm:gas_ru:w1248220634_1248220635; osm:gas_ru:w370864142_371254097; osm:gas_ru:w371178188_371254097; osm:gas_ru:w1363300325_370345753_370345771_371178186 (+4)
D3,matched_existing,Ural,osm,osm:yamburg-tula-1,Ямбург — Тула 1,Ямбург — Тула 1,1,49.4,49.4,1,1420 mm,ООО «Газпром трансгаз Югорск»,,0.0,P2450,100,name ~ P2450 (100),name,trunk/other,P2450,Ural 49km,,,,osm:gas_ru:w1367313561_1368139643_1368139651_1368139652_1368139653_1368139655_1368139666
D3,matched_existing,Ural,osm,osm:srto-ural-2,СРТО — Урал 2,СРТО — Урал 2,9,32.0,15.8,8,1220 mm,ООО «Газпром трансгаз Екатеринбург»,,0.0,P2357,100,name ~ P2357 (100),name,trunk/other,P2357,Ural 32km,,,,osm:gas_ru:w1423688509_1423688510_1423688511_1423688513_239920072; osm:gas_ru:w113729123_1423688499_1423688500; osm:gas_ru:w1423903206_239920072; osm:gas_ru:w113729123_1423688501_1423688502; osm:gas_ru:w1423903208_239920072_330641303 (+4)
D3,matched_existing,Ural,osm,osm:igrim-serov-nizhnii-tagil,Игрим — Серов — Нижний Тагил,Игрим — Серов — Нижний Тагил,13,29.0,14.1,13,1020 mm,ООО «Газпром трансгаз Югорск»,,0.46,P2315,100,name ~ P2315 (100),name+geometry,trunk/other,P2350; P7615,Ural 29km,,,,osm:gas_ru:w1377853089_1377853099; osm:gas_ru:w1415720175_1415720176; osm:gas_ru:w1377853089_1377853090_1377853093; osm:gas_ru:w1415648163_1415648164; osm:gas_ru:w1377853089_1377853091 (+8)
D3,matched_existing,Ural,osm,osm:otvod-k-pervouralsku-i-revde-1,Отвод к Первоуральску и Ревде 1,Отвод к Первоуральску и Ревде 1,1,5.4,5.4,1,530 mm,ООО «Газпром трансгаз Екатеринбург»,,0.87,P4078,56,,geometry,spur (otvod/GRS),P2341,Ural 5km,,,,osm:gas_ru:w1423903211_1423903226_1423903227
D3,matched_existing,Ural,osm,osm:otvod-k-agrs-1-vostochnaya-promzona,Отвод к АГРС-1 Восточная промзона,Отвод к АГРС-1 Восточная промзона,2,4.9,4.9,1,325 mm,ООО «Газпром трансгаз Югорск»,,0.63,P2291,62,,geometry,spur (otvod/GRS),P6674; P6675,Ural 5km,,,,osm:gas_ru:w1364253680_987260189; osm:gas_ru:w1364253678_1364253680_987260189
D3,matched_existing,Ural,osm,osm:punga-vuktyl-ukhta-1,Пунга — Вуктыл — Ухта 1,Пунга — Вуктыл — Ухта 1,1,2.6,2.6,1,1220 mm,ООО «Газпром трансгаз Югорск»,,1.0,P2378,100,name ~ P2378 (100),geometry,trunk/other,P2348,Ural 3km,,,,osm:gas_ru:w1265856477_1265856479
D3,matched_existing,Ural,osm,osm:otvod-k-grs-gtes-kazymskaya,Отвод к ГРС ГТЭС «Казымская»,Отвод к ГРС ГТЭС «Казымская»,1,0.9,0.9,1,159 mm,ООО «Газпром трансгаз Югорск»,,1.0,P4078,59,,geometry,spur (otvod/GRS),P3972,Ural 1km,,,,osm:gas_ru:w1360977878_1360977879#4fc475
D3,monitor,Ural,osm,osm:uppg-ukpg-4-1,УППГ — УКПГ-4 1,УППГ — УКПГ-4 1,1,23.1,23.1,1,720 mm,ООО «Газпром добыча Ямбург»,,0.0,P6682,47,,,field/gathering,P6674; P6675,Ural 23km,,,,osm:gas_ru:w1369110038_1369110039
D3,monitor,Ural,osm,osm:uppg-ukpg-4-2,УППГ — УКПГ-4 2,УППГ — УКПГ-4 2,1,23.0,23.0,1,720 mm,ООО «Газпром добыча Ямбург»,,0.0,P6682,47,,,field/gathering,P6674; P6675,Ural 23km,,,,osm:gas_ru:w1369110036_1369110037_1369110040_1369110041
D3,monitor,Ural,osm,osm:ukpg-2v-ukpg-1v-2,УКПГ-2В — УКПГ-1В 2,УКПГ-2В — УКПГ-1В 2,1,17.1,17.1,1,,ООО «Газпром добыча Ямбург»,,0.0,P6682,50,,,field/gathering,P4109,Ural 17km,,,,osm:gas_ru:w1368504988
D3,monitor,Ural,osm,osm:ukpg-2v-ukpg-1v-1,УКПГ-2В — УКПГ-1В 1,УКПГ-2В — УКПГ-1В 1,1,17.0,17.0,1,,ООО «Газпром добыча Ямбург»,,0.0,P6682,50,,,field/gathering,P4109,Ural 17km,,,,osm:gas_ru:w1368504987
D3,monitor,Ural,osm,osm:podklyuchenie-ukpg-3s-2,Подключение УКПГ-3С 2,Подключение УКПГ-3С 2,1,13.9,13.9,1,1420 mm,ООО «Газпром добыча Ямбург»,,0.0,P3607,44,,,field/gathering,P0768,Ural 14km,,,,osm:gas_ru:w1365698891_1365698892_1365698893_1365698896_1365698898_1365698908_1365698909_1365698924
D3,monitor,Ural,osm,osm:podklyuchenie-ukpg-urengoiskogo-ngkm,Подключение УКПГ Уренгойского НГКМ,Подключение УКПГ Уренгойского НГКМ,2,13.5,13.5,1,,АО «Арктикгаз»,,0.0,P6683,45,,,field/gathering,P3991,Ural 13km,,,,osm:gas_ru:w1366217039_1366217040_1366217041_1366217055; osm:gas_ru:w1366217039_1366217040_1366217055
D3,monitor,Ural,osm,osm:ukpg-1-gks-1,УКПГ-1 — ГКС-1,УКПГ-1 — ГКС-1,1,12.8,12.8,1,,ООО «Газпром добыча Уренгой»,,0.0,P6682,57,,,field/gathering,P4109,Ural 13km,,,,osm:gas_ru:w1364754725_1364754726_1364754727_952958503
D3,monitor,Ural,osm,osm:otvod-k-grs-alapaevsk,Отвод к ГРС Алапаевск,Отвод к ГРС Алапаевск,1,12.6,12.6,1,530 mm,ООО «Газпром трансгаз Екатеринбург»,,0.0,P4076,68,,,spur (otvod/GRS),P2288,Ural 13km,,,,osm:gas_ru:w1423656164_1423656165
D3,monitor,Ural,osm,osm:otvod-k-grs-chelyabinsk-70-2,Отвод к ГРС Челябинск-70 2,Отвод к ГРС Челябинск-70 2,3,12.3,12.3,1,159 mm,ООО «Газпром трансгаз Екатеринбург»,,0.25,P2440,73,,,spur (otvod/GRS),P0737; P0738; P2287; P5402; P5403; P5404,Ural 12km,,,,osm:gas_ru:w1424247595_1424773183_1424773184_329151983; osm:gas_ru:w1424773184_329151983_329151984; osm:gas_ru:w1424773183_329151983_329151986
D3,monitor,Ural,osm,osm:podklyuchenie-ukpg-1v-1,Подключение УКПГ-1В 1,Подключение УКПГ-1В 1,1,12.2,12.2,1,1420 mm,ООО «Газпром добыча Ямбург»,,0.0,P3607,44,,,field/gathering,P2425,Ural 12km,,,,osm:gas_ru:w1367381558_1367381559_1367381560
D3,monitor,Ural,osm,osm:ukpg-4-gks-1-2-1,"УКПГ-4 — ГКС-1,2 1","УКПГ-4 — ГКС-1,2 1",3,11.9,11.1,2,1420 mm,ООО «Газпром добыча Уренгой»,,0.0,P6682,44,,,field/gathering,P0734; P5521; P6535,Ural 12km,,,,osm:gas_ru:w1364614549_1364614557_1365961281_263345423; osm:gas_ru:w1168496627_1364614549_1364614556_1364614557_263345423; osm:gas_ru:w1364754725_1364754727_263345423
D3,monitor,Ural,osm,osm:otvod-k-grs-beregovoi,Отвод к ГРС Береговой,Отвод к ГРС Береговой,2,11.7,9.9,2,219 mm,ООО «Газпром трансгаз Екатеринбург»,,0.0,P4077,71,,,spur (otvod/GRS),P3996,Ural 12km,,,,osm:gas_ru:w1424773199_832253575; osm:gas_ru:w1424773203_832253575
D3,monitor,Ural,osm,osm:otvod-k-nizhneturinskoi-gres-2,Отвод к Нижнетуринской ГРЭС 2,Отвод к Нижнетуринской ГРЭС 2,1,10.3,10.3,1,400,ООО «Газпром трансгаз Югорск»,,0.32,P4092,56,,,spur (otvod/GRS),P1368,Ural 10km,,,,osm:gas_ru:w1418378241
D3,monitor,Ural,osm,osm:otvod-k-nizhneturinskoi-gres-1,Отвод к Нижнетуринской ГРЭС 1,Отвод к Нижнетуринской ГРЭС 1,1,10.3,10.3,1,400,ООО «Газпром трансгаз Югорск»,,0.32,P4092,56,,,spur (otvod/GRS),P0765,Ural 10km,,,,osm:gas_ru:w1418378242
D3,monitor,Ural,osm,osm:ukpg-11-ukpg-12-1,УКПГ-11 — УКПГ-12 1,УКПГ-11 — УКПГ-12 1,2,9.6,9.6,1,1420 mm,ООО «Газпром добыча Уренгой»,,0.0,P6682,50,,,field/gathering,P0737,Ural 10km,,,,osm:gas_ru:w1364852402_1364852404_1364852405_1364988707; osm:gas_ru:w1364852402_1364852404_1364852405
D3,monitor,Ural,osm,osm:ukpg-6-ukpg-7-2,УКПГ-6 — УКПГ-7 2,УКПГ-6 — УКПГ-7 2,2,8.8,8.8,1,1420 mm,ООО «Газпром добыча Уренгой»,,0.0,P6682,57,,,field/gathering,P2291; P2292; P5770; P5771,Ural 9km,,,,osm:gas_ru:w1364614552_1364614553_1364614562_1364852377_1364852381; osm:gas_ru:w1364614552_1364614553_1364614562
D3,monitor,Ural,osm,osm:ukpg-6-ukpg-7-1,УКПГ-6 — УКПГ-7 1,УКПГ-6 — УКПГ-7 1,2,8.8,8.8,1,1420 mm,ООО «Газпром добыча Уренгой»,,0.0,P6682,57,,,field/gathering,P0737,Ural 9km,,,,osm:gas_ru:w1364614551_1364614554_1364614561_1364852376_1364852382; osm:gas_ru:w1364614551_1364614554_1364614561
D3,monitor,Ural,osm,osm:otvod-k-grs-polevskoi,Отвод к ГРС Полевской,Отвод к ГРС Полевской,1,8.7,8.7,1,377 mm,ООО «Газпром трансгаз Екатеринбург»,,0.0,P4076,68,,,spur (otvod/GRS),P4167,Ural 9km,,,,osm:gas_ru:w1424576855_1424576856
D3,monitor,Ural,osm,osm:ukpg-1s-tsdks-1,УКПГ-1С — ЦДКС 1,УКПГ-1С — ЦДКС 1,3,8.0,5.5,2,1420 mm,ООО «Газпром добыча Ямбург»,,0.0,P0765,45,,,field/gathering,P1439,Ural 8km,,,,osm:gas_ru:w1365698897_1365698903_1365698904_1365698905_1365698906_1365698907; osm:gas_ru:w1365698897_1365698898_1365698900; osm:gas_ru:w1365698897_1365698899_1365698917
D3,monitor,Ural,osm,osm:beregovoe-ngkm-ks-purtazovskaya,Береговое НГКМ — КС «Пуртазовская»,Береговое НГКМ — КС «Пуртазовская»,1,6.9,6.9,1,,АО «Сибнефтегаз»,,0.0,P2375,55,,,field/gathering,P4166,Ural 7km,,,,osm:gas_ru:w1365576857_1366050164
D3,monitor,Ural,osm,osm:ukpg-2s-ukpg-1s-2,УКПГ-2С — УКПГ-1С 2,УКПГ-2С — УКПГ-1С 2,2,6.8,3.7,2,1420 mm,ООО «Газпром добыча Ямбург»,,0.0,P6682,50,,,field/gathering,P2291; P2292; P5770; P5771,Ural 7km,,,,osm:gas_ru:w1365698892_1365698896_1365698898_1365698900_1365698902_1365698916; osm:gas_ru:w1365698892_1365698893_1365698912_1365698922
D3,monitor,Ural,osm,osm:otvod-k-agrs-2-severnaya,Отвод к АГРС-2 Северная,Отвод к АГРС-2 Северная,1,6.6,6.6,1,273 mm,ООО «Газпром трансгаз Югорск»,,0.0,P0752,65,,,spur (otvod/GRS),P0765; P1368,Ural 7km,,,,osm:gas_ru:w1364614541
D3,monitor,Ural,osm,osm:otvod-k-grs-revda,Отвод к ГРС Ревда,Отвод к ГРС Ревда,3,6.0,4.5,3,530 mm,ООО «Газпром трансгаз Екатеринбург»,,0.0,P4076,78,,,spur (otvod/GRS),P6695,Ural 6km,,,,osm:gas_ru:w1423903213_1423903218; osm:gas_ru:w1423903213_1423903217; osm:gas_ru:w1423903213_1423903216
D3,monitor,Ural,osm,osm:podklyuchenie-ukpg-13-2,Подключение УКПГ-13 2,Подключение УКПГ-13 2,1,6.0,6.0,1,,ООО «Газпром добыча Уренгой»,,0.0,P3607,41,,,field/gathering,P3996; P3997,Ural 6km,,,,osm:gas_ru:w1364852408_1364988708
D3,monitor,Ural,osm,osm:podklyuchenie-ukpg-13-1,Подключение УКПГ-13 1,Подключение УКПГ-13 1,1,6.0,6.0,1,,ООО «Газпром добыча Уренгой»,,0.0,P3607,41,,,field/gathering,P3996; P3997,Ural 6km,,,,osm:gas_ru:w1364852407_1364988707
D3,monitor,Ural,osm,osm:ukpg-7-ukpg-8-2,УКПГ-7 — УКПГ-8 2,УКПГ-7 — УКПГ-8 2,2,5.8,5.8,1,1420 mm,ООО «Газпром добыча Уренгой»,,0.0,P6682,57,,,field/gathering,P0738,Ural 6km,,,,osm:gas_ru:w1364614553_1364780201_1364852377_1364852378_1364852379_1364852381_1364852389_1366073518; osm:gas_ru:w1364614553_1364852376_1364852377_1364852381
D3,monitor,Ural,osm,osm:podklyuchenie-ukpg-2s-2,Подключение УКПГ-2С 2,Подключение УКПГ-2С 2,1,5.7,5.7,1,1420 mm,ООО «Газпром добыча Ямбург»,,0.0,P3607,44,,,field/gathering,P0768,Ural 6km,,,,osm:gas_ru:w1365698893_1365698894_1365698895_1365698912_1365698913_1365698914_1365698915
D3,monitor,Ural,osm,osm:otvod-k-grs-igrim-2,Отвод к ГРС Игрим 2,Отвод к ГРС Игрим 2,1,5.5,5.5,1,219 mm,ООО «Газпром трансгаз Югорск»,,0.0,P4076,73,,,spur (otvod/GRS),P0738,Ural 5km,,,,osm:gas_ru:w1363300333_1363300334
D3,monitor,Ural,osm,osm:ukpg-6-ukpg-9-4,УКПГ-6 — УКПГ-9 4,УКПГ-6 — УКПГ-9 4,1,5.5,5.5,1,1420 mm,ООО «Газпром добыча Уренгой»,,0.0,P6682,57,,,field/gathering,P0737; P0738; P2287; P5402; P5403; P5404,Ural 5km,,,,osm:gas_ru:w1364780196_1365985080_1365985081
D3,monitor,Ural,osm,osm:podklyuchenie-ukpg-2-2,Подключение УКПГ-2 2,Подключение УКПГ-2 2,2,5.3,5.3,1,1420 mm,ООО «Газпром добыча Ямбург»,,0.0,P0752,44,,,field/gathering,P2425,Ural 5km,,,,osm:gas_ru:w1367361459_1367361461; osm:gas_ru:w1367361459_1367361461_1367361464
D3,monitor,Ural,osm,osm:podklyuchenie-ukpg-2-1,Подключение УКПГ-2 1,Подключение УКПГ-2 1,2,4.9,4.9,1,,ООО «Газпром добыча Ямбург»,,0.0,P0752,42,,,field/gathering,P0737; P0738; P2287; P5402; P5403; P5404,Ural 5km,,,,osm:gas_ru:w1367361460_1367361462_1368430605_1368430606; osm:gas_ru:w1367361460_1367361462_1367361465
D3,monitor,Ural,osm,osm:urengoi-nadym-1,Уренгой — Надым 1,Уренгой — Надым 1,1,4.2,4.2,1,1420 mm,ООО «Газпром трансгаз Югорск»,,0.59,P2348,69,,,trunk/other,P2348; P4145; P4146; P4147; P4148,Ural 4km,,,,osm:gas_ru:w1363673617_1363673620_1363673621_1363673622_1364478615_1364478618_1364478620
D3,monitor,Ural,osm,osm:ukpg-11-ukpg-12-2,УКПГ-11 — УКПГ-12 2,УКПГ-11 — УКПГ-12 2,1,3.8,3.8,1,1420 mm,ООО «Газпром добыча Уренгой»,,0.0,P6682,50,,,field/gathering,P0738,Ural 4km,,,,osm:gas_ru:w1364852401_1364852403_1364852406
D3,monitor,Ural,osm,osm:ukpg-2s-ukpg-1s-1,УКПГ-2С — УКПГ-1С 1,УКПГ-2С — УКПГ-1С 1,1,3.6,3.6,1,1420 mm,ООО «Газпром добыча Ямбург»,,0.0,P6682,50,,,field/gathering,P0761; P0768; P0774; P0775; P0776,Ural 4km,,,,osm:gas_ru:w1365698889_1365698890_1365698923
D3,monitor,Ural,osm,osm:ukpg-3-ukpg-2-1,УКПГ-3 — УКПГ-2 1,УКПГ-3 — УКПГ-2 1,1,3.4,3.4,1,1420 mm,ООО «Газпром добыча Ямбург»,,0.0,P6682,57,,,field/gathering,P0734; P5521; P6535,Ural 3km,,,,osm:gas_ru:w1367361448_1367361453_1367361457
D3,monitor,Ural,osm,osm:ukpg-3-ukpg-2-2,УКПГ-3 — УКПГ-2 2,УКПГ-3 — УКПГ-2 2,1,3.3,3.3,1,1420 mm,ООО «Газпром добыча Ямбург»,,0.0,P6682,66,,,field/gathering,P0767; P1439; P2707; P7537,Ural 3km,,,,osm:gas_ru:w1367361449_1367361451_1367361452_1367361458
D3,monitor,Ural,osm,osm:podklyuchenie-ukpg-6-1,Подключение УКПГ-6 1,Подключение УКПГ-6 1,2,2.9,1.8,2,1420 mm,ООО «Газпром добыча Уренгой»; ООО «Газпром добыча Ямбург»,,0.0,P3607,41,,,field/gathering,P2352; P2353; P3208; P7600,Ural 3km,,,,osm:gas_ru:w1367381551_1367381555; osm:gas_ru:w1364614559_1365984987_1365984988_1365984989_1365984990_1365984991
D3,monitor,Ural,osm,osm:otvod-k-grs-ekaterinburg-2,Отвод к ГРС Екатеринбург-2,Отвод к ГРС Екатеринбург-2,1,2.7,2.7,1,377 mm,ООО «Газпром трансгаз Екатеринбург»,,0.0,P4076,59,,,spur (otvod/GRS),P0737; P0738; P2287; P5402; P5403; P5404,Ural 3km,,,,osm:gas_ru:w232823377_330617337
D3,monitor,Ural,osm,osm:ukpg-13-ukpg-15-2,УКПГ-13 — УКПГ-15 2,УКПГ-13 — УКПГ-15 2,2,2.7,2.5,2,1420 mm,ООО «Газпром добыча Уренгой»,,0.0,P6682,50,,,field/gathering,P0738,Ural 3km,,,,osm:gas_ru:w1364988708_1364988730_1364988731_1364988732; osm:gas_ru:w1364988708_1368139641_1368139642
D3,monitor,Ural,osm,osm:otvod-k-grs-rezh,Отвод к ГРС Реж,Отвод к ГРС Реж,1,2.6,2.6,1,530 mm,ООО «Газпром трансгаз Екатеринбург»,,0.0,P4076,81,name ~ P4076 (81),,spur (otvod/GRS),P0743,Ural 3km,,,,osm:gas_ru:w1424451574_1424451578
D3,monitor,Ural,osm,osm:podklyuchenie-ukpg-3-1,Подключение УКПГ-3 1,Подключение УКПГ-3 1,1,2.3,2.3,1,1420 mm,ООО «Газпром добыча Ямбург»,,0.0,P3607,41,,,field/gathering,P0761; P0768; P0774; P0775; P0776,Ural 2km,,,,osm:gas_ru:w1367361453_1367361457
D3,monitor,Ural,osm,osm:podklyuchenie-ukpg-11-1,Подключение УКПГ-11 1,Подключение УКПГ-11 1,2,2.3,2.3,1,,ООО «Газпром добыча Уренгой»,,0.0,P3607,41,,,field/gathering,P3996,Ural 2km,,,,osm:gas_ru:w1364852397_1364852398; osm:gas_ru:w1364852397_1364852399_1364852401
D3,monitor,Ural,osm,osm:otvod-k-grs-sredneuralsk,Отвод к ГРС Среднеуральск,Отвод к ГРС Среднеуральск,1,2.2,2.2,1,529 mm,ООО «Газпром трансгаз Екатеринбург»,,0.0,P4078,62,,,spur (otvod/GRS),P2334,Ural 2km,,,,osm:gas_ru:w232836431_330641303
D3,monitor,Ural,osm,osm:otvod-k-grs-nizhnie-sergi,Отвод к ГРС Нижние Серги,Отвод к ГРС Нижние Серги,2,1.9,1.9,1,219 mm,ООО «Газпром трансгаз Екатеринбург»,,0.0,P4076,61,,,spur (otvod/GRS),P3972,Ural 2km,,,,osm:gas_ru:w1423379848_1423379857; osm:gas_ru:w1423379848_1423379854
D3,monitor,Ural,osm,osm:podklyuchenie-ukpg-6-2,Подключение УКПГ-6 2,Подключение УКПГ-6 2,1,1.8,1.8,1,1420 mm,ООО «Газпром добыча Ямбург»,,0.0,P0752,42,,,field/gathering,P0768,Ural 2km,,,,osm:gas_ru:w1367381552_1367381554
D3,monitor,Ural,osm,osm:podklyuchenie-ukpg-3-2,Подключение УКПГ-3 2,Подключение УКПГ-3 2,1,1.7,1.7,1,1420 mm,ООО «Газпром добыча Ямбург»,,0.0,P0752,42,,,field/gathering,P0768,Ural 2km,,,,osm:gas_ru:w1367361451_1367361458
D3,monitor,Ural,osm,osm:ukpg-4-ukpg-3-1,УКПГ-4 — УКПГ-3 1,УКПГ-4 — УКПГ-3 1,1,1.4,1.4,1,1420 mm,ООО «Газпром добыча Ямбург»,,0.0,P6682,57,,,field/gathering,P2291; P2292; P5770; P5771,Ural 1km,,,,osm:gas_ru:w1367361454_1367361456
D3,monitor,Ural,osm,osm:podklyuchenie-ukpg-9-1,Подключение УКПГ-9 1,Подключение УКПГ-9 1,1,1.3,1.3,1,,ООО «Газпром добыча Уренгой»,,0.0,P3607,41,,,field/gathering,P4143,Ural 1km,,,,osm:gas_ru:w1364852379_1364852380_1364852381_1364852389
D3,monitor,Ural,osm,osm:otvod-k-grs-verkhnii-tagil,Отвод к ГРС Верхний Тагил,Отвод к ГРС Верхний Тагил,2,1.2,1.0,2,820 mm,ООО «Газпром трансгаз Екатеринбург»,,0.0,P4078,60,,,spur (otvod/GRS),P5665,Ural 1km,,,,osm:gas_ru:w1423688510_1423688511; osm:gas_ru:w1423688510_1423688513
D3,monitor,Ural,osm,osm:podklyuchenie-ukpg-10-1,Подключение УКПГ-10 1,Подключение УКПГ-10 1,2,1.2,1.2,1,,ООО «Газпром добыча Уренгой»,,0.0,P3607,41,,,field/gathering,P4143,Ural 1km,,,,osm:gas_ru:w1364852384_1364852386_1364852389; osm:gas_ru:w1364852384_1364852386_1364852390
D3,monitor,Ural,osm,osm:ukpg-5-ks-2,УКПГ-5 — КС 2,УКПГ-5 — КС 2,1,1.1,1.1,1,1420 mm,ООО «Газпром добыча Ямбург»,,0.0,P6682,53,,,field/gathering,P1439,Ural 1km,,,,osm:gas_ru:w1367381547_1367381556
D3,monitor,Ural,osm,osm:ukpg-3-gks-2-3,УКПГ-3 — ГКС-2 3,УКПГ-3 — ГКС-2 3,1,0.9,0.9,1,1420 mm,ООО «Газпром добыча Уренгой»,,0.0,P6682,50,,,field/gathering,P1439,Ural 1km,,,,osm:gas_ru:w1364780190_1364780191_952079295
D3,monitor,Ural,osm,osm:ukpg-5-ks-1,УКПГ-5 — КС 1,УКПГ-5 — КС 1,1,0.8,0.8,1,1420 mm,ООО «Газпром добыча Ямбург»,,0.0,P6682,53,,,field/gathering,P0734; P5521; P6535,Ural 1km,,,,osm:gas_ru:w1367381546_1367381557
D3,monitor,Ural,osm,osm:otvod-k-grs-107-km,Отвод к ГРС 107 км,Отвод к ГРС 107 км,1,0.6,0.6,1,219 mm,ООО «Газпром трансгаз Югорск»,,0.0,P4076,75,,,spur (otvod/GRS),P3972,Ural 1km,,,,osm:gas_ru:w1363352776_1363352777
D3,monitor,Ural,osm,osm:ukpg-7-ukpg-8-1,УКПГ-7 — УКПГ-8 1,УКПГ-7 — УКПГ-8 1,1,0.5,0.5,1,1420 mm,ООО «Газпром добыча Уренгой»,,0.0,P6682,57,,,field/gathering,P0737,Ural 0km,,,,osm:gas_ru:w1364614554_1364852376_1364852377_1364852382
D3,monitor,Ural,osm,osm:otvod-k-grs-verkhnyaya-pyshma,Отвод к ГРС Верхняя Пышма,Отвод к ГРС Верхняя Пышма,1,0.3,0.3,1,325 mm,ООО «Газпром трансгаз Екатеринбург»,,0.0,P4078,61,,,spur (otvod/GRS),P4085,Ural 0km,,,,osm:gas_ru:w1423998306_330403267_330641303
D3,monitor,Ural,osm,osm:otvod-k-grs-kasli-2,Отвод к ГРС Касли-2,Отвод к ГРС Касли-2,1,0.3,0.3,1,273 mm,ООО «Газпром трансгаз Екатеринбург»,,0.0,P4076,73,,,spur (otvod/GRS),P5521,Ural 0km,,,,osm:gas_ru:w1424773210_1424773213
D3,monitor,Ural,osm,osm:otvod-k-grs-nizhnyaya-salda,Отвод к ГРС Нижняя Салда,Отвод к ГРС Нижняя Салда,2,0.2,0.2,1,1020 mm,ООО «Газпром трансгаз Екатеринбург»,,0.0,P4093,62,,,spur (otvod/GRS),P2315,Ural 0km,,,,osm:gas_ru:w1423656136_1423656137_330696508; osm:gas_ru:w1423656148_1423656149_330696508
D3,monitor,Ural,osm,osm:ukpg-3-gks-1-2,"УКПГ-3 — ГКС-1,2","УКПГ-3 — ГКС-1,2",1,0.2,0.2,1,,ООО «Газпром добыча Уренгой»,,0.0,P6682,44,,,field/gathering,P0737; P0738; P2287; P5402; P5403; P5404,Ural 0km,,,,osm:gas_ru:w1364614563_1364754725_1364754726
D3,monitor,Ural,osm,osm:ukpg-6-ukpg-9-3,УКПГ-6 — УКПГ-9 3,УКПГ-6 — УКПГ-9 3,1,0.2,0.2,1,1420 mm,ООО «Газпром добыча Уренгой»,,0.0,P6682,57,,,field/gathering,P2287,Ural 0km,,,,osm:gas_ru:w1364780199_1365985080_1365985081
D3,monitor,Ural,osm,osm:ukpg-3-gks-2-4,УКПГ-3 — ГКС-2 4,УКПГ-3 — ГКС-2 4,1,0.2,0.2,1,1420 mm,ООО «Газпром добыча Уренгой»,,0.0,P6682,44,,,field/gathering,P1439,Ural 0km,,,,osm:gas_ru:w1364780190_1364780191_951880660
D3,monitor,Ural,osm,osm:podklyuchenie-ukpg-1s-2,Подключение УКПГ-1С 2,Подключение УКПГ-1С 2,1,0.2,0.2,1,1420 mm,ООО «Газпром добыча Ямбург»,,0.0,P3607,41,,,field/gathering,P0761; P0768; P0774; P0775; P0776,Ural 0km,,,,osm:gas_ru:w1365698898_1365698901_1365698902
D3,monitor,Ural,osm,osm:otvod-k-grs-achit,Отвод к ГРС Ачит,Отвод к ГРС Ачит,1,0.1,0.1,1,377 mm,ООО «Газпром трансгаз Екатеринбург»,,0.0,P4076,78,,,spur (otvod/GRS),P3894,Ural 0km,,,,osm:gas_ru:w1423404112_1423404113
D3,monitor,Ural,osm,osm:ukpg-3-ukpg-2-3,УКПГ-3 — УКПГ-2 3,УКПГ-3 — УКПГ-2 3,1,0.1,0.1,1,1420 mm,ООО «Газпром добыча Ямбург»,,0.0,P6682,66,,,field/gathering,P0767; P1439; P2707; P7537,Ural 0km,,,,osm:gas_ru:w1367361450_1367361451_1367361452
D3,monitor,Ural,osm,osm:podklyuyuchenie-ukpg-5-2,Подклюючение УКПГ-5 2,Подклюючение УКПГ-5 2,1,0.0,0.0,1,,ООО «Газпром добыча Уренгой»,,0.0,P2364,41,,,field/gathering,P3894,Ural 0km,,,,osm:gas_ru:w1364614555_1364614556_1364614558
D3,seed,Ural,osm,osm:sverdlovsk-nizhnii-tagil,Свердловск — Нижний Тагил,Свердловск — Нижний Тагил,15,496.8,496.8,1,820 mm,ООО «Газпром трансгаз Екатеринбург»,,0.12,P2429,93,name ~ P2429 (93),,trunk/other,P5665,Ural 497km,,,,osm:gas_ru:w1423903209_1423903212_1423903213_1423903227_330641303; osm:gas_ru:w1423903210_1423903211_1423903214_1423903226_330641303; osm:gas_ru:w1423688490_94330154; osm:gas_ru:w1423656136_1423656137_94330154; osm:gas_ru:w113729123_1423688498_94330154 (+10)
D3,seed,Ural,osm,osm:otvod-k-grs-kharp,Отвод к ГРС Харп,Отвод к ГРС Харп,7,399.9,399.9,1,720 mm,ООО «Газпром трансгаз Югорск»,,0.02,P4076,78,,,spur (otvod/GRS),P6694,Ural 400km,,,,osm:gas_ru:w1362363689_1362936708_1362936709_1362936710_1362936711_1362936712_1362936713_1362936714_1362936715_1362936716_1362936717_1362936718_1362936719_1362936720_1362936721_1362936722_1362936723_1362936724_1362936725_1362936726_1362936728_1362936729_1362936730_1362936731_50283011_913621364; osm:gas_ru:w1362936730_50283011; osm:gas_ru:w1362936729_50283011; osm:gas_ru:w1362936728_50283011; osm:gas_ru:w1362936731_50283011 (+2)
D3,seed,Ural,osm,osm:otvod-k-grs-nadym-1,Отвод к ГРС Надым 1,Отвод к ГРС Надым 1,4,244.4,196.0,2,1220 mm; 325 mm,ООО «Газпром трансгаз Югорск»,,0.47,P4076,73,,,spur (otvod/GRS),P2351,Ural 244km,,,,osm:gas_ru:w1363352776_1363352778_913245998_913245999_913246000; osm:gas_ru:w1363352776_1363352777_913245999_913246000; osm:gas_ru:w1363352778_913245999; osm:gas_ru:w1362668019_1363424385_1363424387_1363629440_1365294123_913245998_913513240_913572644
D3,seed,Ural,osm,osm:ukpg-8-ukpg-13-3,УКПГ-8 — УКПГ-13 3,УКПГ-8 — УКПГ-13 3,7,164.9,164.9,1,1420 mm,ООО «Газпром добыча Уренгой»,,0.0,P6682,53,,,field/gathering,P2287,Ural 165km,,,,osm:gas_ru:w1364852401_1364852403_1364852406_1364988708_159284335; osm:gas_ru:w1364852406_1364852408_1364988708_1364988730_1368139642_159284335; osm:gas_ru:w1364780197_1364780198_1364780199_1364780200_1364852406_1364988708_159284335; osm:gas_ru:w1364780199_1364780200_1364852382_159284335; osm:gas_ru:w1364780197_159284335 (+2)
D3,seed,Ural,osm,osm:yarudeiskoe-mestorozhdenie-ks-nadymskaya,Ярудейское месторождение — КС «Надымская»,Ярудейское месторождение — КС «Надымская»,1,149.2,149.2,1,,ООО «Яргео»,,0.06,P6710,53,,,field/gathering,P3364,Ural 149km,,,,osm:gas_ru:w1362958282_1362958283_913246001_913512103
D3,seed,Ural,osm,osm:otvod-k-krasnoufimsku-achitu-i-arti,"Отвод к Красноуфимску, Ачиту и Арти","Отвод к Красноуфимску, Ачиту и Арти",6,125.2,78.8,5,530 mm,ООО «Газпром трансгаз Екатеринбург»,,0.0,P2376,51,,,spur (otvod/GRS),P6696,Ural 125km,,,,osm:gas_ru:w1423379846_1423379866; osm:gas_ru:w1423379846_1423404112_1423404113; osm:gas_ru:w1423379846_1423379864; osm:gas_ru:w1423379846_1423379862; osm:gas_ru:w1423379846_1423379861 (+1)
D3,seed,Ural,osm,osm:yuzhno-russkoe-ngkm-ks-purtazovskaya,Южно-Русское НГКМ — КС «Пуртазовская»,Южно-Русское НГКМ — КС «Пуртазовская»,1,125.0,125.0,1,,ООО «Севернефтегазпром»,,0.0,P3176,57,,,field/gathering,P4078,Ural 125km,,,,osm:gas_ru:w1365592820_1365592822_916533378
D3,seed,Ural,osm,osm:podklyuchenie-yurkharovskogo-mestorozhdeniya,Подключение Юрхаровского месторождения,Подключение Юрхаровского месторождения,3,102.3,102.3,1,1020 mm,ООО «Новатэк-Юрхаровнефтегаз»,,0.0,P3607,47,,,field/gathering,P2429,Ural 102km,,,,osm:gas_ru:w1368139641_1368139643_1368139644_1368139645_1368139646_1368139647_1368139648_1368139649_1368139650_1368139653_1368139654_1368139659_1368139660_581572568_581572570_581572574_581572579_581572584_581610001_581610008; osm:gas_ru:w1368139643_1368139654_1368139655_1368139656_1368139657_1368139658_1368139661_581572573_581572583_581609994_581610007; osm:gas_ru:w1368139651_1368139654_1368139655
D3,seed,Ural,osm,osm:podklyuchenie-samburgskogo-ngkm,Подключение Самбургского НГКМ,Подключение Самбургского НГКМ,4,80.8,80.8,1,,АО «Арктикгаз»,,0.05,P5414,47,,,field/gathering,P3367,Ural 81km,,,,osm:gas_ru:w1366073518_1366217038_1366217041_1366217057_159146945; osm:gas_ru:w1366217038_1366217039_1366217041_159146945; osm:gas_ru:w1366217038_1366217041_159146945; osm:gas_ru:w1366217057_159146945
D3,seed,Ural,osm,osm:otvod-k-grs-verkhnii-ufalei-1,Отвод к ГРС Верхний Уфалей-1,Отвод к ГРС Верхний Уфалей-1,5,79.9,79.9,1,219 mm,ООО «Газпром трансгаз Екатеринбург»,,0.04,P4078,57,,,spur (otvod/GRS),P6690,Ural 80km,,,,osm:gas_ru:w1424247595_1424773211_1424773214_1424773215_1424799044_591868921; osm:gas_ru:w1424773215_591868921; osm:gas_ru:w1424799044_591868921; osm:gas_ru:w1424773214_591868921; osm:gas_ru:w1424773211_591868921
D3,seed,Ural,osm,osm:ukpg-10-ukpg-11-2,УКПГ-10 — УКПГ-11 2,УКПГ-10 — УКПГ-11 2,7,74.1,74.1,1,1420 mm,ООО «Газпром добыча Уренгой»,,0.0,P6682,50,,,field/gathering,P0738,Ural 74km,,,,osm:gas_ru:w1364852397_1364852400_159128912; osm:gas_ru:w1364852394_1364852395_1364852396_159128912; osm:gas_ru:w1364852383_1364852389_1364852391_1364852393_1364852395_1364852399_1364852400_1364852401_1364852403_1364852406_159128912; osm:gas_ru:w1364852379_1364852381_1364852383_1364852384_1364852387_1364852389_159128912; osm:gas_ru:w1364852391_1364852392_1364852393_159128912_159129650 (+2)
D3,seed,Ural,osm,osm:ukpg-10-ukpg-11-1,УКПГ-10 — УКПГ-11 1,УКПГ-10 — УКПГ-11 1,7,70.4,70.4,1,1420 mm,ООО «Газпром добыча Уренгой»,,0.0,P6682,50,,,field/gathering,P0737,Ural 70km,,,,osm:gas_ru:w1364852397_1364852398_1364852399_1364852400_159129650; osm:gas_ru:w1364852394_1364852395_159129650; osm:gas_ru:w1364852395_1364852396_159129650; osm:gas_ru:w1364852385_1364852390_1364852391_1364852392_1364852394_1364852396_1364852397_1364852402_1364852404_1364852405_159129650; osm:gas_ru:w1364852380_1364852382_1364852385_1364852386_1364852388_1364852390_159129650 (+2)
D3,seed,Ural,osm,osm:otvod-k-verkhnei-salde-i-nizhnei-salde,Отвод к Верхней Салде и Нижней Салде,Отвод к Верхней Салде и Нижней Салде,5,67.7,66.9,4,530 mm,ООО «Газпром трансгаз Екатеринбург»,,0.0,P0752,50,,,spur (otvod/GRS),P3972,Ural 68km,,,,osm:gas_ru:w1423656149_1423656150; osm:gas_ru:w1423656149_1423656151; osm:gas_ru:w1423656149_1423656152; osm:gas_ru:w1423656149_1423656153; osm:gas_ru:w1423656149_1423656164_1423656165
D3,seed,Ural,osm,osm:ukpg-13-ukpg-15-1,УКПГ-13 — УКПГ-15 1,УКПГ-13 — УКПГ-15 1,3,65.1,64.6,3,1420 mm,ООО «Газпром добыча Уренгой»,,0.11,P6682,50,,,field/gathering,P0737,Ural 65km,,,,osm:gas_ru:w1364988707_1366524853_1368139641_1368139642_1368139643; osm:gas_ru:w1364988707_1364988730_1364988732; osm:gas_ru:w1364988707_1364988730_1364988731
D3,seed,Ural,osm,osm:otvod-k-grs-sukhoi-log,Отвод к ГРС Сухой Лог,Отвод к ГРС Сухой Лог,8,62.7,32.8,8,530 mm,ООО «Газпром трансгаз Екатеринбург»,,0.0,P4076,66,,,spur (otvod/GRS),P6695,Ural 63km,,,,osm:gas_ru:w1424432786_805938560; osm:gas_ru:w1424432783_805938560; osm:gas_ru:w1424432784_805938560; osm:gas_ru:w1424451572_1424451574_805938560; osm:gas_ru:w1424432782_805938560 (+3)
D3,seed,Ural,osm,osm:otvod-k-grs-asbest-1,Отвод к ГРС Асбест-1,Отвод к ГРС Асбест-1,1,60.5,60.5,1,530 mm,ООО «Газпром трансгаз Екатеринбург»,,0.0,P4076,70,,,spur (otvod/GRS),P2336,Ural 60km,,,,osm:gas_ru:w1424451572_1424451574_1424451578
D3,seed,Ural,osm,osm:urengoi-tsentr-2,Уренгой — Центр 2,Уренгой — Центр 2,1,59.2,59.2,1,1420 mm,ООО «Газпром трансгаз Югорск»,,0.05,P3507,93,name ~ P3507 (93),,trunk/other,P6540,Ural 59km,,,,osm:gas_ru:w1370104460_1370104461_1370104468_310050005
D3,seed,Ural,osm,osm:sverdlovsk-sysert,Свердловск — Сысерть,Свердловск — Сысерть,9,55.2,45.1,9,1020 mm,ООО «Газпром трансгаз Екатеринбург»,,0.0,P2289,74,,,trunk/other,P2358,Ural 55km,,,,osm:gas_ru:w1424576855_1424576856_232821036_330617337; osm:gas_ru:w1424247591_1424247592_232821036; osm:gas_ru:w1424247625_232821036; osm:gas_ru:w1424247593_1424247594_232821036_232823385_330617337; osm:gas_ru:w1424576844_1424576845_232821036 (+4)
D3,seed,Ural,osm,osm:ukpg-12-ukpg-13-1,УКПГ-12 — УКПГ-13 1,УКПГ-12 — УКПГ-13 1,1,55.1,55.1,1,1420 mm,ООО «Газпром добыча Уренгой»,,0.0,P6682,50,,,field/gathering,P0737,Ural 55km,,,,osm:gas_ru:w1364852405_1364852407_1364988707_1364988731_1364988732_1368139641
D3,seed,Ural,osm,osm:podklyuchenie-ukpg-2,Подключение УКПГ-2,Подключение УКПГ-2,2,51.3,51.3,1,,ООО «Газпром добыча Ямбург»,,0.04,P0752,44,,,field/gathering,P3894; P3895,Ural 51km,,,,osm:gas_ru:w1367361462_1368430606; osm:gas_ru:w1367361462_1368430605
D3,seed,Ural,osm,osm:urengoi-nadym-2,Уренгой — Надым 2,Уренгой — Надым 2,2,49.5,45.2,2,1420 mm,ООО «Газпром трансгаз Югорск»,,0.14,P2440,75,,,trunk/other,P4148,Ural 49km,,,,osm:gas_ru:w1363908748_1363908749_1363908750_1363908751_310061168; osm:gas_ru:w1363673619_1363673623_1363673624_1364478617_1364478619_1364478621_310061168
D3,seed,Ural,osm,osm:yamburg-elets-1,Ямбург — Елец 1,Ямбург — Елец 1,1,48.0,48.0,1,1420 mm,ООО «Газпром трансгаз Югорск»,,0.12,P3500,89,name ~ P3500 (89),,trunk/other,P3506,Ural 48km,,,,osm:gas_ru:w1366524853_1366553970_1366553971_1366553972
D3,seed,Ural,osm,osm:peremychka-no1-2,Перемычка №1 2,Перемычка №1 2,2,46.4,46.4,1,,ООО «Газпром добыча Уренгой»,,0.25,P0752,55,,,trunk/other,P3894; P3895,Ural 46km,,,,osm:gas_ru:w1328423182_1328423183_1364780190_1364780193_1365333212_159284388_947000231_952079295_996363195; osm:gas_ru:w1364780193_1364780195_1364780199_159284388_952079295
D3,seed,Ural,osm,osm:podklyuchenie-zapadno-yaro-yakhinskogo-mestorozhdeniya,Подключение Западно-Яро-Яхинского месторождения,Подключение Западно-Яро-Яхинского месторождения,1,41.9,41.9,1,,ООО «Новатэк-Юрхаровнефтегаз»,,0.03,P6710,53,,,field/gathering,P4149,Ural 42km,,,,osm:gas_ru:w1365333221_1365407263_1365407280_991944388
D3,seed,Ural,osm,osm:otvod-k-grs-pervouralsku-i-revde-2,Отвод к ГРС Первоуральску и Ревде 2,Отвод к ГРС Первоуральску и Ревде 2,3,30.5,30.4,2,530 mm,ООО «Газпром трансгаз Екатеринбург»,,0.0,P4078,59,,,spur (otvod/GRS),P6674,Ural 30km,,,,osm:gas_ru:w1423903209_1423903211_1423903212_1423903213_1423903214_1423903216_1423903217_1423903218; osm:gas_ru:w1423903209_1423903212_1423903214; osm:gas_ru:w1423903209_1423903226_1423903227
D3,seed,Ural,osm,osm:peremychka-no1-1,Перемычка №1 1,Перемычка №1 1,2,29.2,29.2,1,,ООО «Газпром добыча Уренгой»,,0.0,P0752,48,,,trunk/other,P3996; P3997,Ural 29km,,,,osm:gas_ru:w1364780192_159284424_263345423_951880660; osm:gas_ru:w1364780192_1364780194_1364780196_159284424_951880660
D3,seed,Ural,osm,osm:otvod-k-grs-kytlym,Отвод к ГРС Кытлым,Отвод к ГРС Кытлым,1,28.5,28.5,1,,,,0.19,P4076,75,,,spur (otvod/GRS),P4156,Ural 28km,,,,osm:gas_ru:w1414168041_1414168042_820344236
D3,seed,Ural,osm,osm:ukpg-5-ukpg-6-2,УКПГ-5 — УКПГ-6 2,УКПГ-5 — УКПГ-6 2,5,27.9,27.9,1,1420 mm,ООО «Газпром добыча Уренгой»,,0.0,P6682,57,,,field/gathering,P0734; P5521; P6535,Ural 28km,,,,osm:gas_ru:w1168496626_1364614552_1364614553_1364614560_1364614562; osm:gas_ru:w1168496626_1364614552_1364614560; osm:gas_ru:w1168496626_1364614550_1364614552_1364614555_1364614560_1364780194; osm:gas_ru:w1168496626_1364614550_1364614555_1364614558; osm:gas_ru:w1168496626_1364780192_1364780194_1364780196
D3,seed,Ural,osm,osm:ukpg-5-ukpg-6-1,УКПГ-5 — УКПГ-6 1,УКПГ-5 — УКПГ-6 1,5,27.5,27.5,1,1420 mm,ООО «Газпром добыча Уренгой»,,0.0,P6682,57,,,field/gathering,P0737,Ural 28km,,,,osm:gas_ru:w1168496627_1364614551_1364614554_1364614559_1364614561; osm:gas_ru:w1168496627_1364614551_1364614559_1365984990; osm:gas_ru:w1168496627_1364614549_1364614551_1364614556_1364614559_1364780195; osm:gas_ru:w1168496627_1364614549_1364614556_1364614558; osm:gas_ru:w1168496627_1364780193_1364780195_1364780199
D3,seed,Ural,osm,osm:otvod-k-grs-kamensk-uralskii,Отвод к ГРС Каменск-Уральский,Отвод к ГРС Каменск-Уральский,4,27.3,18.0,4,720 mm,ООО «Газпром трансгаз Екатеринбург»,,0.0,P4076,57,,,spur (otvod/GRS),P5510,Ural 27km,,,,osm:gas_ru:w1424247595_1424635432_1424635433_376807696; osm:gas_ru:w1424635441_376807696; osm:gas_ru:w1424635435_376807696; osm:gas_ru:w1424635434_376807696
D3,seed,Ural,osm,osm:gazoprovod-promyslovyi-dns-bittemskogo-m-r-dns-zapadno-kamyn,Газопровод промысловый «ДНС Биттемского м/р – ДНС Западно-Камынского м/р»,Газопровод промысловый «ДНС Биттемского м/р – ДНС Западно-Камынского м/р»,1,26.9,26.9,1,,УВСИНГ ОАО «Сургутнефтегаз»,,0.0,P0768,68,,,trunk/other,P3998,Ural 27km,,,,osm:gas_ru:w595592496
D3,seed,Ural,osm,osm:ukpg-3v-ukpg-1v-1,УКПГ-3В — УКПГ-1В 1,УКПГ-3В — УКПГ-1В 1,2,26.3,26.3,1,,ООО «Газпром добыча Ямбург»,,0.0,P6682,50,,,field/gathering,P4109,Ural 26km,,,,osm:gas_ru:w1368430614; osm:gas_ru:w1368430613
D3,seed,Ural,osm,osm:ukpg-3-ukpg-6-4,УКПГ-3 — УКПГ-6 4,УКПГ-3 — УКПГ-6 4,1,25.1,25.1,1,1420 mm,ООО «Газпром добыча Уренгой»,,0.0,P6682,57,,,field/gathering,P7546,Ural 25km,,,,osm:gas_ru:w1364780192_1364780194_1364780196_1364780201_1364852381_1365985080
D3,seed_length_unknown,Ural,store,store:r4b-nizhnyaya-tura-perm-iii,"Nizhnyaya Tura-Perm III Gas Pipeline (third string, 1979)",Нижняя Тура-Перм III,0,,,0,,,1979,,,0,,,trunk/other,P2351; P5712,,"Untracked third parallel string on the Nizhnyaya Tura-Perm corridor (GEM has I and II). Start Sverdlovsk, end Perm Krai — state audit puts the family in Ural (D3). Length not stated in the store; the corridor strings are ~300 km.",deepsweep-r4b-urals-south P2351 cross_row_leads (NEW-Nizhnyaya-Tura-Perm-III): ural-kraeved.ru/ntlpu-history.html + ru.wikipedia 'three strings' statement; 3rd lead (Transgaz 2025 newsletter) unfetched,,
D4,matched_existing,Northwestern,osm,osm:serpukhov-leningrad,Серпухов — Ленинград,Серпухов — Ленинград,1,65.4,65.4,1,720 mm,ООО «Газпром трансгаз Санкт-Петербург»,,0.03,P1456,100,name ~ P1456 (100),name,trunk/other,P6684,Northwestern 48km; Central 17km,,,,osm:gas_ru:w115987772_1303074381_1303074384_312571599_805161783_805161784_805161789_805161791
D4,matched_existing,Northwestern,osm,osm:valdai-pskov-riga,Валдай-Псков-Рига,Валдай — Псков — Рига; Валдай-Псков-Рига,8,63.7,23.6,7,1020; 1020 mm,ООО «Газпром трансгаз Санкт-Петербург»,,0.11,P2447,100,name ~ P2447 (100),name,trunk/other,P5686,Northwestern 62km; OUTSIDE 2km,,,,osm:gas_ru:w1019187091_595876580_804949055_804949056; osm:gas_ru:w278034300_593888158_595876580; osm:gas_ru:w595876580_804949069; osm:gas_ru:w278034300_804949073; osm:gas_ru:w278034300_804949080 (+3)
D4,matched_existing,Northwestern,osm,osm:otvod-k-grs-kirishi,Отвод к ГРС Кириши,Отвод к ГРС Кириши,1,37.4,37.4,1,720 mm,ООО «Газпром трансгаз Санкт-Петербург»,,0.76,P4076,73,,geometry,spur (otvod/GRS),P6675,Northwestern 37km,,,,osm:gas_ru:w1292149066_229800632_377314744
D4,matched_existing,Northwestern,osm,osm:gryazovets-leningrad-2,Грязовец — Ленинград 2,Грязовец — Ленинград 2,12,37.0,22.9,10,1220 mm,ООО «Газпром трансгаз Санкт-Петербург»; ООО «Газпром трансгаз Ухта»,,0.62,P5534,100,name ~ P5534 (100),geometry,trunk/other,P5656,Northwestern 37km,,,,osm:gas_ru:w1292149073_1292149075_377314744; osm:gas_ru:w1292149073_1292149074_377314744; osm:gas_ru:w377314744_744184112; osm:gas_ru:w1292149066_377314744_744432687; osm:gas_ru:w1291834073_1291834074_1291834075 (+7)
D4,matched_existing,Northwestern,osm,osm:otvod-k-grs-priozersk,Отвод к ГРС Приозерск,Отвод к ГРС Приозерск; Отвод к ГРС Приозёрск,4,27.6,22.8,4,325 mm,ООО «Газпром трансгаз Санкт-Петербург»,,0.0,P4092,95,name ~ P4092 (95),name,spur (otvod/GRS),P6674,Northwestern 28km,,,,osm:gas_ru:w718838958_747093539; osm:gas_ru:w1293471393_1293471394_1293471395_504441074_718838958; osm:gas_ru:w1293471401_504441074; osm:gas_ru:w504441074_853269358
D4,matched_existing,Northwestern,osm,osm:otvod-k-grs-akron,Отвод к ГРС Акрон,Отвод к ГРС Акрон,2,16.9,16.9,1,325 mm,ООО «Газпром трансгаз Санкт-Петербург»,,0.83,P4076,78,,geometry,spur (otvod/GRS),P7559; P7560,Northwestern 17km,,,,osm:gas_ru:w1301306105_1301306106_1301306116_803484964; osm:gas_ru:w1301306116_1301306117_803484964
D4,matched_existing,Northwestern,osm,osm:gryazovets-vyborg-1,Грязовец — Выборг 1,Грязовец — Выборг 1,1,6.8,6.8,1,1420 mm,ООО «Газпром трансгаз Санкт-Петербург»,,0.37,P0746,100,name ~ P0746 (100),name+geometry,trunk/other,P0767; P1439; P2707; P7537,Northwestern 4km; OUTSIDE 3km,,,,osm:gas_ru:w1284953128_1295778614_1295778617_1295778618_1295778619_1295778620_1295778655_528468876_742661657
D4,matched_existing,Northwestern,osm,osm:otvod-k-grs-dalnyaya-polyana,Отвод к ГРС Дальняя Поляна,Отвод к ГРС Дальняя Поляна,1,5.6,5.6,1,159 mm,ООО «Газпром трансгаз Санкт-Петербург»,,0.86,P4078,58,,geometry,spur (otvod/GRS),P4143,Northwestern 6km,,,,osm:gas_ru:w1292149066_744432690
D4,matched_existing,Northwestern,osm,osm:belousovo-leningrad,Белоусово — Ленинград,Белоусово — Ленинград,8,4.5,1.3,8,1020 mm,ООО «Газпром трансгаз Санкт-Петербург»,,0.74,P2285,100,name ~ P2285 (100),geometry,trunk/other,P4076; P4077; P4078; P4210; P5534; P5535; P6635,Northwestern 3km; Central 1km,,,,osm:gas_ru:w330728585_80300796_808168339; osm:gas_ru:w1296691982_330728585_80300796; osm:gas_ru:w1296691980_330728585_80300796; osm:gas_ru:w1296691981_330728585_80300796; osm:gas_ru:w1296691979_80300796_803891822 (+3)
D4,matched_existing,Northwestern,osm,osm:kokhtla-yarve-leningrad-1,Кохтла-Ярве — Ленинград 1,Кохтла-Ярве — Ленинград 1,10,3.4,1.3,10,530 mm,ООО «Газпром трансгаз Санкт-Петербург»,,1.0,P2326,95,name ~ P2326 (95),geometry,trunk/other,P6682,Northwestern 3km,,,,osm:gas_ru:w1297168215_1297381243_744184127; osm:gas_ru:w1297168214_744184127; osm:gas_ru:w1297168215_744184127_856143074; osm:gas_ru:w1297168215_1297381247_744184127; osm:gas_ru:w1297168215_744184127_744716077 (+5)
D4,matched_existing,Northwestern,osm,osm:otvod-k-grs-novgorod-2,Отвод к ГРС Новгород-2,Отвод к ГРС Новгород-2,4,2.9,2.6,2,325 mm,ООО «Газпром трансгаз Санкт-Петербург»,,1.0,P4076,66,,geometry,spur (otvod/GRS),P2322,Northwestern 3km,,,,osm:gas_ru:w1301751150_1301751155; osm:gas_ru:w1301751150_1301751170; osm:gas_ru:w1301751150_1301751172; osm:gas_ru:w1301751150_1301751173
D4,matched_existing,Northwestern,osm,osm:otvod-k-grs-fosforit-2,Отвод к ГРС Фосфорит-2,Отвод к ГРС Фосфорит-2,2,1.6,1.6,1,530 mm,ООО «Газпром трансгаз Санкт-Петербург»,,1.0,P4076,66,,geometry,spur (otvod/GRS),P3364,Northwestern 2km,,,,osm:gas_ru:w1297381240_1297381241_1297381242_744184129#52cddf; osm:gas_ru:w1297381240_1297381241_1297381242_744184129#b8dfa8
D4,matched_existing,Northwestern,osm,osm:gryazovets-vyborg-2,Грязовец — Выборг 2,Грязовец — Выборг 2,2,0.7,0.6,2,1420 mm,ООО «Газпром трансгаз Санкт-Петербург»,,1.0,P0746,100,name ~ P0746 (100),geometry,trunk/other,P0767; P1439; P2707; P7537,Northwestern 1km,,,,osm:gas_ru:w1284953128_172977239_742661657; osm:gas_ru:w1284953127_172977239_528468876
D4,matched_existing,Northwestern,osm,osm:kokhtla-yarve-leningrad-2,Кохтла-Ярве — Ленинград 2,Кохтла-Ярве — Ленинград 2,2,0.6,0.4,2,530 mm,ООО «Газпром трансгаз Санкт-Петербург»,,1.0,P2326,95,name ~ P2326 (95),geometry,trunk/other,P6682,Northwestern 1km,,,,osm:gas_ru:w1297168215_1297168216; osm:gas_ru:w1297168215_1297465742
D4,matched_existing,Northwestern,osm,osm:minsk-kaliningrad,Минск - Калининград,Минск - Калининград,1,0.2,0.2,1,700,Gazprom,,1.0,P0750,100,name ~ P0750 (100),geometry,trunk/other,P5717,Northwestern 0km,,,,osm:gas_ru:w1241677477_1241677478_323611388
D4,matched_existing,Northwestern,osm,osm:yam-izhora-shosseinaya-luping-1,Ям-Ижора — Шоссейная (лупинг 1),Ям-Ижора — Шоссейная (лупинг 1),1,0.2,0.2,1,530 mm,ООО «Газпром трансгаз Санкт-Петербург»,,1.0,P4076,47,,geometry,trunk/other,P6682,Northwestern 0km,,,,osm:gas_ru:w1296429902_1296429903_807578324
D4,monitor,Northwestern,osm,osm:mikun-syktyvkar,Микунь — Сыктывкар,Микунь — Сыктывкар,1,20.9,20.9,1,,ООО «Газпром трансгаз Ухта»,,0.14,P3990,75,,,trunk/other,P3990,Northwestern 21km,,,,osm:gas_ru:w1250546521_1250546533
D4,monitor,Northwestern,osm,osm:otvod-k-grs-severodvinsk,Отвод к ГРС Северодвинск,Отвод к ГРС Северодвинск,3,17.0,15.8,2,,ООО «Газпром трансгаз Ухта»,,0.0,P4076,62,,,spur (otvod/GRS),P6674,Northwestern 17km,,,,osm:gas_ru:w333270483_333273718_333273720#e5e450; osm:gas_ru:w333270483_333273718_333273720#36dcb6; osm:gas_ru:w1257893222_333270483
D4,monitor,Northwestern,osm,osm:otvod-k-grs-ermolino,Отвод к ГРС Ермолино,Отвод к ГРС Ермолино,1,16.4,16.4,1,219 mm,ООО «Газпром трансгаз Санкт-Петербург»,,0.11,P4076,70,,,spur (otvod/GRS),P4056,Northwestern 16km,,,,osm:gas_ru:w217922599_409531031
D4,monitor,Northwestern,osm,osm:otvod-k-grs-boksitogorsk,Отвод к ГРС Бокситогорск,Отвод к ГРС Бокситогорск,1,15.5,15.5,1,426 mm,ООО «Газпром трансгаз Санкт-Петербург»,,0.41,P4076,62,,,spur (otvod/GRS),P6675,Northwestern 16km,,,,osm:gas_ru:w1291834072_1291834073_745133227_745133228
D4,monitor,Northwestern,osm,osm:gazoprovod-vysokogo-davleniya-k-poselkam-zelenoe-turgenevo-s,"Газопровод высокого давления к поселкам Зеленое, Тургенево, Славянское Полесского района с установкой ШРП","Газопровод высокого давления к поселкам Зеленое, Тургенево, Славянское Полесского района с установкой ШРП",1,14.2,14.2,1,,,,0.0,P0768,68,,,distribution,P4150,Northwestern 14km,,,,osm:gas_ru:w1471633254_1471633255_1471633256_1471633277_1471633278
D4,monitor,Northwestern,osm,osm:otvod-k-grs-volosovo,Отвод к ГРС Волосово,Отвод к ГРС Волосово,2,13.4,13.4,1,325 mm,ООО «Газпром трансгаз Санкт-Петербург»,,0.11,P4076,70,,,spur (otvod/GRS),P2388,Northwestern 13km,,,,osm:gas_ru:w1297168215_744184126_744184127_744432680; osm:gas_ru:w744184126_744432680
D4,monitor,Northwestern,osm,osm:otvod-k-grs-dutovo,Отвод к ГРС Дутово,Отвод к ГРС Дутово,1,12.3,12.3,1,,ООО «Газпром трансгаз Ухта»,,0.13,P4076,75,,,spur (otvod/GRS),P4063,Northwestern 12km,,,,osm:gas_ru:w1265219470_77411265
D4,monitor,Northwestern,osm,osm:otvod-k-grs-novodvinsk,Отвод к ГРС Новодвинск,Отвод к ГРС Новодвинск,1,8.9,8.9,1,,ООО «Газпром трансгаз Ухта»,,0.0,P4076,66,,,spur (otvod/GRS),P3367,Northwestern 9km,,,,osm:gas_ru:w333270482_333270483
D4,monitor,Northwestern,osm,osm:otvod-k-grs-sestroretsk,Отвод к ГРС Сестрорецк,Отвод к ГРС Сестрорецк,1,7.4,7.4,1,325 mm,ООО «Газпром трансгаз Санкт-Петербург»,,0.28,P4076,64,,,spur (otvod/GRS),P3980,Northwestern 7km,,,,osm:gas_ru:w123154192_54653788_744184096
D4,monitor,Northwestern,osm,osm:kipen-gatchina,Кипень — Гатчина,Кипень — Гатчина,2,6.0,3.1,2,720 mm,ООО «Газпром трансгаз Санкт-Петербург»,,0.0,P0756,54,,,trunk/other,P6683,Northwestern 6km,,,,osm:gas_ru:w1299708318_744432698; osm:gas_ru:w744432698_744432699
D4,monitor,Northwestern,osm,osm:gazoprovod-vysokogo-davleniya-v-p-zelenoe-ot-agrs-do-g-poles,Газопровод высокого давления в п. Зеленое от АГРС до г. Полесска (1 этап),Газопровод высокого давления в п. Зеленое от АГРС до г. Полесска (1 этап),1,5.4,5.4,1,,,,0.0,P0768,68,,,spur (otvod/GRS),P0737; P0738; P2287; P5402; P5403; P5404,Northwestern 5km,,,,osm:gas_ru:w1471633258
D4,monitor,Northwestern,osm,osm:otvod-ot-nevskogo-pkhg,Отвод от Невского ПХГ,Отвод от Невского ПХГ,1,3.1,3.1,1,530 mm,,,0.0,P0737,53,,,spur (otvod/GRS),P6696,Northwestern 3km,,,,osm:gas_ru:w671752224_745401035_803891776
D4,monitor,Northwestern,osm,osm:otvod-k-kompleksu-spg-kriogaz-vysotsk,Отвод к комплексу СПГ «Криогаз-Высоцк»,Отвод к комплексу СПГ «Криогаз-Высоцк»,3,2.6,1.7,2,720 mm,ООО «Газпром трансгаз Санкт-Петербург»,,0.0,P4078,53,,,spur (otvod/GRS),P6684,OUTSIDE 1km; Northwestern 1km,,,,osm:gas_ru:w1116853993_1293164362; osm:gas_ru:w1116853993_1293164361; osm:gas_ru:w1116853993_1293164360
D4,monitor,Northwestern,osm,osm:otvod-k-grs-kadui,Отвод к ГРС Кадуй,Отвод к ГРС Кадуй,1,1.9,1.9,1,530 mm,ООО «Газпром трансгаз Ухта»,,0.0,P4076,78,,,spur (otvod/GRS),P2334,Northwestern 2km,,,,osm:gas_ru:w1283320820_1283320822
D4,monitor,Northwestern,osm,osm:gazoprovod-otvod-agrs-k-g-g-polessk-gvardeisk-kaliningradsko,"Газопровод-отвод, АГРС к г.г.Полесск, Гвардейск Калининградской области и инженерные коммуникации","Газопровод-отвод, АГРС к г.г.Полесск, Гвардейск Калининградской области и инженерные коммуникации",1,1.8,1.8,1,,,,0.0,P4210,76,,,spur (otvod/GRS),P2320,Northwestern 2km,,,,osm:gas_ru:w1471633276
D4,monitor,Northwestern,osm,osm:kipen-petrodvorets,Кипень — Петродворец,Кипень — Петродворец,1,1.2,1.2,1,720 mm,ООО «Газпром трансгаз Санкт-Петербург»,,0.0,P1466,56,,,trunk/other,P2310,Northwestern 1km,,,,osm:gas_ru:w742661647_744184119
D4,monitor,Northwestern,osm,osm:otvod-k-grs-svetogorsk,Отвод к ГРС Светогорск,Отвод к ГРС Светогорск,1,0.6,0.6,1,426 mm,ООО «Газпром трансгаз Санкт-Петербург»,,0.0,P4076,66,,,spur (otvod/GRS),P6675,Northwestern 1km,,,,osm:gas_ru:w1293111791_744184094
D4,monitor,Northwestern,osm,osm:otvod-k-grs-borovichi-1,Отвод к ГРС Боровичи 1,Отвод к ГРС Боровичи 1,1,0.5,0.5,1,273 mm,ООО «Газпром трансгаз Санкт-Петербург»,,0.0,P4077,69,,,spur (otvod/GRS),P3368,Northwestern 0km,,,,osm:gas_ru:w1303074381_1303074382_805161789
D4,monitor,Northwestern,osm,osm:otvod-k-grs-novosele,Отвод к ГРС Новоселье,Отвод к ГРС Новоселье,1,0.4,0.4,1,377 mm,ООО «Газпром трансгаз Санкт-Петербург»,,0.0,P4076,70,,,spur (otvod/GRS),P2390,Northwestern 0km,,,,osm:gas_ru:w1299708323_355572124
D4,monitor,Northwestern,osm,osm:krutyanskaya-voivozh,Крутянская - Войвож,Крутянская - Войвож,1,0.4,0.4,1,,"Филиал АО ""Газпром газораспределение Сыктывкар"" в г. Ухта",,0.0,P2296,55,,,trunk/other,P3176,Northwestern 0km,,,,osm:gas_ru:w217017434
D4,monitor,Northwestern,osm,osm:otvod-k-grs-krasnyi-farforist,Отвод к ГРС Красный Фарфорист,Отвод к ГРС Красный Фарфорист,1,0.2,0.2,1,159 mm,ООО «Газпром трансгаз Санкт-Петербург»,,0.0,P4076,63,,,spur (otvod/GRS),P3972,Northwestern 0km,,,,osm:gas_ru:w1296429905_745401027
D4,monitor,Northwestern,osm,osm:otvod-k-grs-sokol,Отвод к ГРС Сокол,Отвод к ГРС Сокол,2,0.2,0.1,2,530 mm,ООО «Газпром трансгаз Ухта»,,0.0,P4083,93,name ~ P4083 (93),,spur (otvod/GRS),P1465,Northwestern 0km,,,,osm:gas_ru:w1282547056_1282547059; osm:gas_ru:w1282547056_1282547058
D4,seed,Northwestern,osm,osm:nyuksenitsa-arkhangelsk,Нюксеница — Архангельск,Нюксеница — Архангельск,9,331.5,160.0,5,720 mm,ООО «Газпром трансгаз Ухта»,,0.01,P2288,51,,,trunk/other,P5510,Northwestern 331km,,,,osm:gas_ru:w1257852427_1257852429_1257852432_333255896_333255905; osm:gas_ru:w1257893222_333255923_333270482_333270483_333273718_333273720; osm:gas_ru:w1257893218_1257893219_333255923_333266975; osm:gas_ru:w1257893219_333266975; osm:gas_ru:w1257893218_333255923_333266975 (+4)
D4,seed,Northwestern,osm,osm:leningrad-vyborg-gosgranitsa-1,Ленинград — Выборг — Госграница 1,Ленинград — Выборг — Госграница 1,15,286.3,101.3,13,820 mm,ООО «Газпром трансгаз Санкт-Петербург»,,0.13,P2335,71,,,trunk/other,P2337,Northwestern 283km; OUTSIDE 3km,,,,osm:gas_ru:w1116853993_123154192_1293164360_1293164361_1293164362_1295696189_744184096_798502160; osm:gas_ru:w123154192_181884059_744184096_744184097; osm:gas_ru:w123154192_723496996_744184096; osm:gas_ru:w123154192_1293111791_1293111792_744184094; osm:gas_ru:w123154192_722567147_741282234_743088870_744184096_747093544 (+10)
D4,seed,Northwestern,osm,osm:grs-krutyanskaya-voivozh,ГРС Крутянская — Войвож,ГРС Крутянская — Войвож,3,125.1,125.1,1,,АО «Газпром газораспределение Сыктывкар»,,0.02,P3176,58,,,spur (otvod/GRS),P6675,Northwestern 125km,,,,osm:gas_ru:w1255393875_1255393877_1265219479_225059250_548965987_578554450; osm:gas_ru:w1255393877_1265219476_1265219479_225059250; osm:gas_ru:w1255393877_1265219479_225059250
D4,seed,Northwestern,osm,osm:otvod-k-grs-lomonosov,Отвод к ГРС Ломоносов,Отвод к ГРС Ломоносов,4,65.9,65.9,1,377 mm,ООО «Газпром трансгаз Санкт-Петербург»,,0.07,P4076,68,,,spur (otvod/GRS),P3991,Northwestern 61km; OUTSIDE 5km,,,,osm:gas_ru:w123982649_1299708322_355572124_744184120_810237535_859033040_866264401_866264402_866264403_993786307; osm:gas_ru:w123982649_744184120; osm:gas_ru:w123982649_1299708323_355572124_993786307; osm:gas_ru:w123982649_1299708320_355572124_742661647_744184119_744432698_993786307_993786308
D4,seed,Northwestern,gulfpub,gulfpub:gulfpub:gas:16439,Valday - Borovichi,Valday - Borovichi,1,63.8,63.8,1,11.0,Gazprom,,0.03,P2432,60,,,trunk/other,P6684,Northwestern 47km; Central 17km,,,DISCOVERY_CANDIDATE,gulfpub:gas:16439
D4,seed,Northwestern,osm,osm:otvod-k-grs-borovichi-2,Отвод к ГРС Боровичи 2,Отвод к ГРС Боровичи 2,4,63.6,63.6,1,530 mm,ООО «Газпром трансгаз Санкт-Петербург»,,0.0,P4077,69,,,spur (otvod/GRS),P0750,Northwestern 46km; Central 17km,,,,osm:gas_ru:w1303074381_1303074382_39422726; osm:gas_ru:w1302925011_1303074382_193113494_39422726_805161791; osm:gas_ru:w39422726_805161789_805161791; osm:gas_ru:w1302925011_39422726
D4,seed,Northwestern,osm,osm:otvod-k-grs-okulovka,Отвод к ГРС Окуловка,Отвод к ГРС Окуловка,2,58.2,58.2,1,325 mm,ООО «Газпром трансгаз Санкт-Петербург»,,0.0,P4076,70,,,spur (otvod/GRS),P6674,Northwestern 46km; Central 12km,,,,osm:gas_ru:w137125646_805161784; osm:gas_ru:w137125646_805161783_805161784_805161789
D4,seed,Northwestern,osm,osm:kingisepp-slantsy-2,Кингисепп — Сланцы 2,Кингисепп — Сланцы 2,2,52.8,52.8,1,426 mm,ООО «Газпром трансгаз Санкт-Петербург»,,0.13,P4172,73,,,trunk/other,P4172,Northwestern 53km,,,,osm:gas_ru:w1297168215_1297381237_1297381239_399134087_744184121_744184127; osm:gas_ru:w1297381237_399134087_744184129
D4,seed,Northwestern,osm,osm:otvod-k-grs-malaya-vishera,Отвод к ГРС Малая Вишера,Отвод к ГРС Малая Вишера,2,51.8,51.8,1,219 mm,ООО «Газпром трансгаз Санкт-Петербург»,,0.02,P4078,64,,,spur (otvod/GRS),P6690,Northwestern 52km,,,,osm:gas_ru:w224374543_330728585_46909821; osm:gas_ru:w224374543_46909821
D4,seed,Northwestern,osm,osm:slantsy-kingisepp-1,Сланцы — Кингисепп 1,Сланцы — Кингисепп 1,3,48.2,48.2,1,377 mm,ООО «Газпром трансгаз Санкт-Петербург»,,0.14,P4172,73,,,trunk/other,P4172,Northwestern 48km,,,,osm:gas_ru:w1297168215_1297381236_1297381238_399134083_744184127; osm:gas_ru:w1297381236_1297381239_399134083_399134087; osm:gas_ru:w1297381238_399134083_744184129
D4,seed,Northwestern,osm,osm:otvod-k-grs-sosnovyi-bor,Отвод к ГРС Сосновый Бор,Отвод к ГРС Сосновый Бор,2,44.1,44.1,1,273 mm,ООО «Газпром трансгаз Санкт-Петербург»,,0.04,P4077,76,,,spur (otvod/GRS),P4132,Northwestern 44km,,,,osm:gas_ru:w744184123_744716081; osm:gas_ru:w1297168215_744184122_744184123_744184127_744716081
D4,seed,Northwestern,osm,osm:otvod-k-grs-velikii-ustyug,Отвод к ГРС Великий Устюг,Отвод к ГРС Великий Устюг,2,37.2,37.2,1,,ООО «Газпром трансгаз Ухта»,,0.05,P4076,59,,,spur (otvod/GRS),P4131,Northwestern 37km,,,,osm:gas_ru:w1254675438_1254925227_242924197_304636339_333237391; osm:gas_ru:w242924197_304636339
D4,seed,Northwestern,osm,osm:otvod-na-grs-pskov,Отвод на ГРС Псков,Отвод на ГРС Псков,3,37.1,37.1,1,530,,,0.22,P4171,90,name ~ P4171 (90),,spur (otvod/GRS),P2334; P3361; P3364; P3365; P6691; P6694; P6695; P6696,Northwestern 37km,,,,osm:gas_ru:w117560193_806196049; osm:gas_ru:w117560193_278034300_804949074_806196049; osm:gas_ru:w117560193_804949074
D4,seed,Northwestern,osm,osm:otvod-k-severo-zapadnoi-tets,Отвод к Северо-Западной ТЭЦ,Отвод к Северо-Западной ТЭЦ,3,35.8,35.8,1,,,,0.0,P4210,56,,,spur (otvod/GRS),P3895,Northwestern 36km,,,,osm:gas_ru:w1292896310_1292896311_8080396; osm:gas_ru:w1292896309_1292896310_1292896311_8080396; osm:gas_ru:w123154186_1292896309_1292896310_1292896311_8080396
D4,seed,Northwestern,osm,osm:mezhposelkovye-gazoprovody-k-g-polessku-g-gvardeisku-kalinin,"Межпоселковые газопроводы к г. Полесску, г. Гвардейску Калининградской области от АГРС п. Зеленое. Газопровод высокого давления PN 0,8 МПа от п. Славинск до г. Гвардейска. III этап","Межпоселковые газопроводы к г. Полесску, г. Гвардейску Калининградской области от АГРС п. Зеленое. Газопровод высокого давления PN 0,8 МПа от п. Славинск до г. Гвардейска. III этап",3,35.2,35.2,1,,,,0.39,P4146,70,,,distribution,P5543,Northwestern 35km,,,,osm:gas_ru:w1471633259_1471633270_1471633273_1471633280; osm:gas_ru:w1471633259_1471633273_1471633280#eb3c3c; osm:gas_ru:w1471633259_1471633273_1471633280#2c1d9d
D4,seed,Northwestern,osm,osm:yam-izhora-gatchina,Ям-Ижора — Гатчина,Ям-Ижора — Гатчина,4,31.5,22.2,4,720 mm,ООО «Газпром трансгаз Санкт-Петербург»,,0.04,P5410,52,,,trunk/other,P6683,Northwestern 32km,,,,osm:gas_ru:w103575047_1299708315_1299708318_738621235_742661647_744432698_744432699; osm:gas_ru:w103575047_1299708325; osm:gas_ru:w103575047_744432696; osm:gas_ru:w103575047_1299708326
D4,seed,Northwestern,osm,osm:otvod-k-poselku-kamenka,Отвод к посёлку Каменка,Отвод к посёлку Каменка,1,27.5,27.5,1,,,,0.0,P2346,51,,,distribution,P4056,Northwestern 26km; OUTSIDE 1km,,,,osm:gas_ru:w193172753_741282234_743088870
D4,seed_length_unknown,Northwestern,store,store:r3-gryazovets-vyborg-loops,Gryazovets-Vyborg loops on the Gryazovets-Volkhov section (2017 NS2-capacity project),Грязовец — Выборг (лупинги),0,,,0,,,,,,0,,,trunk/other,P2313,,"R3 asked whether the tracker has a separate row for the 2017 'Gryazovets-Vyborg loops on Gryazovets-Volkhov' object. Announced 2017, so outside the 3-year window unless built; length unknown.",deepsweep-r3-nw-indev P2313 validity recommendation,,
D5,matched_existing,Central,osm,osm:kgmo-2,КГМО 2,КГМО 2,33,830.9,830.9,1,1220 mm,ООО «Газпром трансгаз Москва»,,0.1,P2312,100,name ~ P2312 (100),name,trunk/other,P5590,Central 831km,,,,osm:gas_ru:w1005971361_120434723_1268787713_1269099297_199891856; osm:gas_ru:w120434723_1268787713_1269099296; osm:gas_ru:w1270240876_1270363550_1270363551_975814628; osm:gas_ru:w120434723_1268787713_1269127245; osm:gas_ru:w1270240876_1270363547_975814628 (+25)
D5,matched_existing,Central,osm,osm:otvod-k-grs-konakovo,Отвод к ГРС Конаково,Отвод к ГРС Конаково,13,655.2,655.2,1,1020 mm,ООО «Газпром трансгаз Москва»; ООО «Газпром трансгаз Санкт-Петербург»,,0.62,P4076,70,,geometry,spur (otvod/GRS),P5534,Central 636km; Northwestern 19km,,,,osm:gas_ru:w1055409367_118725434_1257788555_1259487159_1259688318_1259730432_1259730434_1259751616_1262197461_1262197462_1262277902_1282525728_51442108; osm:gas_ru:w120395080_320018938; osm:gas_ru:w1262197468_1262277902_51442108; osm:gas_ru:w1262197468_51442108; osm:gas_ru:w120395080_1269099280_1269099281 (+8)
D5,matched_existing,Central,osm,osm:peremychka,перемычка,перемычка,7,321.1,249.1,6,1420 mm; 820 mm,ООО «Газпром трансгаз Екатеринбург»; ООО «Газпром трансгаз Санкт-Петербург»; ООО «Газпром трансгаз Чайковский»,,0.69,P0769,45,,geometry,trunk/other,P2351,Central 249km; Ural 48km; Volga 24km,,,,osm:gas_ru:w1261947211_1303364953_1303364954_290078103_310273992_310276584_310279241_310281367_310281369_665446229; osm:gas_ru:w1413517517_1418937570_312279420; osm:gas_ru:w1377288686_1377288687_312282296_312282297; osm:gas_ru:w232836428_239920072_330641303; osm:gas_ru:w1424247593_1424247594_232823385#e6eae8 (+2)
D5,matched_existing,Central,osm,osm:yamburg-tula,Ямбург — Тула,Ямбург — Тула,2,289.0,289.0,1,,Газпром,,0.22,P2450,100,name ~ P2450 (100),name,trunk/other,P2450,Central 289km,,,,osm:gas_ru:w305776641_305776642_672497606; osm:gas_ru:w305776642_672497606
D5,matched_existing,Central,osm,osm:kgmo-1,КГМО 1,КГМО 1,26,261.0,60.4,24,820 mm,ООО «Газпром трансгаз Москва»,,0.04,P2380,100,name ~ P2380 (100),name,trunk/other,P5665,Central 261km,,,,osm:gas_ru:w1270240876_1270363544_1270363545_1270363546; osm:gas_ru:w1270240876_1270363542; osm:gas_ru:w1268787713_1269127246_1269127247; osm:gas_ru:w1268787713_1269099300; osm:gas_ru:w1270240876_1270363540 (+21)
D5,matched_existing,Volga,osm,osm:nizhnyaya-tura-perm-1,Нижняя Тура — Пермь 1,Нижняя Тура — Пермь 1,13,228.1,179.7,11,1020 mm,ООО «Газпром трансгаз Чайковский»; ООО «Газпром трансгаз Югорск»,,0.04,P2309,95,name ~ P2309 (95),name,trunk/other,P3894; P3895,Volga 226km; Ural 2km,,,,osm:gas_ru:w1419237100_1419280795_1419280796_1419280797_1419280800; osm:gas_ru:w1419237100_1419237115; osm:gas_ru:w1419237100_1419237108_1419237109; osm:gas_ru:w1419237100_1419237111_1419237113_1419237114; osm:gas_ru:w1419237100_1419237101_1419237102 (+8)
D5,matched_existing,Volga,osm,osm:nizhnyaya-tura-perm-2,Нижняя Тура — Пермь 2,Нижняя Тура — Пермь 2,6,193.4,180.0,5,1020 mm,ООО «Газпром трансгаз Чайковский»; ООО «Газпром трансгаз Югорск»,,0.06,P2309,95,name ~ P2309 (95),name,trunk/other,P2350,Volga 193km; Ural 0km,,,,osm:gas_ru:w1419149819_1419149820_1419191368; osm:gas_ru:w1419149819_1421025026_1421025027_1421185485_1421185486_1421185489_1421185491_1421185494_1421201865_1421201887_1421201912_1421201956_1421201960_1421262355_1421262360_1421262374_1421262381_1421548149_1421548163_1421548178_1421548195; osm:gas_ru:w1419149819_1419149820_1419191355; osm:gas_ru:w1419149819_1419149820_1419191354; osm:gas_ru:w1417423326_1418378252_1418378253 (+1)
D5,matched_existing,Central,osm,osm:pochinki-yaroslavl,Починки — Ярославль,Починки — Ярославль,6,152.5,72.5,5,1420 mm,ООО «Газпром трансгаз Нижний Новгород»,,0.09,P2372,100,name ~ P2372 (100),name,trunk/other,P2372,Central 153km,,,,osm:gas_ru:w1276168325_1276168330_191523629; osm:gas_ru:w1276168326_1276168329_191523629; osm:gas_ru:w1275687017_1276559797_1276559799_1276559800_1276559801; osm:gas_ru:w1275687017_1276082058; osm:gas_ru:w1275687017_1275687018 (+1)
D5,matched_existing,Central,osm,osm:kasimovskoe-pkhg-ks-voskresensk,Касимовское ПХГ – КС Воскресенск,Касимовское ПХГ – КС Воскресенск,1,118.6,118.6,1,,ООО «Газпром трансгаз Москва»,,0.17,P2321,100,name ~ P2321 (100),name,trunk/other,P2321,Central 119km,,,,osm:gas_ru:w118219020_305792095_76783176
D5,matched_existing,Central,osm,osm:ukhta-torzhok-1,Ухта — Торжок 1,Ухта — Торжок 1,3,104.7,47.7,3,1220 mm,ООО «Газпром трансгаз Санкт-Петербург»; ООО «Газпром трансгаз Ухта»,,0.04,P5541,100,name ~ P5541 (100),name,trunk/other,P5541,Central 105km,,,,osm:gas_ru:w113536659_1262137867_1262137869_319033543_428361084; osm:gas_ru:w113536659_1262197451_1262197452_1262197453_1262197454_1262197458; osm:gas_ru:w1258639591_1259688322_297972726
D5,matched_existing,Central,osm,osm:gryazovets-kgmo,Грязовец — КГМО,Грязовец — КГМО,14,98.9,41.7,14,1220 mm,ООО «Газпром трансгаз Москва»; ООО «Газпром трансгаз Ухта»,,0.15,P2312,100,name ~ P2312 (100),name,trunk/other,P5656,Central 98km; Northwestern 1km,,,,osm:gas_ru:w1268178586_1268178588_313261677; osm:gas_ru:w1267906431_1267906433_313261677; osm:gas_ru:w1267906429_313261677; osm:gas_ru:w1267730919_533428443; osm:gas_ru:w1267730918_533428443 (+9)
D5,matched_existing,Volga,gulfpub,gulfpub:gulfpub:gas:16931,Pochinki - Arzamas,Pochinki - Arzamas,1,90.2,90.2,1,32.0,Gazprom,,1.0,P2425,80,name ~ P2425 (80),geometry,trunk/other,P0756,Volga 90km,,,FRAGMENT_OF_EXISTING,gulfpub:gas:16931
D5,matched_existing,Central,osm,osm:tula-moskva,Тула — Москва,Тула — Москва,6,81.2,81.2,1,520 mm,ООО «Газпром трансгаз Москва»,,0.6,P1465,70,,geometry,trunk/other,P4077,Central 81km,,,,osm:gas_ru:w1272036394_1272058002; osm:gas_ru:w1272036394_1272036395_1272058004; osm:gas_ru:w1272036394_1272036395_1272058001; osm:gas_ru:w1272036394_1272057997_1272057999_1272058001_1272058002_1272058004; osm:gas_ru:w1272036394_1272036395_1272057999 (+1)
D5,matched_existing,Central,osm,osm:stavropol-moskva-1,Ставрополь — Москва 1,Ставрополь — Москва 1,1,69.6,69.6,1,720 mm,ООО «Газпром трансгаз Москва»,,0.68,P0793,76,,geometry,trunk/other,P6683,Central 70km,,,,osm:gas_ru:w1272036395_1272057992_1272057994_1272057996_1272057999_1272058001_1272058004
D5,matched_existing,Volga,osm,osm:mg-yamburg-tula,МГ Ямбург — Тула,МГ Ямбург — Тула,1,63.5,63.5,1,,Газпром,,0.64,P2450,100,name ~ P2450 (100),geometry,trunk/other,P2450,Volga 64km,,,,osm:gas_ru:w308017149_308019986_308185233_308185236
D5,matched_existing,Central,osm,osm:gorkii-cherepovets,Горький — Череповец,Горький — Череповец,1,58.6,58.6,1,720 mm,ООО «Газпром трансгаз Нижний Новгород»,,0.08,P2310,100,name ~ P2310 (100),name,trunk/other,P6674; P6675,Central 59km,,,,osm:gas_ru:w1267677386_1267677387_1267677388_1267677390_1267677394_1267677402_1276082064_134270901
D5,matched_existing,Volga,osm,osm:magistralnye-gazoprovody-urengoi-novopskov-petrovsk-novopsko,"Магистральные газопроводы ""Уренгой - Новопсков"", ""Петровск - Новопсков""","Магистральные газопроводы ""Уренгой - Новопсков"", ""Петровск - Новопсков""",2,24.9,24.9,1,,,,0.65,P0790,100,name ~ P0790 (100),geometry,trunk/other,P0790,Volga 25km,,,,osm:gas_ru:w306104667_306106520_306106525_306109287_306109293_306109300#600031; osm:gas_ru:w306104667_306106520_306106525_306109287_306109293_306109300#5738d9
D5,matched_existing,Volga,osm,osm:urengoi-novopskov,Уренгой — Новопсков,Уренгой — Новопсков,1,20.0,20.0,1,1420 mm,ООО «Газпром трансгаз Самара»,,0.0,P0789,100,name ~ P0789 (100),name,trunk/other,P3507,Volga 20km,,,,osm:gas_ru:w306729319_306729323
D5,matched_existing,Central,osm,osm:pochinki-gryazovets,Починки — Грязовец,Починки — Грязовец,13,16.1,4.8,12,1420 mm,ООО «Газпром трансгаз Нижний Новгород»; ООО «Газпром трансгаз Ухта»,,0.87,P0756,100,name ~ P0756 (100),geometry,trunk/other,P2313,Central 16km; Northwestern 0km,,,,osm:gas_ru:w1267144075_1267144078_1272800216_192580834; osm:gas_ru:w1267144074_1272800219_192580834; osm:gas_ru:w1267144076_1272800218_192580834; osm:gas_ru:w1266861735_1272800222_580589248; osm:gas_ru:w1266941980_192580834 (+8)
D5,matched_existing,Volga,osm,osm:nizhnyaya-tura-perm-gorkii,Нижняя Тура - Пермь - Горький,Нижняя Тура - Пермь - Горький,4,13.3,12.6,3,1020 mm,ООО «Газпром трансгаз Чайковский»,,0.12,P2309,100,name ~ P2309 (100),name,trunk/other,P2289,Volga 13km,,,,osm:gas_ru:w1419237101_1419237116; osm:gas_ru:w1419237101_1419237108_1419237109; osm:gas_ru:w1419237101_1419237113_1419237114; osm:gas_ru:w1419237101_1419237106
D5,matched_existing,Central,osm,osm:otvod-k-grs-nepetsino-i-grs-vozrozhdenie,Отвод к ГРС Непецино и ГРС Возрождение,Отвод к ГРС Непецино и ГРС Возрождение,2,4.0,4.0,1,,ООО «Газпром трансгаз Москва»,,0.94,P4210,58,,geometry,spur (otvod/GRS),P2320,Central 4km,,,,osm:gas_ru:w1272596006_1272596007_1272596008#9cc6ff; osm:gas_ru:w1272596006_1272596007_1272596008#8179bc
D5,matched_existing,Central,osm,osm:torzhok-valdai,Торжок — Валдай,Торжок — Валдай,2,0.8,0.5,2,1020 mm,ООО «Газпром трансгаз Санкт-Петербург»,,0.0,P2432,100,name ~ P2432 (100),name,trunk/other,P2358,Central 1km,,,,osm:gas_ru:w1302925009_193113494; osm:gas_ru:w193113494_804778191
D5,matched_existing,Volga,osm,osm:srto-ural,СРТО — Урал,СРТО — Урал,1,0.1,0.1,1,1420 mm,ООО «Газпром трансгаз Чайковский»,,1.0,P2357,100,name ~ P2357 (100),geometry,trunk/other,P0734; P5521; P6535,Volga 0km,,,,osm:gas_ru:w1423379845_1423379853_308038032
D5,monitor,Central,osm,osm:otvod-k-grs-volgorechensk,Отвод к ГРС Волгореченск,Отвод к ГРС Волгореченск,4,23.3,20.9,4,,ООО «Газпром трансгаз Нижний Новгород»,,0.0,P4076,61,,,spur (otvod/GRS),P3894,Central 23km,,,,osm:gas_ru:w1267677387_1267677394; osm:gas_ru:w1267677387_1267677390; osm:gas_ru:w1267677387_1267677388; osm:gas_ru:w1267677387_1276082064_1276082065
D5,monitor,Central,osm,osm:gazoprovod-otvod-k-grs-vniisv,"Газопровод-отвод к ГРС ""ВНИИСВ""","Газопровод-отвод к ГРС ""ВНИИСВ""",3,20.1,20.1,1,100,"Торжокское ЛПУМГ (филиал ООО ""Газпром трангаз Санкт-Петербург"")",,0.0,P4076,86,name ~ P4076 (86),,spur (otvod/GRS),P3973,Central 20km,,,,osm:gas_ru:w806155269_806165876; osm:gas_ru:w1063937274_806155269_806165876; osm:gas_ru:w1063937274_806155269
D5,monitor,Central,osm,osm:otvod-k-grs-sudogda,Отвод к ГРС Судогда,Отвод к ГРС Судогда,1,20.0,20.0,1,,ООО «Газпром трансгаз Нижний Новгород»,,0.0,P4076,73,,,spur (otvod/GRS),P3991,Central 20km,,,,osm:gas_ru:w1277608322_1277608323_1277608324
D5,monitor,Central,osm,osm:otvod-k-grs-prechistenskaya,Отвод к ГРС Пречистенская,Отвод к ГРС Пречистенская,1,18.5,18.5,1,,ООО «Газпром трансгаз Ухта»,,0.1,P4078,59,,,spur (otvod/GRS),P3894; P3895,Central 19km,,,,osm:gas_ru:w1266861731_1272800221_820943306
D5,monitor,Central,osm,osm:otvod-k-krp-14,Отвод к КРП-14,Отвод к КРП-14,4,17.8,17.8,1,1020 mm; 820 mm,ООО «Газпром трансгаз Москва»,,0.0,P4076,66,,,spur (otvod/GRS),P5665,Central 18km,,,,osm:gas_ru:w1268787713_1269127251_1270240876_852536168; osm:gas_ru:w1269127248_1269127249; osm:gas_ru:w1269127251_852536168; osm:gas_ru:w1269127248_1269127250
D5,monitor,Volga,osm,osm:otvod-k-grs-bolshaya-as,Отвод к ГРС Большая Ась,Отвод к ГРС Большая Ась,2,17.5,16.8,2,325 mm,ООО «Газпром трансгаз Чайковский»,,0.0,P4076,64,,,spur (otvod/GRS),P4092,Volga 18km,,,,osm:gas_ru:w1423348023_1423348026; osm:gas_ru:w1423348023_1423348025
D5,monitor,Central,osm,osm:otvod-k-grs-vladimir-3,Отвод к ГРС Владимир-3,Отвод к ГРС Владимир-3,8,16.7,5.9,7,530 mm; 720 mm,ООО «Газпром трансгаз Нижний Новгород»,,0.0,P4076,66,,,spur (otvod/GRS),P4076; P4077; P4078; P4210; P5534; P5535; P6635,Central 17km,,,,osm:gas_ru:w1276559797_1276559800; osm:gas_ru:w1276559796_1277881595; osm:gas_ru:w1276559796_1276559810; osm:gas_ru:w1276559796_1276559807; osm:gas_ru:w1276559796_1276559806 (+3)
D5,monitor,Central,osm,osm:otvod-k-grs-ivanovo-2,Отвод к ГРС Иваново-2,Отвод к ГРС Иваново-2,1,15.9,15.9,1,,ООО «Газпром трансгаз Нижний Новгород»,,0.26,P4076,68,,,spur (otvod/GRS),P4109,Central 16km,,,,osm:gas_ru:w1276082055_134270896_134270901
D5,monitor,Central,osm,osm:otvod-k-grs-sknyatinovo,Отвод к ГРС Скнятиново,Отвод к ГРС Скнятиново,1,15.6,15.6,1,,ООО «Газпром трансгаз Ухта»,,0.0,P4076,64,,,spur (otvod/GRS),P3991,Central 16km,,,,osm:gas_ru:w1267785728_1267785729_1267785731
D5,monitor,Central,osm,osm:gryazovets-bui-galich-sharya,Грязовец — Буй — Галич — Шарья,Грязовец — Буй — Галич — Шарья,5,15.4,5.6,5,500 mm,ООО «Газпром трансгаз Ухта»,,0.0,P0767,76,,,trunk/other,P1472,Central 13km; Northwestern 3km,,,,osm:gas_ru:w1259386263_819924800; osm:gas_ru:w1259386264_819924800_82680131; osm:gas_ru:w1259386266_82680131; osm:gas_ru:w1259386268_82680131; osm:gas_ru:w1259386270_1262717327_82680131
D5,monitor,Central,osm,osm:otvod-k-grs-tetkovo,Отвод к ГРС Тетьково,Отвод к ГРС Тетьково,3,14.8,12.1,3,159 mm,ООО «Газпром трансгаз Санкт-Петербург»,,0.0,P4076,73,,,spur (otvod/GRS),P5521,Central 15km,,,,osm:gas_ru:w1262197451_1262197453; osm:gas_ru:w1262197451_1262197458; osm:gas_ru:w1262197451_1262197454
D5,monitor,Volga,osm,osm:otvod-k-grs-perm-2,Отвод к ГРС Пермь 2,Отвод к ГРС Пермь 2,3,14.0,13.8,2,720 mm,ООО «Газпром трансгаз Чайковский»,,0.0,P4076,75,,,spur (otvod/GRS),P6674; P6675,Volga 14km,,,,osm:gas_ru:w1419280795_1419280800; osm:gas_ru:w1419280795_1419280797; osm:gas_ru:w1419280795_1419280796
D5,monitor,Central,osm,osm:otvod-k-grs-kashira,Отвод к ГРС Кашира,Отвод к ГРС Кашира,2,12.3,12.3,1,,ООО «Газпром трансгаз Москва»,,0.0,P4076,73,,,spur (otvod/GRS),P5521,Central 12km,,,,osm:gas_ru:w1271578139_802293043; osm:gas_ru:w1271578138_802293043
D5,monitor,Volga,osm,osm:otvod-k-grs-perevoz,Отвод к ГРС Перевоз,Отвод к ГРС Перевоз,4,10.8,9.2,4,,ООО «Газпром трансгаз Нижний Новгород»,,0.0,P4076,73,,,spur (otvod/GRS),P5656,Volga 11km,,,,osm:gas_ru:w1273796048_1273796053; osm:gas_ru:w1273796048_1273796051; osm:gas_ru:w1273796048_1273796054; osm:gas_ru:w1273796048_1273796050
D5,monitor,Volga,osm,osm:grp,ГРП,ГРП,3,10.1,10.1,2,,,,0.0,P0774,36,,,trunk/other,P4150,Volga 10km,,,,osm:gas_ru:w124987308_1334456021_1334456022_1334456023_1334456026_1334456027_1334456028_1334456029_1334456031; osm:gas_ru:w124987308_1334456027; osm:gas_ru:w509841872
D5,monitor,Central,osm,osm:otvod-k-grs-38-zhuklino,Отвод к ГРС 38 Жуклино,Отвод к ГРС 38 Жуклино,3,10.0,9.5,3,300 mm,ООО «Газпром трансгаз Москва»,,0.0,P4076,64,,,spur (otvod/GRS),P4144,Central 10km,,,,osm:gas_ru:w1268434047_93989600; osm:gas_ru:w1268434048_93989600; osm:gas_ru:w1000838067_1268434050_93989600
D5,monitor,Central,osm,osm:mg-otvod-severnyi-kavkaz-tsentr,"МГ отвод ""Северный Кавказ - Центр""","МГ отвод ""Северный Кавказ - Центр""",1,9.8,9.8,1,,,,0.01,P1476,73,,,spur (otvod/GRS),P3998,Central 10km,,,,osm:gas_ru:w363506416
D5,monitor,Central,osm,osm:otvod-k-chuchkovo,отвод к Чучково,отвод к Чучково,1,9.6,9.6,1,,,,0.0,P4076,58,,,spur (otvod/GRS),P3991,Central 10km,,,,osm:gas_ru:w906326735
D5,monitor,Central,osm,osm:otvod-k-grs-kostroma-4,Отвод к ГРС Кострома-4,Отвод к ГРС Кострома-4,1,9.2,9.2,1,,ООО «Газпром трансгаз Нижний Новгород»,,0.0,P4076,66,,,spur (otvod/GRS),P3895,Central 9km,,,,osm:gas_ru:w1267677389_1267677396
D5,monitor,Central,osm,osm:otvod-na-sotnitsyno,Отвод на Сотницыно,Отвод на Сотницыно,1,8.2,8.2,1,,,,0.25,P3976,59,,,spur (otvod/GRS),P4172,Central 8km,,,,osm:gas_ru:w688981429
D5,monitor,Central,osm,osm:otvod-k-grs-elektrogorsk,Отвод к ГРС Электрогорск,Отвод к ГРС Электрогорск,1,7.3,7.3,1,,ООО «Газпром трансгаз Москва»,,0.0,P4076,62,,,spur (otvod/GRS),P5656,Central 7km,,,,osm:gas_ru:w1270940850_1270940852
D5,monitor,Central,osm,osm:otvod-k-grs-kalinin-2,Отвод к ГРС Калинин-2,Отвод к ГРС Калинин-2,2,6.8,5.9,2,426 mm,ООО «Газпром трансгаз Санкт-Петербург»,,0.0,P4076,68,,,spur (otvod/GRS),P1368,Central 7km,,,,osm:gas_ru:w1262137867_428361084; osm:gas_ru:w1262137869_428361084
D5,monitor,Volga,osm,osm:otvod-k-grs-lyubimov,Отвод к ГРС Любимов,Отвод к ГРС Любимов,1,5.4,5.4,1,530 mm,ООО «Газпром трансгаз Чайковский»,,0.0,P4076,70,,,spur (otvod/GRS),P6695,Volga 5km,,,,osm:gas_ru:w1421548195_1421548200
D5,monitor,Central,osm,osm:otvod-k-grs-ramenskoe,Отвод к ГРС Раменское,Отвод к ГРС Раменское,1,5.0,5.0,1,,ООО «Газпром трансгаз Москва»,,0.0,P4076,68,,,spur (otvod/GRS),P4143,Central 5km,,,,osm:gas_ru:w1270940839_1270940840
D5,monitor,Volga,osm,osm:otvod-k-grs-gubakha-3,Отвод к ГРС Губаха-3,Отвод к ГРС Губаха-3,1,4.8,4.8,1,530 mm,ООО «Газпром трансгаз Чайковский»,,0.0,P4076,68,,,spur (otvod/GRS),P1465,Volga 5km,,,,osm:gas_ru:w1421201959_1421201962
D5,monitor,Volga,osm,osm:otvod-k-grs-2-g-gai,Отвод к ГРС-2 г. Гай,Отвод к ГРС-2 г. Гай,1,4.7,4.7,1,,Газпром Трансгаз Екатеринбург Домбаровское ЛПУМГ,,0.0,P4076,73,,,spur (otvod/GRS),P4143,Volga 5km,,,,osm:gas_ru:w992617875
D5,monitor,Central,osm,osm:otvod-k-grs-khotkovo,Отвод к ГРС Хотьково,Отвод к ГРС Хотьково,1,4.3,4.3,1,,ООО «Газпром трансгаз Москва»,,0.0,P4076,70,,,spur (otvod/GRS),P4013,Central 4km,,,,osm:gas_ru:w1278242635_1278242636
D5,monitor,Central,osm,osm:otvod-k-grs-borok,Отвод к ГРС Борок,Отвод к ГРС Борок,1,4.3,4.3,1,219 mm,ООО «Газпром трансгаз Ухта»,,0.0,P4076,78,,,spur (otvod/GRS),P3996; P3997,Central 4km,,,,osm:gas_ru:w118725434_1261900192
D5,monitor,Volga,osm,osm:otvod-k-grs-arzamas-amz,Отвод к ГРС Арзамас — АМЗ,Отвод к ГРС Арзамас — АМЗ,1,4.3,4.3,1,,ООО «Газпром трансгаз Нижний Новгород»,,0.0,P4076,64,,,spur (otvod/GRS),P6674,Volga 4km,,,,osm:gas_ru:w769025716_769025717
D5,monitor,Volga,osm,osm:otvod-k-grs-vyksa-2,Отвод к ГРС Выкса-2,Отвод к ГРС Выкса-2,1,3.3,3.3,1,,ООО «Газпром трансгаз Нижний Новгород»,,0.0,P4076,73,,,spur (otvod/GRS),P3604,Volga 3km,,,,osm:gas_ru:w1274159673_1274159674_310209571
D5,monitor,Central,osm,osm:otvod-k-grs-suzdal,Отвод к ГРС Суздаль,Отвод к ГРС Суздаль,2,2.3,2.1,2,,ООО «Газпром трансгаз Нижний Новгород»,,0.0,P4076,75,,,spur (otvod/GRS),P3996,Central 2km,,,,osm:gas_ru:w1277880706_1277880710; osm:gas_ru:w1277880706_1277880708
D5,monitor,Central,osm,osm:otvod-k-grs-furmanov,Отвод к ГРС Фурманов,Отвод к ГРС Фурманов,1,2.3,2.3,1,,ООО «Газпром трансгаз Нижний Новгород»,,0.0,P4076,70,,,spur (otvod/GRS),P5665,Central 2km,,,,osm:gas_ru:w1276082064_1276082065
D5,monitor,Central,osm,osm:otvod-k-grs-kamenka,Отвод к ГРС Каменка,Отвод к ГРС Каменка,1,2.3,2.3,1,,ООО «Газпром трансгаз Нижний Новгород»,,0.0,P4076,73,,,spur (otvod/GRS),P6684,Central 2km,,,,osm:gas_ru:w1276082048_1276082050
D5,monitor,Central,osm,osm:otvod-na-shatsk,Отвод на Шацк,Отвод на Шацк,1,1.7,1.7,1,,,,0.0,P3976,69,,,spur (otvod/GRS),P3603,Central 2km,,,,osm:gas_ru:w906366854
D5,monitor,Central,osm,osm:otvod-k-grs-krasnyi-bogatyr,Отвод к ГРС Красный Богатырь,Отвод к ГРС Красный Богатырь,1,1.6,1.6,1,,ООО «Газпром трансгаз Нижний Новгород»,,0.0,P4076,65,,,spur (otvod/GRS),P3997,Central 2km,,,,osm:gas_ru:w1277608323_1277608324
D5,monitor,Central,osm,osm:otvod-k-grs-pushkino,Отвод к ГРС Пушкино,Отвод к ГРС Пушкино,1,1.3,1.3,1,,ООО «Газпром трансгаз Москва»,,0.0,P4076,70,,,spur (otvod/GRS),P4083,Central 1km,,,,osm:gas_ru:w1268434043_1268434045
D5,monitor,Central,osm,osm:otvod-k-krp-10,Отвод к КРП-10,Отвод к КРП-10,1,0.8,0.8,1,1020 mm,ООО «Газпром трансгаз Москва»,,0.0,P4076,66,,,spur (otvod/GRS),P5695,Central 1km,,,,osm:gas_ru:w1271933842_1271933843_1271933846
D5,monitor,Central,osm,osm:otvod-k-grs-lakinsk,Отвод к ГРС Лакинск,Отвод к ГРС Лакинск,1,0.8,0.8,1,,ООО «Газпром трансгаз Нижний Новгород»,,0.0,P4076,73,,,spur (otvod/GRS),P3894,Central 1km,,,,osm:gas_ru:w1277880716_1277880718
D5,monitor,Volga,osm,osm:otvod-k-grs-voznesenskoe,Отвод к ГРС Вознесенское,Отвод к ГРС Вознесенское,1,0.7,0.7,1,,ООО «Газпром трансгаз Нижний Новгород»,,0.0,P4076,62,,,spur (otvod/GRS),P6674,Volga 1km,,,,osm:gas_ru:w1274243246_1274243248
D5,monitor,Central,osm,osm:otvod-k-grs-kubinka,Отвод к ГРС Кубинка,Отвод к ГРС Кубинка,2,0.5,0.4,2,,ООО «Газпром трансгаз Москва»,,0.0,P4076,73,,,spur (otvod/GRS),P5521,Central 1km,,,,osm:gas_ru:w1270363544_1270363546; osm:gas_ru:w1270363544_1270363545
D5,monitor,Central,osm,osm:otvod-k-grs-domodedovo-aeroport-1,Отвод к ГРС Домодедово Аэропорт-1,Отвод к ГРС Домодедово Аэропорт-1,1,0.5,0.5,1,,ООО «Газпром трансгаз Москва»,,0.0,P4210,67,,,spur (otvod/GRS),P5656,Central 0km,,,,osm:gas_ru:w1272595997_1272595998
D5,monitor,Central,osm,osm:otvod-k-grs-yurev-polskii,Отвод к ГРС Юрьев-Польский,Отвод к ГРС Юрьев-Польский,2,0.5,0.2,2,,ООО «Газпром трансгаз Нижний Новгород»,,0.0,P4076,64,,,spur (otvod/GRS),P0761; P0768; P0774; P0775; P0776,Central 0km,,,,osm:gas_ru:w1278242612_1278242613; osm:gas_ru:w1278242612_1278242615
D5,monitor,Volga,osm,osm:gazoprovod-nizkogo-davleniya,Газопровод низкого давления,Газопровод низкого давления,1,0.4,0.4,1,,,,0.0,P0768,68,,,trunk/other,P2320; P5717,Volga 0km,,,,osm:gas_ru:w1505417502
D5,monitor,Central,osm,osm:otvod-k-grs-56-nudol,Отвод к ГРС 56 Нудоль,Отвод к ГРС 56 Нудоль,1,0.3,0.3,1,,ООО «Газпром трансгаз Москва»,,0.0,P4076,70,,,spur (otvod/GRS),P3894,Central 0km,,,,osm:gas_ru:w1005971361_1269099297
D5,monitor,Central,osm,osm:otvod-k-grs-kimry,Отвод к ГРС Кимры,Отвод к ГРС Кимры,1,0.3,0.3,1,,ООО «Газпром трансгаз Москва»,,0.0,P4076,78,,,spur (otvod/GRS),P4112,Central 0km,,,,osm:gas_ru:w1268213190_1268213191
D5,monitor,Central,osm,osm:otvod-k-grs-kostroma-3,Отвод к ГРС Кострома-3,Отвод к ГРС Кострома-3,1,0.3,0.3,1,,ООО «Газпром трансгаз Нижний Новгород»,,0.0,P4076,66,,,spur (otvod/GRS),P5665,Central 0km,,,,osm:gas_ru:w1267677399_1267677400
D5,monitor,Central,osm,osm:otvod-k-shchelkovskomu-pkhg,Отвод к Щёлковскому ПХГ,Отвод к Щёлковскому ПХГ,1,0.2,0.2,1,1020 mm,ООО «Газпром трансгаз Москва»,,0.0,P0790,48,,,spur (otvod/GRS),P2358,Central 0km,,,,osm:gas_ru:w1268434055_1268434060
D5,monitor,Volga,osm,osm:chusovoi-berezniki-solikamsk-2-luping,Чусовой — Березники — Соликамск 2 (лупинг),Чусовой — Березники — Соликамск 2 (лупинг),2,0.2,0.1,2,720 mm,ООО «Газпром трансгаз Чайковский»,,0.0,P0738,46,,,trunk/other,P0758; P2027,Volga 0km,,,,osm:gas_ru:w1421025027_1421185485_1421185498; osm:gas_ru:w1421025027_1421185485_1421185497
D5,monitor,Central,osm,osm:otvod-k-grs-klin,Отвод к ГРС Клин,Отвод к ГРС Клин,1,0.1,0.1,1,,ООО «Газпром трансгаз Москва»,,0.0,P4076,81,name ~ P4076 (81),,spur (otvod/GRS),P3894,Central 0km,,,,osm:gas_ru:w1269099280_1269099281
D5,monitor,Central,osm,osm:otvod-k-grs-40-timonovo,Отвод к ГРС 40 Тимоново,Отвод к ГРС 40 Тимоново,1,0.1,0.1,1,,ООО «Газпром трансгаз Москва»,,0.0,P4076,64,,,spur (otvod/GRS),P5665,Central 0km,,,,osm:gas_ru:w1269099283_1269099285
D5,monitor,Central,osm,osm:otvod-k-grs-47-dubrovo,Отвод к ГРС 47 Дуброво,Отвод к ГРС 47 Дуброво,1,0.1,0.1,1,,ООО «Газпром трансгаз Москва»,,0.0,P4076,66,,,spur (otvod/GRS),P5656,Central 0km,,,,osm:gas_ru:w1000838067_1268434050
D5,monitor,Central,osm,osm:otvod-k-grs-egorevsk,Отвод к ГРС Егорьевск,Отвод к ГРС Егорьевск,1,0.1,0.1,1,,ООО «Газпром трансгаз Москва»,,0.0,P4076,70,,,spur (otvod/GRS),P5656,Central 0km,,,,osm:gas_ru:w1270954078_1270954079
D5,monitor,Volga,osm,osm:otvod-k-grs-mukhtolovo,Отвод к ГРС Мухтолово,Отвод к ГРС Мухтолово,1,0.1,0.1,1,,ООО «Газпром трансгаз Нижний Новгород»,,0.0,P4076,66,,,spur (otvod/GRS),P2707,Volga 0km,,,,osm:gas_ru:w1274159677_1274159679
D5,monitor,Volga,osm,osm:gazovyi-ventil,Газовый вентиль,Газовый вентиль,1,0.0,0.0,1,,,,0.0,P7612,55,,,trunk/other,P6577,Volga 0km,,,,osm:gas_ru:w440292947
D5,seed,Volga,osm,osm:saratov-gorkii,Саратов — Горький,Саратов — Горький,17,359.5,359.5,1,820 mm,ООО «Газпром трансгаз Нижний Новгород»,,0.21,P2383,88,name ~ P2383 (88),,trunk/other,P5665,Volga 359km,,,,osm:gas_ru:w1274243231_1274243242_1274243244_1274243246_289071815_769025717; osm:gas_ru:w1274243232_1274243236_1274243238_1274243242_1274243246_769025717; osm:gas_ru:w1273150009_1273150023_1273796045_1273796047_1273796048_1273796055_1273796057_1274243231_1274243232_1274508353_289071815_391942611_769025716_769025717; osm:gas_ru:w1273796045_769025717; osm:gas_ru:w1273796047_769025717 (+12)
D5,seed,Central,osm,osm:vladimir-kgmo,Владимир — КГМО,Владимир — КГМО,19,340.3,180.6,8,530 mm,ООО «Газпром трансгаз Москва»; ООО «Газпром трансгаз Нижний Новгород»,,0.03,P2312,80,name ~ P2312 (80),,trunk/other,P6691,Central 340km,,,,osm:gas_ru:w1267906431_1278242616_1278242618_1278242619_1278242620_1278242621_1278242623_1278242624_1278242626_1278242627_1278242629_1278242632_1278242635_46482993; osm:gas_ru:w1278242619_1278242635_1278242636; osm:gas_ru:w1278242618_1278242629_1278242630; osm:gas_ru:w1278242618_1278242632_1278242633; osm:gas_ru:w1278242618_1278242627 (+14)
D5,seed,Volga,osm,osm:otvod-k-grs-murom,Отвод к ГРС Муром,Отвод к ГРС Муром,5,194.7,194.7,1,,ООО «Газпром трансгаз Нижний Новгород»,,0.1,P4076,78,,,spur (otvod/GRS),P4156,Volga 187km; Central 8km,,,,osm:gas_ru:w1274159660_1274159661_1274159662_310209573_391942611; osm:gas_ru:w1274159661_310209573; osm:gas_ru:w1274159660_1274159664_1274159671_1274159673_1274159676_1274159677_1274159681_310209573_391942611_769025717; osm:gas_ru:w1274159660_310209573_391942611; osm:gas_ru:w1274159662_310209573
D5,seed,Central,osm,osm:otvod-k-grs-petushki,Отвод к ГРС Петушки,Отвод к ГРС Петушки,4,130.8,130.8,1,,ООО «Газпром трансгаз Нижний Новгород»,,0.0,P4076,70,,,spur (otvod/GRS),P6577,Central 131km,,,,osm:gas_ru:w1276559796_1277880706_1277880712_1277880714_1277880716_1277880719_1277880721_1278242612_1278242616_1278242618_46482986_46482993; osm:gas_ru:w1277880724_1277880726_46482986_46482993; osm:gas_ru:w1277880724_46482986; osm:gas_ru:w1277880726_46482986
D5,seed,Central,osm,osm:otvod-k-grs-urshel,Отвод к ГРС Уршель,Отвод к ГРС Уршель,4,130.3,130.3,1,,ООО «Газпром трансгаз Нижний Новгород»,,0.0,P4076,75,,,spur (otvod/GRS),P4132,Central 130km,,,,osm:gas_ru:w1277608312_1277608334_1277608336_398546354; osm:gas_ru:w1277608336_398546354; osm:gas_ru:w1277608334_398546354; osm:gas_ru:w1276559796_1277608312_1277608313_1277608315_1277608316_1277608318_1277608320_1277608322_1277608326_1277608327_1277608328_398546354
D5,seed,Central,osm,osm:voskresensk-krp-16,Воскресенск — КРП-16,Воскресенск — КРП-16,7,118.1,118.1,1,1020 mm,ООО «Газпром трансгаз Москва»,,0.08,P2321,75,,,trunk/other,P2358,Central 118km,,,,osm:gas_ru:w1272574375_1272595995_1272595997_1272596001_1272596002_1272596004_1272596006; osm:gas_ru:w1272574375_1272574376_1272595997_1272595998; osm:gas_ru:w1272574375_1272574376_1272595995; osm:gas_ru:w1272574375_1272574376_1272596001; osm:gas_ru:w1272574375_1272574376_1272596002 (+2)
D5,seed,Central,osm,osm:otvod-k-grs-kalyazin,Отвод к ГРС Калязин,Отвод к ГРС Калязин,2,115.2,115.2,1,377 mm,ООО «Газпром трансгаз Ухта»,,0.02,P4076,70,,,spur (otvod/GRS),P2390,Central 115km,,,,osm:gas_ru:w1259751616_266745234; osm:gas_ru:w1258639591_1259487159_1259751616_266745234
D5,seed,Volga,osm,osm:otvod-k-gg-orsk-novotroitsk,"Отвод к гг. Орск, Новотроицк","Отвод к гг. Орск, Новотроицк",1,114.2,114.2,1,,,,0.23,P4210,57,,,spur (otvod/GRS),P7612,Volga 114km,,,,osm:gas_ru:w1102549955_318299647_318299648_938685301_938685302
D5,seed,Central,osm,osm:transbalkanskii,Трансбалканский,Трансбалканский,1,112.5,112.5,1,,,,0.23,P1783,64,,,trunk/other,P0788,Central 112km,,,,osm:gas_ru:w1191675242_305294256_310351265_310353941
D5,seed,Central,osm,osm:ovod-k-krp-13,Овод к КРП-13,Овод к КРП-13,7,106.7,106.7,1,1020 mm; 820 mm,ООО «Газпром трансгаз Москва»,,0.05,P4076,45,,,trunk/other,P5665,Central 107km,,,,osm:gas_ru:w1005971361_1267906431_1268787713_1268787714_1268861526_1268861527_1268861528_1269099278_1269099296_1269099300_1269127245_1269127246_1270240876_1459843724_437718462_852536168; osm:gas_ru:w1268787713_1268861533_1268861534_437718462_498593006; osm:gas_ru:w1268861534_1268861535_437718462; osm:gas_ru:w1268861534_1268861535_305692731; osm:gas_ru:w1268861532_1268861533_437718462 (+2)
D5,seed,Central,osm,osm:voskresensk-krp-11,Воскресенск — КРП-11,Воскресенск — КРП-11,3,99.5,99.5,1,1020 mm,ООО «Газпром трансгаз Москва»,,0.07,P2321,75,,,trunk/other,P4076; P4077; P4078; P4210; P5534; P5535; P6635,Central 99km,,,,osm:gas_ru:w1272574376_1272574379_1272574380#9eec02; osm:gas_ru:w1272574376_1272574379_1272574380#616f33; osm:gas_ru:w1272574376_1272574379_1272574380_1272595995_1272595997_1272596001_1272596002_1272596004_1272596006
D5,seed,Central,osm,osm:stavropol-moskva-2,Ставрополь — Москва 2,Ставрополь — Москва 2,4,84.2,84.2,1,820 mm,ООО «Газпром трансгаз Москва»,,0.5,P0793,76,,,trunk/other,P5665,Central 84km,,,,osm:gas_ru:w1272036398_1272057992_1272057994_1272057996_1272058007_1272058010_1272058011; osm:gas_ru:w1272036398_1272058007_1272058008; osm:gas_ru:w1272036398_1272058010; osm:gas_ru:w1272036398_1272058011
D5,seed,Central,gulfpub,gulfpub:gulfpub:gas:16435,Tuchevo - Tver - Mikulimo,Tuchevo - Tver - Mikulimo,1,84.0,84.0,1,11.0,Gazprom,,0.1,P3998,48,,,trunk/other,P3982,Central 84km,,,DISCOVERY_CANDIDATE,gulfpub:gas:16435
D5,seed,Central,osm,osm:tuma-gus-khrustalnyi,Тума — Гусь-Хрустальный,Тума — Гусь-Хрустальный,5,83.5,83.5,1,325 mm,ООО «Газпром трансгаз Нижний Новгород»,,0.04,P2429,52,,,trunk/other,P3975; P3976,Central 83km,,,,osm:gas_ru:w1277636458_230372313; osm:gas_ru:w1277636457_1277636458_1277636460_1277636462_230372313; osm:gas_ru:w1277636457_230372313; osm:gas_ru:w1277636462_230372313; osm:gas_ru:w1277636460_230372313
D5,seed,Central,osm,osm:otvod-na-sasovo,Отвод на Сасово,Отвод на Сасово,2,73.8,73.8,1,,,,0.1,P3976,69,,,spur (otvod/GRS),P4171,Central 74km,,,,osm:gas_ru:w222191170_905893237_907091091; osm:gas_ru:w222191170_907091091
D5,seed,Central,osm,osm:otvod-k-grs-palekh,Отвод к ГРС Палех,Отвод к ГРС Палех,2,70.7,70.7,1,,ООО «Газпром трансгаз Нижний Новгород»,,0.08,P4076,75,,,spur (otvod/GRS),P3974,Central 71km,,,,osm:gas_ru:w1275810413_134270906_77432236; osm:gas_ru:w134270906_77432236
D5,seed,Volga,osm,osm:otvod-k-grs-sarov,Отвод к ГРС Саров,Отвод к ГРС Саров,4,69.0,45.2,3,,ООО «Газпром трансгаз Нижний Новгород»,,0.0,P4076,78,,,spur (otvod/GRS),P4083,Volga 69km,,,,osm:gas_ru:w1274243231_1274243232_1274243246_1274243248; osm:gas_ru:w1274243231_1274243232_1274243242; osm:gas_ru:w1274243231_1274243244; osm:gas_ru:w1274243232_1274243238_1274243240
D5,seed,Volga,osm,osm:otvod-k-agrs-osa,Отвод к АГРС «Оса»,Отвод к АГРС «Оса»,1,63.3,63.3,1,325 mm,ООО «Лукойл-Пермнефтегазпереработка»,,0.13,P4210,62,,,spur (otvod/GRS),P4093,Volga 63km,,,,osm:gas_ru:w1425872876
D5,seed,Volga,osm,osm:chusovoi-berezniki-solikamsk-1,Чусовой — Березники — Соликамск 1,Чусовой — Березники — Соликамск 1,19,60.8,30.6,17,530 mm,ООО «Газпром трансгаз Чайковский»,,0.0,P2288,49,,,trunk/other,P3365,Volga 61km,,,,osm:gas_ru:w1421185485_1421548194_1421548195; osm:gas_ru:w1421185485_1421262380_1421262381; osm:gas_ru:w1421185485_1421548177_1421548178; osm:gas_ru:w1421185485_1421548163_1421548164; osm:gas_ru:w1421185485_1421548148_1421548149 (+14)
D5,seed,Volga,osm,osm:chusovoi-berezniki-solikamsk-2,Чусовой — Березники — Соликамск 2,Чусовой — Березники — Соликамск 2,17,57.2,25.8,17,720 mm,ООО «Газпром трансгаз Чайковский»,,0.0,P2288,49,,,trunk/other,P7817,Volga 57km,,,,osm:gas_ru:w1421025026_1421548194_1421548195_1421548200; osm:gas_ru:w1421025026_1421548177_1421548178; osm:gas_ru:w1421025026_1421548163_1421548164; osm:gas_ru:w1421025026_1421548148_1421548149; osm:gas_ru:w1421025026_1421262380_1421262381 (+12)
D5,seed,Central,osm,osm:otvod-k-grs-kurlovo,Отвод к ГРС Курлово,Отвод к ГРС Курлово,9,56.3,29.7,9,,ООО «Газпром трансгаз Нижний Новгород»,,0.0,P4076,73,,,spur (otvod/GRS),P5521,Central 56km,,,,osm:gas_ru:w1277608312_1277608326; osm:gas_ru:w1277608312_1277608313; osm:gas_ru:w1277608312_1277608322_1277608323; osm:gas_ru:w1277608312_1277608327; osm:gas_ru:w1277608312_1277608315 (+4)
D5,seed,Central,osm,osm:otvod-k-grs-dubna-1,Отвод к ГРС Дубна-1,Отвод к ГРС Дубна-1,6,52.8,32.1,5,,ООО «Газпром трансгаз Москва»,,0.0,P4076,73,,,spur (otvod/GRS),P3996; P3997,Central 53km,,,,osm:gas_ru:w1268213175_1268213179_1268213180; osm:gas_ru:w1268213175_1268213190_1268213191; osm:gas_ru:w1268213175_1268213181; osm:gas_ru:w1268213175_1268213182; osm:gas_ru:w1268213175_1268213176 (+1)
D5,seed,Central,osm,osm:otvod-k-grs-borisoglebskii,Отвод к ГРС Борисоглебский,Отвод к ГРС Борисоглебский,1,52.7,52.7,1,,ООО «Газпром трансгаз Ухта»,,0.0,P4077,65,,,spur (otvod/GRS),P6684,Central 53km,,,,osm:gas_ru:w533428443_59148944
D5,seed,Central,osm,osm:otvod-k-grs-navoloki,Отвод к ГРС Наволоки,Отвод к ГРС Наволоки,6,46.5,31.0,6,,ООО «Газпром трансгаз Нижний Новгород»,,0.0,P4076,70,,,spur (otvod/GRS),P3894,Central 47km,,,,osm:gas_ru:w1276082044_134270905; osm:gas_ru:w134270905_171272000; osm:gas_ru:w1276082048_1276082050_134270905; osm:gas_ru:w1276082046_134270905; osm:gas_ru:w134270905_134270909 (+1)
D5,seed,Central,osm,osm:otvod-k-krp-15,Отвод к КРП-15,Отвод к КРП-15,5,40.4,40.4,1,1020 mm; 820 mm,ООО «Газпром трансгаз Москва»,,0.0,P4076,66,,,spur (otvod/GRS),P3894; P3895,Central 40km,,,,osm:gas_ru:w1243652726_1267906431_1268434055_1268434059_315294569; osm:gas_ru:w1268434054_1268434059_315294569; osm:gas_ru:w1268434054_1268434055_1268434060_315294569; osm:gas_ru:w1243652726_315294569; osm:gas_ru:w1268434054_1268434061
D5,seed,Central,osm,osm:otvod-k-grs-bezhetsk,Отвод к ГРС Бежецк,Отвод к ГРС Бежецк,2,35.7,35.7,1,325 mm,ООО «Газпром трансгаз Санкт-Петербург»,,0.05,P4076,70,,,spur (otvod/GRS),P6674,Central 36km,,,,osm:gas_ru:w1262197462_1262197465_1262277902; osm:gas_ru:w1262197462_1262197465
D5,seed,Central,osm,osm:otvod-k-grs-teikovo,Отвод к ГРС Тейково,Отвод к ГРС Тейково,1,34.8,34.8,1,,ООО «Газпром трансгаз Нижний Новгород»,,0.0,P4076,73,,,spur (otvod/GRS),P4156,Central 35km,,,,osm:gas_ru:w1276168316_1276168317
D5,seed,Volga,osm,osm:mezhposelkovyi-gazoprovod-vysokogo-davleniya-ot-grs-do-pk-10,Межпоселковый газопровод высокого давления от ГРС до ПК 105 + 84.0,Межпоселковый газопровод высокого давления от ГРС до ПК 105 + 84.0,1,34.7,34.7,1,,,,0.0,P0768,68,,,distribution,P4131,Volga 35km,,,,osm:gas_ru:w62164267
D5,seed,Volga,osm,osm:otvod-k-grs-vyksa-1,Отвод к ГРС Выкса-1,Отвод к ГРС Выкса-1,5,34.4,14.5,5,,ООО «Газпром трансгаз Нижний Новгород»,,0.0,P4076,73,,,spur (otvod/GRS),P3996; P3997,Volga 34km,,,,osm:gas_ru:w1274159664_391942611; osm:gas_ru:w1274159671_391942611; osm:gas_ru:w1274159673_1274159674_391942611; osm:gas_ru:w1274159676_391942611; osm:gas_ru:w1274159677_1274159679_391942611
D5,seed,Central,osm,osm:otvod-k-grs-orekhovo-zuevo,Отвод к ГРС Орехово-Зуево,Отвод к ГРС Орехово-Зуево,2,34.1,34.1,1,,ООО «Газпром трансгаз Москва»,,0.0,P4210,72,,,spur (otvod/GRS),P3894; P3895,Central 34km,,,,osm:gas_ru:w1075656645_1270940844_1270940850; osm:gas_ru:w1075656645_1270940850_1270940852
D5,seed,Volga,osm,osm:gazoprovod-stepnoe-balakovo,Газопровод Степное - Балаково,Газопровод Степное - Балаково,1,31.5,31.5,1,,,,0.0,P0768,69,,,trunk/other,P4063,Volga 32km,,,,osm:gas_ru:w315439634
D5,seed,Volga,osm,osm:otvod-k-grs-malyi-makatelem,Отвод к ГРС Малый Макателем,Отвод к ГРС Малый Макателем,1,28.6,28.6,1,,ООО «Газпром трансгаз Нижний Новгород»,,0.0,P4076,57,,,spur (otvod/GRS),P3998,Volga 29km,,,,osm:gas_ru:w1274243238_1274243240
D6,matched_existing,Southern,osm,osm:mg-urengoi-pomary-uzhgorod,МГ Уренгой-Помары-Ужгород,МГ Уренгой-Помары-Ужгород,2,1138.5,1138.5,1,,,,0.45,P0768,93,name ~ P0768 (93),name+geometry,trunk/other,P5715,Southern 880km; Central 204km; Volga 29km; OUTSIDE 25km,,,,osm:gas_ru:w306147463_306151582_306156218_312419487_338696682_647524811_647524812_647524825_647524826_647524827_647524828_647524829_647524830_647524854_647524855_650756465_825097471_853882120_853882121_853882122; osm:gas_ru:w306144090_306147463_306151582_306156218_320183851_333160937_825097471
D6,monitor,Southern,osm,osm:krasnodarskii-krai-krym,Краснодарский край — Крым,Краснодарский край — Крым,2,13.2,6.7,2,720,,,0.0,P1470,87,name ~ P1470 (87),,trunk/other,P3714,Southern 13km,,,,osm:gas_ru:w1061796741_1061796749_525997275; osm:gas_ru:w1061534179_525997274
D6,monitor,North Caucasian,osm,osm:gaz,газ,газ,1,0.1,0.1,1,,,,0.0,P3955,100,name ~ P3955 (100),,trunk/other,P5771,North Caucasian 0km,,,,osm:gas_ru:w1204691510_1204691511_1204691512
D6,monitor,Southern,osm,osm:krasnodonskaya,Краснодонская,Краснодонская,1,0.1,0.1,1,,,,0.0,P4130,59,,,trunk/other,P1824,Southern 0km,,,,osm:gas_ru:w1248269335
D6,seed,North Caucasian,store,store:r7-nevinnomyssk-mozdok-sibling,Nevinnomyssk-Mozdok gas pipeline (paired string of P2343),Невинномысск — Моздок,0,257.0,257.0,0,820; 1020,,,,,0,,,trunk/other,P2343,,"Transgaz Stavropol services both «Невинномысск — Моздок» and «Моздок — Невинномысск»; sheet carries one row (P2343 Mozdok-Nevinnomyssk, 257 km 820+1020 mm, uncorroborated). May be a missing sibling row or the same line listed twice — the 257 km is P2343's own unconfirmed figure, so treat length as uncertain.",deepsweep-r7-central-south P2343 validity researcher_notes; Transgaz Stavropol LPUMG Nevinnomyssk page (2025-06 capture),,
D6,seed,Southern,osm,osm:krasnodarskii-krai-krim,Краснодарський край - Крим,Краснодарський край - Крим,2,135.2,135.2,1,,Gazprom,,0.0,P1470,87,name ~ P1470 (87),,trunk/other,P2429,Southern 135km,,,,osm:gas_ru:w1060888440_655445576_655760568; osm:gas_ru:w1060888440_655445576
