ProjectID,PipelineName,SegmentName,field,gem,eia,verdict,eia_project,eia_release,cite_url,match_tier
P0143,Acadian Gas Pipeline System,,Capacity (MMcf/d),1000.0,894.0,differs,Acadiana Project,2026-08,https://www.eia.gov/naturalgas/pipelines/EIA-NaturalGasPipelineProjectsAug2026.xlsx,strong
P0143,Acadian Gas Pipeline System,,SegmentCost (USD million),,143.0,missing_on_sheet,Acadiana Project,2026-08,https://www.eia.gov/naturalgas/pipelines/EIA-NaturalGasPipelineProjectsAug2026.xlsx,strong
P0143,Acadian Gas Pipeline System,,StartYear1 vs EIA in-service year,,2021,missing_on_sheet,Acadiana Project,2026-08,https://www.eia.gov/naturalgas/pipelines/EIA-NaturalGasPipelineProjectsAug2026.xlsx,strong
P0149,Algonquin Gas Transmission Pipeline,Main Line,Capacity (MMcf/d),3120.0,300.0,differs,Algonquin Project Beacon,2026-08,https://www.eia.gov/naturalgas/pipelines/EIA-NaturalGasPipelineProjectsAug2026.xlsx,strong
P0149,Algonquin Gas Transmission Pipeline,Main Line,StartYear1 vs EIA in-service year,1997.0,2030,differs,Algonquin Project Beacon,2026-08,https://www.eia.gov/naturalgas/pipelines/EIA-NaturalGasPipelineProjectsAug2026.xlsx,strong
P0149,Algonquin Gas Transmission Pipeline,Main Line,Status,operating,Announced (= proposed),differs,Algonquin Project Beacon,2026-08,https://www.eia.gov/naturalgas/pipelines/EIA-NaturalGasPipelineProjectsAug2026.xlsx,strong
P0155,Atlantic Coast Gas Pipeline,,SegmentCost (USD million),,5100.0,missing_on_sheet,Atlantic Coast Pipeline,2026-08,https://www.eia.gov/naturalgas/pipelines/EIA-NaturalGasPipelineProjectsAug2026.xlsx,strong
P0156,Atlantic Sunrise Gas Pipeline,,Capacity (MMcf/d),1700.0,850.0,differs,Atlantic Sunrise Project Phase II,2026-08,https://www.eia.gov/naturalgas/pipelines/EIA-NaturalGasPipelineProjectsAug2026.xlsx,strong
P0156,Atlantic Sunrise Gas Pipeline,,SegmentCost (USD million),3100.0,500.0,differs,Atlantic Sunrise Project Phase II,2026-08,https://www.eia.gov/naturalgas/pipelines/EIA-NaturalGasPipelineProjectsAug2026.xlsx,strong
P0166,Cheyenne Plains Gas Pipeline,,Capacity (MMcf/d),800.0,560.0,differs,CIG Cheyenne Plains Pipeline,2026-08,https://www.eia.gov/naturalgas/pipelines/EIA-NaturalGasPipelineProjectsAug2026.xlsx,strong
P0166,Cheyenne Plains Gas Pipeline,,SegmentCost (USD million),,410.0,missing_on_sheet,CIG Cheyenne Plains Pipeline,2026-08,https://www.eia.gov/naturalgas/pipelines/EIA-NaturalGasPipelineProjectsAug2026.xlsx,strong
P0166,Cheyenne Plains Gas Pipeline,,StartYear1 vs EIA in-service year,2005.0,2004,differs,CIG Cheyenne Plains Pipeline,2026-08,https://www.eia.gov/naturalgas/pipelines/EIA-NaturalGasPipelineProjectsAug2026.xlsx,strong
P0171,Constitution Gas Pipeline,,Length (mi),,121.0,missing_on_sheet,Constitution Pipeline,2026-08,https://www.eia.gov/naturalgas/pipelines/EIA-NaturalGasPipelineProjectsAug2026.xlsx,strong
P0171,Constitution Gas Pipeline,,Diameter (in),[],[30.0],missing_on_sheet,Constitution Pipeline,2026-08,https://www.eia.gov/naturalgas/pipelines/EIA-NaturalGasPipelineProjectsAug2026.xlsx,strong
P0171,Constitution Gas Pipeline,,SegmentCost (USD million),,683.0,missing_on_sheet,Constitution Pipeline,2026-08,https://www.eia.gov/naturalgas/pipelines/EIA-NaturalGasPipelineProjectsAug2026.xlsx,strong
P0193,Gator Express Gas Pipeline,Phase I,Status,construction,Completed (= operating),differs,Gator Express Pipeline (Phase 1),2026-08,https://www.eia.gov/naturalgas/pipelines/EIA-NaturalGasPipelineProjectsAug2026.xlsx,strong
P0195,Guardian Gas Pipeline,,Capacity (MMcf/d),750.0,537.0,differs,Guardian Pipeline Project,2025-10,https://www.eia.gov/naturalgas/pipelines/EIA-NaturalGasPipelineProjects_Oct2025.xlsx,strong
P0195,Guardian Gas Pipeline,,StartYear1 vs EIA in-service year,2002.0,2028,differs,Guardian Pipeline Project,2025-10,https://www.eia.gov/naturalgas/pipelines/EIA-NaturalGasPipelineProjects_Oct2025.xlsx,strong
P0195,Guardian Gas Pipeline,,Status,operating,Announced (= proposed),differs,Guardian Pipeline Project,2025-10,https://www.eia.gov/naturalgas/pipelines/EIA-NaturalGasPipelineProjects_Oct2025.xlsx,strong
P0201,Horizon Gas Pipeline,,Length (mi),72.70042949176808,28.5,differs,KM Horizon Pipeline Project,2026-08,https://www.eia.gov/naturalgas/pipelines/EIA-NaturalGasPipelineProjectsAug2026.xlsx,strong
P0209,Leach XPress Gas Pipeline,,SegmentCost (USD million),1750.0,1400.0,differs,Leach XPress project,2026-08,https://www.eia.gov/naturalgas/pipelines/EIA-NaturalGasPipelineProjectsAug2026.xlsx,strong
P0215,Mier Monterrey Gas Pipeline,,Capacity (MMcf/d),640.0,200.0,differs,Mier-Monterrey,2026-08,https://www.eia.gov/naturalgas/pipelines/EIA-NaturalGasPipelineProjectsAug2026.xlsx,strong
P0215,Mier Monterrey Gas Pipeline,,Status,operating,On Hold (= shelved),differs,Mier-Monterrey,2026-08,https://www.eia.gov/naturalgas/pipelines/EIA-NaturalGasPipelineProjectsAug2026.xlsx,strong
P0216,Millennium Gas Pipeline,,SegmentCost (USD million),800.0,664.0,differs,Millennium Pipeline 2008,2026-08,https://www.eia.gov/naturalgas/pipelines/EIA-NaturalGasPipelineProjectsAug2026.xlsx,strong
P0220,Mountain Valley Gas Pipeline (MVP),,SegmentCost (USD million),7850.0,6600.0,differs,Mountain Valley Pipeline,2026-08,https://www.eia.gov/naturalgas/pipelines/EIA-NaturalGasPipelineProjectsAug2026.xlsx,strong
P0221,Mountaineer XPress Gas Pipeline,,SegmentCost (USD million),3030.0,2000.0,differs,Mountaineer XPress Pipeline,2018-08,https://www.eia.gov/naturalgas/pipelines/EIA-NaturalGasPipelineProjects_Aug2018.xlsx,strong
P0221,Mountaineer XPress Gas Pipeline,,Status,operating,Construction (= construction),differs,Mountaineer XPress Pipeline,2018-08,https://www.eia.gov/naturalgas/pipelines/EIA-NaturalGasPipelineProjects_Aug2018.xlsx,strong
P0223,Nautilus Gas Pipeline,,SegmentCost (USD million),,121.0,missing_on_sheet,Nautilus Pipeline,2026-08,https://www.eia.gov/naturalgas/pipelines/EIA-NaturalGasPipelineProjectsAug2026.xlsx,strong
P0235,Texas Eastern Transmission (TETCO) Gas Pipeline,Ohio Pipeline Energy Network (OPEN) Gas Pipeline,Diameter (in),[],[30.0],missing_on_sheet,Ohio Pipeline Energy Network,2026-08,https://www.eia.gov/naturalgas/pipelines/EIA-NaturalGasPipelineProjectsAug2026.xlsx,strong
P0237,Pacific Connector Gas Pipeline,,Capacity (MMcf/d),2024.0,1000.0,differs,Pacific Connector Gas Pipeline,2018-05,https://www.eia.gov/naturalgas/pipelines/EIA-NaturalGasPipelineProjects_May2018.xlsx,strong
P0237,Pacific Connector Gas Pipeline,,SegmentCost (USD million),,1700.0,missing_on_sheet,Pacific Connector Gas Pipeline,2018-05,https://www.eia.gov/naturalgas/pipelines/EIA-NaturalGasPipelineProjects_May2018.xlsx,strong
P0237,Pacific Connector Gas Pipeline,,StartYear1 vs EIA in-service year,2022.0,2021,differs,Pacific Connector Gas Pipeline,2018-05,https://www.eia.gov/naturalgas/pipelines/EIA-NaturalGasPipelineProjects_May2018.xlsx,strong
P0237,Pacific Connector Gas Pipeline,,Status,cancelled,Applied/On Hold (= shelved),differs,Pacific Connector Gas Pipeline,2018-05,https://www.eia.gov/naturalgas/pipelines/EIA-NaturalGasPipelineProjects_May2018.xlsx,strong
P0241,Port Arthur Gas Pipeline,Louisiana Connector,StartYear1 vs EIA in-service year,2023.0,2026,differs,Louisiana Connector- Port Arthur Pipeline,2026-08,https://www.eia.gov/naturalgas/pipelines/EIA-NaturalGasPipelineProjectsAug2026.xlsx,strong
P0242,Portland Natural Gas Transmission System (PNGTS), ,Capacity (MMcf/d),210.0,178.0,differs,PNGTS Portland Pipeline,2020-03,https://www.eia.gov/naturalgas/pipelines/EIA-NaturalGasPipelineProjects_March2020.xlsx,strong
P0245,Rio Bravo Pipeline Project,,Status,proposed,Construction (= construction),differs,Rio Bravo Pipeline Project,2026-01,https://www.eia.gov/naturalgas/pipelines/EIA-NaturalGasPipelineProjects_Jan2026.xlsx,strong
P0246,Rockies Express Gas Pipeline,Main Line,Capacity (MMcf/d),4050.0,194.4,differs,Rockies Express,2026-01,https://www.eia.gov/naturalgas/pipelines/EIA-NaturalGasPipelineProjects_Jan2026.xlsx,strong
P0246,Rockies Express Gas Pipeline,Main Line,Length (mi),1685.0,15.9,differs,Rockies Express,2026-01,https://www.eia.gov/naturalgas/pipelines/EIA-NaturalGasPipelineProjects_Jan2026.xlsx,strong
P0246,Rockies Express Gas Pipeline,Main Line,Diameter (in),"[24.0, 36.0, 42.0]",[20.0],differs,Rockies Express,2026-01,https://www.eia.gov/naturalgas/pipelines/EIA-NaturalGasPipelineProjects_Jan2026.xlsx,strong
P0246,Rockies Express Gas Pipeline,Main Line,StartYear1 vs EIA in-service year,2009.0,2027,differs,Rockies Express,2026-01,https://www.eia.gov/naturalgas/pipelines/EIA-NaturalGasPipelineProjects_Jan2026.xlsx,strong
P0246,Rockies Express Gas Pipeline,Main Line,Status,operating,Proposed (= proposed),differs,Rockies Express,2026-01,https://www.eia.gov/naturalgas/pipelines/EIA-NaturalGasPipelineProjects_Jan2026.xlsx,strong
P0261,Texas Eastern Transmission (TETCO) Gas Pipeline,Texas Eastern Appalachian Lease (TEAL) Gas Pipeline,StartYear1 vs EIA in-service year,2019.0,2018,differs,Appalachian Lease Project (TEAL),2018-05,https://www.eia.gov/naturalgas/pipelines/EIA-NaturalGasPipelineProjects_May2018.xlsx,strong
P0261,Texas Eastern Transmission (TETCO) Gas Pipeline,Texas Eastern Appalachian Lease (TEAL) Gas Pipeline,Status,operating,Construction (= construction),differs,Appalachian Lease Project (TEAL),2018-05,https://www.eia.gov/naturalgas/pipelines/EIA-NaturalGasPipelineProjects_May2018.xlsx,strong
P0268,Trans-Pecos Gas Pipeline,,SegmentCost (USD million),767.0,3.6,differs,Trans-Pecos Pipeline,2026-08,https://www.eia.gov/naturalgas/pipelines/EIA-NaturalGasPipelineProjectsAug2026.xlsx,strong
P0269,TransCameron Pipeline,,SegmentCost (USD million),,344.545,missing_on_sheet,TransCameron Pipeline,2026-08,https://www.eia.gov/naturalgas/pipelines/EIA-NaturalGasPipelineProjectsAug2026.xlsx,strong
P0279,WB Xpress Gas Pipeline,East and West Phase,Capacity (MMcf/d),1300.0,500.0,differs,WB (West Bound) Xpress (East),2026-08,https://www.eia.gov/naturalgas/pipelines/EIA-NaturalGasPipelineProjectsAug2026.xlsx,strong
P0283,Creole Trail Pipeline,Main Line,Length (mi),94.0,0.04,differs,Creole Trail Expansion Project 1,2026-08,https://www.eia.gov/naturalgas/pipelines/EIA-NaturalGasPipelineProjectsAug2026.xlsx,strong
P0283,Creole Trail Pipeline,Main Line,Diameter (in),[],[42.0],missing_on_sheet,Creole Trail Expansion Project 1,2026-08,https://www.eia.gov/naturalgas/pipelines/EIA-NaturalGasPipelineProjectsAug2026.xlsx,strong
P0283,Creole Trail Pipeline,Main Line,SegmentCost (USD million),800.0,100.0,differs,Creole Trail Expansion Project 1,2026-08,https://www.eia.gov/naturalgas/pipelines/EIA-NaturalGasPipelineProjectsAug2026.xlsx,strong
P0283,Creole Trail Pipeline,Main Line,StartYear1 vs EIA in-service year,2008.0,2015,differs,Creole Trail Expansion Project 1,2026-08,https://www.eia.gov/naturalgas/pipelines/EIA-NaturalGasPipelineProjectsAug2026.xlsx,strong
P0285,Haynesville Global Access Pipeline,,Status,cancelled,On Hold (= shelved),differs,Haynesville Global Access Pipeline,2025-04,https://www.eia.gov/naturalgas/pipelines/EIA-NaturalGasPipelineProjects_Apr2025.xlsx,strong
P0287,Gulf Coast Southbound Pipeline,Phase III,Status,construction,On Hold (= shelved),differs,NGPL Gulf Coast Southbound Project (Phase III),2026-08,https://www.eia.gov/naturalgas/pipelines/EIA-NaturalGasPipelineProjectsAug2026.xlsx,strong
P0289,Pecos Trail Pipeline,,Diameter (in),[],[42.0],missing_on_sheet,Pecos Trail Pipeline,2026-08,https://www.eia.gov/naturalgas/pipelines/EIA-NaturalGasPipelineProjectsAug2026.xlsx,strong
P0290,Nueva Era Pipeline,,StartYear1 vs EIA in-service year,2018.0,2017,differs,Impulsora Pipeline,2026-08,https://www.eia.gov/naturalgas/pipelines/EIA-NaturalGasPipelineProjectsAug2026.xlsx,strong
P0292,Prairie State Pipeline,,Diameter (in),[],[42.0],missing_on_sheet,Prairie State Pipeline,2026-08,https://www.eia.gov/naturalgas/pipelines/EIA-NaturalGasPipelineProjectsAug2026.xlsx,strong
P0302,Permian Highway Pipeline,,StartYear1 vs EIA in-service year,2020.0,2021,differs,Permian Highway Pipeline Project,2020-03,https://www.eia.gov/naturalgas/pipelines/EIA-NaturalGasPipelineProjects_March2020.xlsx,strong
P0302,Permian Highway Pipeline,,Status,operating,Construction (= construction),differs,Permian Highway Pipeline Project,2020-03,https://www.eia.gov/naturalgas/pipelines/EIA-NaturalGasPipelineProjects_March2020.xlsx,strong
P0307,Mountaineer Gas Pipeline,Phase I,Capacity (MMcf/d),,700.0,missing_on_sheet,Mountaineer XPress Pipeline Phase 1,2019-07,https://www.eia.gov/naturalgas/pipelines/EIA-NaturalGasPipelineProjects_July2019.xlsx,strong
P0307,Mountaineer Gas Pipeline,Phase I,Length (mi),27.526743816113893,171.0,differs,Mountaineer XPress Pipeline Phase 1,2019-07,https://www.eia.gov/naturalgas/pipelines/EIA-NaturalGasPipelineProjects_July2019.xlsx,strong
P0307,Mountaineer Gas Pipeline,Phase I,SegmentCost (USD million),,3000.0,missing_on_sheet,Mountaineer XPress Pipeline Phase 1,2019-07,https://www.eia.gov/naturalgas/pipelines/EIA-NaturalGasPipelineProjects_July2019.xlsx,strong
P0314,Permian Katy Pipeline,,Diameter (in),[],"[36.0, 42.0]",missing_on_sheet,Permian to Katy Pipeline,2026-08,https://www.eia.gov/naturalgas/pipelines/EIA-NaturalGasPipelineProjectsAug2026.xlsx,strong
P0315,Sooner Trails Pipeline,,Capacity (MMcf/d),,1400.0,missing_on_sheet,Sooner Trails Project,2026-08,https://www.eia.gov/naturalgas/pipelines/EIA-NaturalGasPipelineProjectsAug2026.xlsx,strong
P0315,Sooner Trails Pipeline,,Diameter (in),[],[36.0],missing_on_sheet,Sooner Trails Project,2026-08,https://www.eia.gov/naturalgas/pipelines/EIA-NaturalGasPipelineProjectsAug2026.xlsx,strong
P0315,Sooner Trails Pipeline,,SegmentCost (USD million),3500.0,300.0,differs,Sooner Trails Project,2026-08,https://www.eia.gov/naturalgas/pipelines/EIA-NaturalGasPipelineProjectsAug2026.xlsx,strong
P0315,Sooner Trails Pipeline,,StartYear1 vs EIA in-service year,,2018,missing_on_sheet,Sooner Trails Project,2026-08,https://www.eia.gov/naturalgas/pipelines/EIA-NaturalGasPipelineProjectsAug2026.xlsx,strong
P0316,South Saskatchewan Access Pipeline,,Status,operating,Approved (= proposed),differs,South Saskatchewan Access Pipeline,2018-08,https://www.eia.gov/naturalgas/pipelines/EIA-NaturalGasPipelineProjects_Aug2018.xlsx,strong
P0319,Whistler Pipeline,Mainline,Length (mi),474.72759086932314,620.0,differs,Whistler Pipeline Project,2021-07,https://www.eia.gov/naturalgas/pipelines/EIA-NaturalGasPipelineProjects_Jul2021.xlsx,strong
P0319,Whistler Pipeline,Mainline,Status,operating,Construction (= construction),differs,Whistler Pipeline Project,2021-07,https://www.eia.gov/naturalgas/pipelines/EIA-NaturalGasPipelineProjects_Jul2021.xlsx,strong
P0323,Greater Philadelphia Expansion Project,,Status,shelved,Announced (= proposed),differs,Greater Philadelphia Expansion,2025-04,https://www.eia.gov/naturalgas/pipelines/EIA-NaturalGasPipelineProjects_Apr2025.xlsx,strong
P0328,Island Gas Connector,,Capacity (MMcf/d),,700.0,missing_on_sheet,Island Gas Connector,2026-08,https://www.eia.gov/naturalgas/pipelines/EIA-NaturalGasPipelineProjectsAug2026.xlsx,strong
P0328,Island Gas Connector,,Diameter (in),[],[36.0],missing_on_sheet,Island Gas Connector,2026-08,https://www.eia.gov/naturalgas/pipelines/EIA-NaturalGasPipelineProjectsAug2026.xlsx,strong
P0359,Cheyenne Connector Pipeline,,Diameter (in),[],[36.0],missing_on_sheet,Cheyenne Connector Pipeline,2026-08,https://www.eia.gov/naturalgas/pipelines/EIA-NaturalGasPipelineProjectsAug2026.xlsx,strong
P0373,Corpus Christi Pipeline,,Capacity (MMcf/d),2250.0,1530.0,differs,Corpus Christi Stage III Pipeline,2026-08,https://www.eia.gov/naturalgas/pipelines/EIA-NaturalGasPipelineProjectsAug2026.xlsx,strong
P0373,Corpus Christi Pipeline,,Diameter (in),[48.0],[42.0],differs,Corpus Christi Stage III Pipeline,2026-08,https://www.eia.gov/naturalgas/pipelines/EIA-NaturalGasPipelineProjectsAug2026.xlsx,strong
P0373,Corpus Christi Pipeline,,SegmentCost (USD million),500.0,312.0,differs,Corpus Christi Stage III Pipeline,2026-08,https://www.eia.gov/naturalgas/pipelines/EIA-NaturalGasPipelineProjectsAug2026.xlsx,strong
P0373,Corpus Christi Pipeline,,StartYear1 vs EIA in-service year,2018.0,2027,differs,Corpus Christi Stage III Pipeline,2026-08,https://www.eia.gov/naturalgas/pipelines/EIA-NaturalGasPipelineProjectsAug2026.xlsx,strong
P0373,Corpus Christi Pipeline,,Status,operating,Construction (= construction),differs,Corpus Christi Stage III Pipeline,2026-08,https://www.eia.gov/naturalgas/pipelines/EIA-NaturalGasPipelineProjectsAug2026.xlsx,strong
P0378,Gulf Coast Express Pipeline,Main Line,Capacity (MMcf/d),1980.0,570.0,differs,Gulf Coast Express Expansion,2026-08,https://www.eia.gov/naturalgas/pipelines/EIA-NaturalGasPipelineProjectsAug2026.xlsx,strong
P0378,Gulf Coast Express Pipeline,Main Line,SegmentCost (USD million),1750.0,455.0,differs,Gulf Coast Express Expansion,2026-08,https://www.eia.gov/naturalgas/pipelines/EIA-NaturalGasPipelineProjectsAug2026.xlsx,strong
P0378,Gulf Coast Express Pipeline,Main Line,StartYear1 vs EIA in-service year,2019.0,2026,differs,Gulf Coast Express Expansion,2026-08,https://www.eia.gov/naturalgas/pipelines/EIA-NaturalGasPipelineProjectsAug2026.xlsx,strong
P0383,Pomelo Connector Pipeline,,StartYear1 vs EIA in-service year,2019.0,2018,differs,Pomelo Connector Pipeline,2026-08,https://www.eia.gov/naturalgas/pipelines/EIA-NaturalGasPipelineProjectsAug2026.xlsx,strong
P2009,Mountaineer Gas Pipeline,Phase III (Eastern Panhandle Expansion Project),Capacity (MMcf/d),4750.0,47.0,differs,Eastern Panhandle Expansion Project,2026-08,https://www.eia.gov/naturalgas/pipelines/EIA-NaturalGasPipelineProjectsAug2026.xlsx,strong
P2009,Mountaineer Gas Pipeline,Phase III (Eastern Panhandle Expansion Project),SegmentCost (USD million),,45.6,missing_on_sheet,Eastern Panhandle Expansion Project,2026-08,https://www.eia.gov/naturalgas/pipelines/EIA-NaturalGasPipelineProjectsAug2026.xlsx,strong
P2039,Gulf Coast Southbound Pipeline,Phase I,SegmentCost (USD million),,149.0,missing_on_sheet,NGPL Gulf Coast Southbound Phase I,2026-08,https://www.eia.gov/naturalgas/pipelines/EIA-NaturalGasPipelineProjectsAug2026.xlsx,strong
P2039,Gulf Coast Southbound Pipeline,Phase I,StartYear1 vs EIA in-service year,2017.0,2018,differs,NGPL Gulf Coast Southbound Phase I,2026-08,https://www.eia.gov/naturalgas/pipelines/EIA-NaturalGasPipelineProjectsAug2026.xlsx,strong
P2040,Mountaineer Gas Pipeline,Phase II,Capacity (MMcf/d),,2200.0,missing_on_sheet,Mountaineer XPress Pipeline Phase 2,2019-07,https://www.eia.gov/naturalgas/pipelines/EIA-NaturalGasPipelineProjects_July2019.xlsx,strong
P2040,Mountaineer Gas Pipeline,Phase II,Length (mi),24.482024974150956,171.0,differs,Mountaineer XPress Pipeline Phase 2,2019-07,https://www.eia.gov/naturalgas/pipelines/EIA-NaturalGasPipelineProjects_July2019.xlsx,strong
P2498,Agua Blanca Pipeline,,Length (mi),163.0,75.0,differs,Agua Blanca Pipeline,2026-08,https://www.eia.gov/naturalgas/pipelines/EIA-NaturalGasPipelineProjectsAug2026.xlsx,strong
P2499,Agua Blanca Pipeline,Sendero Gateway Project,Capacity (MMcf/d),400.0,1800.0,differs,Agua Blanca Expansion Project,2026-08,https://www.eia.gov/naturalgas/pipelines/EIA-NaturalGasPipelineProjectsAug2026.xlsx,strong
P2499,Agua Blanca Pipeline,Sendero Gateway Project,Diameter (in),[24.0],[42.0],differs,Agua Blanca Expansion Project,2026-08,https://www.eia.gov/naturalgas/pipelines/EIA-NaturalGasPipelineProjectsAug2026.xlsx,strong
P2499,Agua Blanca Pipeline,Sendero Gateway Project,StartYear1 vs EIA in-service year,2020.0,2021,differs,Agua Blanca Expansion Project,2026-08,https://www.eia.gov/naturalgas/pipelines/EIA-NaturalGasPipelineProjectsAug2026.xlsx,strong
P2509,Texas Eastern Transmission (TETCO) Gas Pipeline,Cameron Expansion Project,Capacity (MMcf/d),750.0,1500.0,differs,Cameron Pipeline Expansion,2026-08,https://www.eia.gov/naturalgas/pipelines/EIA-NaturalGasPipelineProjectsAug2026.xlsx,strong
P2509,Texas Eastern Transmission (TETCO) Gas Pipeline,Cameron Expansion Project,Length (mi),0.19883878151594686,3.58,differs,Cameron Pipeline Expansion,2026-08,https://www.eia.gov/naturalgas/pipelines/EIA-NaturalGasPipelineProjectsAug2026.xlsx,strong
P2509,Texas Eastern Transmission (TETCO) Gas Pipeline,Cameron Expansion Project,Diameter (in),[20.0],[36.0],differs,Cameron Pipeline Expansion,2026-08,https://www.eia.gov/naturalgas/pipelines/EIA-NaturalGasPipelineProjectsAug2026.xlsx,strong
P2509,Texas Eastern Transmission (TETCO) Gas Pipeline,Cameron Expansion Project,StartYear1 vs EIA in-service year,2021.0,2017,differs,Cameron Pipeline Expansion,2026-08,https://www.eia.gov/naturalgas/pipelines/EIA-NaturalGasPipelineProjectsAug2026.xlsx,strong
P2517,Rockies Express Gas Pipeline,Cheyenne Hub Enhancement Expansion,Capacity (MMcf/d),1000.0,194.4,differs,Rockies Express,2026-01,https://www.eia.gov/naturalgas/pipelines/EIA-NaturalGasPipelineProjects_Jan2026.xlsx,strong
P2517,Rockies Express Gas Pipeline,Cheyenne Hub Enhancement Expansion,Length (mi),0.0,15.9,differs,Rockies Express,2026-01,https://www.eia.gov/naturalgas/pipelines/EIA-NaturalGasPipelineProjects_Jan2026.xlsx,strong
P2517,Rockies Express Gas Pipeline,Cheyenne Hub Enhancement Expansion,Diameter (in),[],[20.0],missing_on_sheet,Rockies Express,2026-01,https://www.eia.gov/naturalgas/pipelines/EIA-NaturalGasPipelineProjects_Jan2026.xlsx,strong
P2517,Rockies Express Gas Pipeline,Cheyenne Hub Enhancement Expansion,StartYear1 vs EIA in-service year,2020.0,2027,differs,Rockies Express,2026-01,https://www.eia.gov/naturalgas/pipelines/EIA-NaturalGasPipelineProjects_Jan2026.xlsx,strong
P2517,Rockies Express Gas Pipeline,Cheyenne Hub Enhancement Expansion,Status,operating,Proposed (= proposed),differs,Rockies Express,2026-01,https://www.eia.gov/naturalgas/pipelines/EIA-NaturalGasPipelineProjects_Jan2026.xlsx,strong
P2521,Corpus Christi Pipeline,Stage III Pipeline,SegmentCost (USD million),,312.0,missing_on_sheet,Corpus Christi Stage III Pipeline,2026-08,https://www.eia.gov/naturalgas/pipelines/EIA-NaturalGasPipelineProjectsAug2026.xlsx,strong
P2521,Corpus Christi Pipeline,Stage III Pipeline,StartYear1 vs EIA in-service year,2022.0,2027,differs,Corpus Christi Stage III Pipeline,2026-08,https://www.eia.gov/naturalgas/pipelines/EIA-NaturalGasPipelineProjectsAug2026.xlsx,strong
P2521,Corpus Christi Pipeline,Stage III Pipeline,Status,operating,Construction (= construction),differs,Corpus Christi Stage III Pipeline,2026-08,https://www.eia.gov/naturalgas/pipelines/EIA-NaturalGasPipelineProjectsAug2026.xlsx,strong
P2526,Donlin Gold Mine Gas Pipeline,,SegmentCost (USD million),783.0,315.0,differs,Donlin Gold Mine Pipeline,2026-08,https://www.eia.gov/naturalgas/pipelines/EIA-NaturalGasPipelineProjectsAug2026.xlsx,strong
P2526,Donlin Gold Mine Gas Pipeline,,Status,proposed,On Hold (= shelved),differs,Donlin Gold Mine Pipeline,2026-08,https://www.eia.gov/naturalgas/pipelines/EIA-NaturalGasPipelineProjectsAug2026.xlsx,strong
P2531,Empire Pipeline,North Expansion,Capacity (MMcf/d),300.0,205.0,differs,Empire North Expansion Project,2026-08,https://www.eia.gov/naturalgas/pipelines/EIA-NaturalGasPipelineProjectsAug2026.xlsx,strong
P2536,Evangeline Pass Gas Pipeline,,SegmentCost (USD million),672.0,261.7,differs,Evangeline Pass Expansion Project,2024-01,https://www.eia.gov/naturalgas/pipelines/EIA-NaturalGasPipelineProjects_Jan2024.xlsx,strong
P2536,Evangeline Pass Gas Pipeline,,Status,operating,Construction (= construction),differs,Evangeline Pass Expansion Project,2024-01,https://www.eia.gov/naturalgas/pipelines/EIA-NaturalGasPipelineProjects_Jan2024.xlsx,strong
P2537,National Fuel Gas Supply Corporation Gas Pipeline,FM 100 Project,SegmentCost (USD million),,279.0,missing_on_sheet,FM 100 Project,2026-08,https://www.eia.gov/naturalgas/pipelines/EIA-NaturalGasPipelineProjectsAug2026.xlsx,strong
P2537,National Fuel Gas Supply Corporation Gas Pipeline,FM 100 Project,StartYear1 vs EIA in-service year,2022.0,2021,differs,FM 100 Project,2026-08,https://www.eia.gov/naturalgas/pipelines/EIA-NaturalGasPipelineProjectsAug2026.xlsx,strong
P2538,Transcontinental Gas Pipeline,Gateway Expansion Project,StartYear1 vs EIA in-service year,2022.0,2020,differs,Gateway Expansion Project,2026-08,https://www.eia.gov/naturalgas/pipelines/EIA-NaturalGasPipelineProjectsAug2026.xlsx,strong
P2538,Transcontinental Gas Pipeline,Gateway Expansion Project,Status,construction,Completed (= operating),differs,Gateway Expansion Project,2026-08,https://www.eia.gov/naturalgas/pipelines/EIA-NaturalGasPipelineProjectsAug2026.xlsx,strong
P2539,Golden Pass Gas Pipeline,,StartYear1 vs EIA in-service year,2025.0,2011,differs,Golden Pass Pipeline,2026-08,https://www.eia.gov/naturalgas/pipelines/EIA-NaturalGasPipelineProjectsAug2026.xlsx,strong
P2539,Golden Pass Gas Pipeline,,Status,construction,Completed (= operating),differs,Golden Pass Pipeline,2026-08,https://www.eia.gov/naturalgas/pipelines/EIA-NaturalGasPipelineProjectsAug2026.xlsx,strong
P2541,Gulf Coast Southbound Pipeline,Phase II,Capacity (MMcf/d),300.0,250.0,differs,NGPL Gulf Coast Southbound Phase II,2019-01,https://www.eia.gov/naturalgas/pipelines/EIA-NaturalGasPipelineProjects_Jan2019.xlsx,strong
P2541,Gulf Coast Southbound Pipeline,Phase II,StartYear1 vs EIA in-service year,2021.0,2019,differs,NGPL Gulf Coast Southbound Phase II,2019-01,https://www.eia.gov/naturalgas/pipelines/EIA-NaturalGasPipelineProjects_Jan2019.xlsx,strong
P2541,Gulf Coast Southbound Pipeline,Phase II,Status,operating,Announced (= proposed),differs,NGPL Gulf Coast Southbound Phase II,2019-01,https://www.eia.gov/naturalgas/pipelines/EIA-NaturalGasPipelineProjects_Jan2019.xlsx,strong
P2545,Transcontinental Gas Pipeline,"Hillabee Expansion Project, Phase 3",StartYear1 vs EIA in-service year,2026.0,2027,differs,Hillabee Expansion Phase 3,2026-08,https://www.eia.gov/naturalgas/pipelines/EIA-NaturalGasPipelineProjectsAug2026.xlsx,strong
P2545,Transcontinental Gas Pipeline,"Hillabee Expansion Project, Phase 3",Status,proposed,On Hold (= shelved),differs,Hillabee Expansion Phase 3,2026-08,https://www.eia.gov/naturalgas/pipelines/EIA-NaturalGasPipelineProjectsAug2026.xlsx,strong
P2556,Columbia Gas Transmission,Louisiana XPress Expansion Project,Status,construction,Completed (= operating),differs,Louisiana XPress Project,2026-08,https://www.eia.gov/naturalgas/pipelines/EIA-NaturalGasPipelineProjectsAug2026.xlsx,strong
P2562,Texas Eastern Transmission (TETCO) Gas Pipeline,Middlesex Expansion Project,StartYear1 vs EIA in-service year,2022.0,2021,differs,Middlesex Expansion Project,2026-08,https://www.eia.gov/naturalgas/pipelines/EIA-NaturalGasPipelineProjectsAug2026.xlsx,strong
P2564,Southern Star Central Gas Pipeline,Midwest Market Access Project,Capacity (MMcf/d),40.0,160.0,differs,Midwest Market Access Project,2026-08,https://www.eia.gov/naturalgas/pipelines/EIA-NaturalGasPipelineProjectsAug2026.xlsx,strong
P2564,Southern Star Central Gas Pipeline,Midwest Market Access Project,Status,cancelled,On Hold (= shelved),differs,Midwest Market Access Project,2026-08,https://www.eia.gov/naturalgas/pipelines/EIA-NaturalGasPipelineProjectsAug2026.xlsx,strong
P2566,MoGas Pipeline,Expansion Project,Diameter (in),[],[16.0],missing_on_sheet,MoGas Expansion Project,2026-01,https://www.eia.gov/naturalgas/pipelines/EIA-NaturalGasPipelineProjects_Jan2026.xlsx,strong
P2567,Mountain Valley Gas Pipeline (MVP),Southgate Expansion,Capacity (MMcf/d),550.0,2000.0,differs,Mountain Valley Pipeline,2026-08,https://www.eia.gov/naturalgas/pipelines/EIA-NaturalGasPipelineProjectsAug2026.xlsx,strong
P2567,Mountain Valley Gas Pipeline (MVP),Southgate Expansion,Length (mi),31.0,303.5,differs,Mountain Valley Pipeline,2026-08,https://www.eia.gov/naturalgas/pipelines/EIA-NaturalGasPipelineProjectsAug2026.xlsx,strong
P2567,Mountain Valley Gas Pipeline (MVP),Southgate Expansion,Diameter (in),[31.3],[42.0],differs,Mountain Valley Pipeline,2026-08,https://www.eia.gov/naturalgas/pipelines/EIA-NaturalGasPipelineProjectsAug2026.xlsx,strong
P2567,Mountain Valley Gas Pipeline (MVP),Southgate Expansion,SegmentCost (USD million),370.0,6600.0,differs,Mountain Valley Pipeline,2026-08,https://www.eia.gov/naturalgas/pipelines/EIA-NaturalGasPipelineProjectsAug2026.xlsx,strong
P2567,Mountain Valley Gas Pipeline (MVP),Southgate Expansion,StartYear1 vs EIA in-service year,2028.0,2024,differs,Mountain Valley Pipeline,2026-08,https://www.eia.gov/naturalgas/pipelines/EIA-NaturalGasPipelineProjectsAug2026.xlsx,strong
P2567,Mountain Valley Gas Pipeline (MVP),Southgate Expansion,Status,proposed,Completed (= operating),differs,Mountain Valley Pipeline,2026-08,https://www.eia.gov/naturalgas/pipelines/EIA-NaturalGasPipelineProjectsAug2026.xlsx,strong
P2574,Transcontinental Gas Pipeline,Northeast Supply Enhancement Pipelines,StartYear1 vs EIA in-service year,2020.0,2027,differs,Northeast Supply Enhancement Project,2025-10,https://www.eia.gov/naturalgas/pipelines/EIA-NaturalGasPipelineProjects_Oct2025.xlsx,strong
P2574,Transcontinental Gas Pipeline,Northeast Supply Enhancement Pipelines,Status,cancelled,Construction (= construction),differs,Northeast Supply Enhancement Project,2025-10,https://www.eia.gov/naturalgas/pipelines/EIA-NaturalGasPipelineProjects_Oct2025.xlsx,strong
P2578,Northern Natural Gas Pipeline,Northern Lights 2019 Expansion Project,Capacity (MMcf/d),101.41,45.7,differs,Northern Lights 2021 Expansion,2026-08,https://www.eia.gov/naturalgas/pipelines/EIA-NaturalGasPipelineProjectsAug2026.xlsx,strong
P2578,Northern Natural Gas Pipeline,Northern Lights 2019 Expansion Project,Length (mi),18.8,21.6,differs,Northern Lights 2021 Expansion,2026-08,https://www.eia.gov/naturalgas/pipelines/EIA-NaturalGasPipelineProjectsAug2026.xlsx,strong
P2578,Northern Natural Gas Pipeline,Northern Lights 2019 Expansion Project,SegmentCost (USD million),158.07,57.4,differs,Northern Lights 2021 Expansion,2026-08,https://www.eia.gov/naturalgas/pipelines/EIA-NaturalGasPipelineProjectsAug2026.xlsx,strong
P2578,Northern Natural Gas Pipeline,Northern Lights 2019 Expansion Project,StartYear1 vs EIA in-service year,2019.0,2022,differs,Northern Lights 2021 Expansion,2026-08,https://www.eia.gov/naturalgas/pipelines/EIA-NaturalGasPipelineProjectsAug2026.xlsx,strong
P2582,Permian Pass Gas Pipeline,,Status,cancelled,Announced (= proposed),differs,Permian Pass Pipeline Project,2021-01,https://www.eia.gov/naturalgas/pipelines/EIA-NaturalGasPipelineProjects_Jan2021.xlsx,strong
P2600,Transcontinental Gas Pipeline,Regional Energy Access Project (Phase I and II),Capacity (MMcf/d),1050.0,829.0,differs,Regional Energy Access Project (Phase I and II),2026-08,https://www.eia.gov/naturalgas/pipelines/EIA-NaturalGasPipelineProjectsAug2026.xlsx,strong
P2600,Transcontinental Gas Pipeline,Regional Energy Access Project (Phase I and II),StartYear1 vs EIA in-service year,2023.0,2024,differs,Regional Energy Access Project (Phase I and II),2026-08,https://www.eia.gov/naturalgas/pipelines/EIA-NaturalGasPipelineProjectsAug2026.xlsx,strong
P2600,Transcontinental Gas Pipeline,Regional Energy Access Project (Phase I and II),Status,proposed,Completed (= operating),differs,Regional Energy Access Project (Phase I and II),2026-08,https://www.eia.gov/naturalgas/pipelines/EIA-NaturalGasPipelineProjectsAug2026.xlsx,strong
P2602,Roadrunner Pipeline,Phase 3,Status,cancelled,On Hold (= shelved),differs,Roadrunner Gas Transmission Phase 3,2026-08,https://www.eia.gov/naturalgas/pipelines/EIA-NaturalGasPipelineProjectsAug2026.xlsx,strong
P2615,Sierrita Gas Pipeline,Sierrita Pima Expansion Project,Length (mi),0.0,60.9,differs,Sierrita Pima Expansion,2026-08,https://www.eia.gov/naturalgas/pipelines/EIA-NaturalGasPipelineProjectsAug2026.xlsx,strong
P2615,Sierrita Gas Pipeline,Sierrita Pima Expansion Project,SegmentCost (USD million),56.0,46.3,differs,Sierrita Pima Expansion,2026-08,https://www.eia.gov/naturalgas/pipelines/EIA-NaturalGasPipelineProjectsAug2026.xlsx,strong
P2622,Atlantic Coast Gas Pipeline,Supply Header Project,Length (mi),38.02791696492484,600.0,differs,Atlantic Coast Pipeline,2026-08,https://www.eia.gov/naturalgas/pipelines/EIA-NaturalGasPipelineProjectsAug2026.xlsx,strong
P2622,Atlantic Coast Gas Pipeline,Supply Header Project,SegmentCost (USD million),,5100.0,missing_on_sheet,Atlantic Coast Pipeline,2026-08,https://www.eia.gov/naturalgas/pipelines/EIA-NaturalGasPipelineProjectsAug2026.xlsx,strong
P2630,Dominion Gas Pipeline,West Loop Expansion Project,Status,operating,Announced (= proposed),differs,Dominion West Loop Project,2020-03,https://www.eia.gov/naturalgas/pipelines/EIA-NaturalGasPipelineProjects_March2020.xlsx,strong
P2631,Portland Natural Gas Transmission System (PNGTS),Westbrook Xpress Project Phase 2,SegmentCost (USD million),,117.3,missing_on_sheet,Westbrook Xpress Project Phase 2,2026-08,https://www.eia.gov/naturalgas/pipelines/EIA-NaturalGasPipelineProjectsAug2026.xlsx,strong
P2649,Columbia-to-Eastover Gas Pipeline,,Status,operating,Construction (= construction),differs,Columbia to Eastover Pipeline,2026-08,https://www.eia.gov/naturalgas/pipelines/EIA-NaturalGasPipelineProjectsAug2026.xlsx,strong
P2651,Iroquois Gas Pipeline,Wright Interconnect Expansion Project,SegmentCost (USD million),75.0,152.0,differs,Wright Interconnect Project,2026-08,https://www.eia.gov/naturalgas/pipelines/EIA-NaturalGasPipelineProjectsAug2026.xlsx,strong
P2651,Iroquois Gas Pipeline,Wright Interconnect Expansion Project,StartYear1 vs EIA in-service year,,2028,missing_on_sheet,Wright Interconnect Project,2026-08,https://www.eia.gov/naturalgas/pipelines/EIA-NaturalGasPipelineProjectsAug2026.xlsx,strong
P2651,Iroquois Gas Pipeline,Wright Interconnect Expansion Project,Status,cancelled,Pre-applied (= proposed),differs,Wright Interconnect Project,2026-08,https://www.eia.gov/naturalgas/pipelines/EIA-NaturalGasPipelineProjectsAug2026.xlsx,strong
P2720,Delaware Basin Gas Pipeline,,Capacity (MMcf/d),,600.0,missing_on_sheet,Delaware Basin Express Pipeline Project,2026-08,https://www.eia.gov/naturalgas/pipelines/EIA-NaturalGasPipelineProjectsAug2026.xlsx,strong
P2720,Delaware Basin Gas Pipeline,,Diameter (in),[],"[36.0, 42.0]",missing_on_sheet,Delaware Basin Express Pipeline Project,2026-08,https://www.eia.gov/naturalgas/pipelines/EIA-NaturalGasPipelineProjectsAug2026.xlsx,strong
P2720,Delaware Basin Gas Pipeline,,Status,operating,Cancelled (= cancelled),differs,Delaware Basin Express Pipeline Project,2026-08,https://www.eia.gov/naturalgas/pipelines/EIA-NaturalGasPipelineProjectsAug2026.xlsx,strong
P2733,Transcontinental Gas Pipeline,"Hillabee Expansion Project, Phase 1",Diameter (in),[],"[42.0, 48.0]",missing_on_sheet,Hillabee Expansion phase 1,2026-08,https://www.eia.gov/naturalgas/pipelines/EIA-NaturalGasPipelineProjectsAug2026.xlsx,strong
P2733,Transcontinental Gas Pipeline,"Hillabee Expansion Project, Phase 1",SegmentCost (USD million),,300.0,missing_on_sheet,Hillabee Expansion phase 1,2026-08,https://www.eia.gov/naturalgas/pipelines/EIA-NaturalGasPipelineProjectsAug2026.xlsx,strong
P2734,Northern Natural Gas Pipeline,Northern Lights 2017 Expansion Project,Length (mi),3.1068559611866697,5.0,differs,Northern Lights 2017 Expansion,2020-03,https://www.eia.gov/naturalgas/pipelines/EIA-NaturalGasPipelineProjects_March2020.xlsx,docket
P2737,Delta Express Gas Pipeline,,Capacity (MMcf/d),,2000.0,missing_on_sheet,Delta Express Pipeline Project,2026-08,https://www.eia.gov/naturalgas/pipelines/EIA-NaturalGasPipelineProjectsAug2026.xlsx,strong
P3185,Alliance Gas Pipeline,Three Rivers Interconnection Project,SegmentCost (USD million),39.3124,27.7,differs,Three Rivers Interconnection Project,2026-08,https://www.eia.gov/naturalgas/pipelines/EIA-NaturalGasPipelineProjectsAug2026.xlsx,strong
P3186,ANR Gas Pipeline,Grand Chenier XPress Project,SegmentCost (USD million),,200.0,missing_on_sheet,Grand Chenier XPress Project,2026-08,https://www.eia.gov/naturalgas/pipelines/EIA-NaturalGasPipelineProjectsAug2026.xlsx,strong
P3186,ANR Gas Pipeline,Grand Chenier XPress Project,Status,construction,Completed (= operating),differs,Grand Chenier XPress Project,2026-08,https://www.eia.gov/naturalgas/pipelines/EIA-NaturalGasPipelineProjectsAug2026.xlsx,strong
P3187,ANR Gas Pipeline,Wisconsin Access Project,Capacity (MMcf/d),72.0,50.7,differs,Wisconsin Access Project,2026-08,https://www.eia.gov/naturalgas/pipelines/EIA-NaturalGasPipelineProjectsAug2026.xlsx,strong
P3187,ANR Gas Pipeline,Wisconsin Access Project,SegmentCost (USD million),,5.5,missing_on_sheet,Wisconsin Access Project,2026-08,https://www.eia.gov/naturalgas/pipelines/EIA-NaturalGasPipelineProjectsAug2026.xlsx,strong
P3187,ANR Gas Pipeline,Wisconsin Access Project,Status,proposed,Completed (= operating),differs,Wisconsin Access Project,2026-08,https://www.eia.gov/naturalgas/pipelines/EIA-NaturalGasPipelineProjectsAug2026.xlsx,strong
P3188,Columbia Gas Transmission,East Lateral Xpress Project,Capacity (MMcf/d),183.0,725.0,differs,East Lateral Xpress Project,2026-08,https://www.eia.gov/naturalgas/pipelines/EIA-NaturalGasPipelineProjectsAug2026.xlsx,strong
P3189,Columbia Gas Transmission,Marysville Connector Pipeline,Status,shelved,Approved (= proposed),differs,Marysville Connector Pipeline,2026-08,https://www.eia.gov/naturalgas/pipelines/EIA-NaturalGasPipelineProjectsAug2026.xlsx,strong
P3198,Port Arthur Gas Pipeline,Texas Connector,StartYear1 vs EIA in-service year,2023.0,2022,differs,Port Arthur Pipeline- Texas Connector,2020-03,https://www.eia.gov/naturalgas/pipelines/EIA-NaturalGasPipelineProjects_March2020.xlsx,strong
P3200,Transcontinental Gas Pipeline,VNG Interconnect,Length (mi),6.2137119223733395,10.0,differs,VNG Interconnect,2026-08,https://www.eia.gov/naturalgas/pipelines/EIA-NaturalGasPipelineProjectsAug2026.xlsx,strong
P3201,Transcontinental Gas Pipeline,Southeastern Trail Expansion Project,SegmentCost (USD million),,404.8,missing_on_sheet,Southeastern Trail Expansion Project,2021-10,https://www.eia.gov/naturalgas/pipelines/EIA-NaturalGasPipelineProjects_Oct2021.xlsx,strong
P3201,Transcontinental Gas Pipeline,Southeastern Trail Expansion Project,StartYear1 vs EIA in-service year,2022.0,2021,differs,Southeastern Trail Expansion Project,2021-10,https://www.eia.gov/naturalgas/pipelines/EIA-NaturalGasPipelineProjects_Oct2021.xlsx,strong
P3201,Transcontinental Gas Pipeline,Southeastern Trail Expansion Project,Status,proposed,Completed (= operating),differs,Southeastern Trail Expansion Project,2021-10,https://www.eia.gov/naturalgas/pipelines/EIA-NaturalGasPipelineProjects_Oct2021.xlsx,strong
P3242,Florida Gas Transmission Pipeline,Galveston County Project,StartYear1 vs EIA in-service year,2022.0,2021,differs,Galveston County Project,2026-08,https://www.eia.gov/naturalgas/pipelines/EIA-NaturalGasPipelineProjectsAug2026.xlsx,strong
P3279,Iroquois Gas Pipeline,Enhancement by Compression (ExC) Project,StartYear1 vs EIA in-service year,2027.0,2023,differs,Iroquois Enhancement by Compression Project,2022-01,https://www.eia.gov/naturalgas/pipelines/EIA-NaturalGasPipelineProjects_Jan2022.xlsx,strong
P3282,Driftwood LNG Pipeline,Line 200 and Line 300 Expansion (Phase 1),StartYear1 vs EIA in-service year,2026.0,2028,differs,Driftwood Line 200 and 300 Project Phase 1,2026-05,https://www.eia.gov/naturalgas/pipelines/EIA-NaturalGasPipelineProjects_May2026.xlsx,strong
P3283,Acadian Gas Pipeline System,Gillis Lateral,Capacity (MMcf/d),1000.0,300.0,differs,Gillis Lateral,2026-08,https://www.eia.gov/naturalgas/pipelines/EIA-NaturalGasPipelineProjectsAug2026.xlsx,strong
P3296,Transcontinental Gas Pipeline,Gulf Connector Expansion,SegmentCost (USD million),,197.0,missing_on_sheet,Gulf Connector Expansion Project,2026-08,https://www.eia.gov/naturalgas/pipelines/EIA-NaturalGasPipelineProjectsAug2026.xlsx,strong
P3584,North Bakken Expansion Pipeline,Tioga–Elkhorn Creek Pipeline,Diameter (in),[24.0],[20.0],differs,North Bakken Expansion Project,2026-08,https://www.eia.gov/naturalgas/pipelines/EIA-NaturalGasPipelineProjectsAug2026.xlsx,strong
P3584,North Bakken Expansion Pipeline,Tioga–Elkhorn Creek Pipeline,SegmentCost (USD million),,260.5,missing_on_sheet,North Bakken Expansion Project,2026-08,https://www.eia.gov/naturalgas/pipelines/EIA-NaturalGasPipelineProjectsAug2026.xlsx,strong
P3585,North Bakken Expansion Pipeline,Line Section 25 Loop Pipeline,Length (mi),20.3,62.0,differs,North Bakken Expansion Project,2026-08,https://www.eia.gov/naturalgas/pipelines/EIA-NaturalGasPipelineProjectsAug2026.xlsx,strong
P3585,North Bakken Expansion Pipeline,Line Section 25 Loop Pipeline,Diameter (in),[12.0],[20.0],differs,North Bakken Expansion Project,2026-08,https://www.eia.gov/naturalgas/pipelines/EIA-NaturalGasPipelineProjectsAug2026.xlsx,strong
P3585,North Bakken Expansion Pipeline,Line Section 25 Loop Pipeline,SegmentCost (USD million),,260.5,missing_on_sheet,North Bakken Expansion Project,2026-08,https://www.eia.gov/naturalgas/pipelines/EIA-NaturalGasPipelineProjectsAug2026.xlsx,strong
P3586,North Bakken Expansion Pipeline,Line Section 30 Loop Pipeline,Length (mi),9.6,62.0,differs,North Bakken Expansion Project,2026-08,https://www.eia.gov/naturalgas/pipelines/EIA-NaturalGasPipelineProjectsAug2026.xlsx,strong
P3586,North Bakken Expansion Pipeline,Line Section 30 Loop Pipeline,Diameter (in),[12.0],[20.0],differs,North Bakken Expansion Project,2026-08,https://www.eia.gov/naturalgas/pipelines/EIA-NaturalGasPipelineProjectsAug2026.xlsx,strong
P3586,North Bakken Expansion Pipeline,Line Section 30 Loop Pipeline,SegmentCost (USD million),,260.5,missing_on_sheet,North Bakken Expansion Project,2026-08,https://www.eia.gov/naturalgas/pipelines/EIA-NaturalGasPipelineProjectsAug2026.xlsx,strong
P3587,North Bakken Expansion Pipeline,Tioga Compressor Lateral Pipeline,Length (mi),0.5,62.0,differs,North Bakken Expansion Project,2026-08,https://www.eia.gov/naturalgas/pipelines/EIA-NaturalGasPipelineProjectsAug2026.xlsx,strong
P3587,North Bakken Expansion Pipeline,Tioga Compressor Lateral Pipeline,SegmentCost (USD million),,260.5,missing_on_sheet,North Bakken Expansion Project,2026-08,https://www.eia.gov/naturalgas/pipelines/EIA-NaturalGasPipelineProjectsAug2026.xlsx,strong
P3588,North Bakken Expansion Pipeline,Elkhorn Creek–Northern Border Pipeline,Length (mi),0.3,62.0,differs,North Bakken Expansion Project,2026-08,https://www.eia.gov/naturalgas/pipelines/EIA-NaturalGasPipelineProjectsAug2026.xlsx,strong
P3588,North Bakken Expansion Pipeline,Elkhorn Creek–Northern Border Pipeline,Diameter (in),[24.0],[20.0],differs,North Bakken Expansion Project,2026-08,https://www.eia.gov/naturalgas/pipelines/EIA-NaturalGasPipelineProjectsAug2026.xlsx,strong
P3588,North Bakken Expansion Pipeline,Elkhorn Creek–Northern Border Pipeline,SegmentCost (USD million),,260.5,missing_on_sheet,North Bakken Expansion Project,2026-08,https://www.eia.gov/naturalgas/pipelines/EIA-NaturalGasPipelineProjectsAug2026.xlsx,strong
P3589,CP Express Pipeline,,Capacity (MMcf/d),4000.0,1000.0,differs,CJ Express Pipeline,2026-08,https://www.eia.gov/naturalgas/pipelines/EIA-NaturalGasPipelineProjectsAug2026.xlsx,strong
P3589,CP Express Pipeline,,Length (mi),91.4,107.0,differs,CJ Express Pipeline,2026-08,https://www.eia.gov/naturalgas/pipelines/EIA-NaturalGasPipelineProjectsAug2026.xlsx,strong
P3589,CP Express Pipeline,,Diameter (in),"[24.0, 48.0]",[36.0],differs,CJ Express Pipeline,2026-08,https://www.eia.gov/naturalgas/pipelines/EIA-NaturalGasPipelineProjectsAug2026.xlsx,strong
P3589,CP Express Pipeline,,StartYear1 vs EIA in-service year,2027.0,2021,differs,CJ Express Pipeline,2026-08,https://www.eia.gov/naturalgas/pipelines/EIA-NaturalGasPipelineProjectsAug2026.xlsx,strong
P3589,CP Express Pipeline,,Status,construction,Completed (= operating),differs,CJ Express Pipeline,2026-08,https://www.eia.gov/naturalgas/pipelines/EIA-NaturalGasPipelineProjectsAug2026.xlsx,strong
P3590,Port Arthur Gas Pipeline,Louisiana Connector Extension Project,Capacity (MMcf/d),,2000.0,missing_on_sheet,Louisiana Connector- Port Arthur Pipeline,2026-08,https://www.eia.gov/naturalgas/pipelines/EIA-NaturalGasPipelineProjectsAug2026.xlsx,strong
P3590,Port Arthur Gas Pipeline,Louisiana Connector Extension Project,Length (mi),252.0,77.0,differs,Louisiana Connector- Port Arthur Pipeline,2026-08,https://www.eia.gov/naturalgas/pipelines/EIA-NaturalGasPipelineProjectsAug2026.xlsx,strong
P3590,Port Arthur Gas Pipeline,Louisiana Connector Extension Project,Diameter (in),[48.0],[42.0],differs,Louisiana Connector- Port Arthur Pipeline,2026-08,https://www.eia.gov/naturalgas/pipelines/EIA-NaturalGasPipelineProjectsAug2026.xlsx,strong
P3590,Port Arthur Gas Pipeline,Louisiana Connector Extension Project,SegmentCost (USD million),,1207.0,missing_on_sheet,Louisiana Connector- Port Arthur Pipeline,2026-08,https://www.eia.gov/naturalgas/pipelines/EIA-NaturalGasPipelineProjectsAug2026.xlsx,strong
P3590,Port Arthur Gas Pipeline,Louisiana Connector Extension Project,StartYear1 vs EIA in-service year,2023.0,2026,differs,Louisiana Connector- Port Arthur Pipeline,2026-08,https://www.eia.gov/naturalgas/pipelines/EIA-NaturalGasPipelineProjectsAug2026.xlsx,strong
P3882,Matterhorn Express Gas Pipeline,,Length (mi),580.0,687.0,differs,Matterhorn Express Pipeline,2024-10,https://www.eia.gov/naturalgas/pipelines/EIA-NaturalGasPipelineProjects_Oct2024.xlsx,strong
P3884,Permian Highway Pipeline,Capacity Expansion,Capacity (MMcf/d),550.0,2100.0,differs,Permian Highway Pipeline Project,2020-03,https://www.eia.gov/naturalgas/pipelines/EIA-NaturalGasPipelineProjects_March2020.xlsx,strong
P3884,Permian Highway Pipeline,Capacity Expansion,Length (mi),15.0,430.0,differs,Permian Highway Pipeline Project,2020-03,https://www.eia.gov/naturalgas/pipelines/EIA-NaturalGasPipelineProjects_March2020.xlsx,strong
P3884,Permian Highway Pipeline,Capacity Expansion,StartYear1 vs EIA in-service year,2023.0,2021,differs,Permian Highway Pipeline Project,2020-03,https://www.eia.gov/naturalgas/pipelines/EIA-NaturalGasPipelineProjects_March2020.xlsx,strong
P3884,Permian Highway Pipeline,Capacity Expansion,Status,operating,Construction (= construction),differs,Permian Highway Pipeline Project,2020-03,https://www.eia.gov/naturalgas/pipelines/EIA-NaturalGasPipelineProjects_March2020.xlsx,strong
P3885,Hugh Brinson Gas Pipeline,,Capacity (MMcf/d),3700.0,1500.0,differs,Warrior Pipeline,2024-10,https://www.eia.gov/naturalgas/pipelines/EIA-NaturalGasPipelineProjects_Oct2024.xlsx,strong
P3885,Hugh Brinson Gas Pipeline,,Length (mi),442.0,325.0,differs,Warrior Pipeline,2024-10,https://www.eia.gov/naturalgas/pipelines/EIA-NaturalGasPipelineProjects_Oct2024.xlsx,strong
P3885,Hugh Brinson Gas Pipeline,,Status,construction,Announced (= proposed),differs,Warrior Pipeline,2024-10,https://www.eia.gov/naturalgas/pipelines/EIA-NaturalGasPipelineProjects_Oct2024.xlsx,strong
P3886,Gulf Coast Express Pipeline,Capacity Expansion,Status,construction,Completed (= operating),differs,Gulf Coast Express Expansion,2026-08,https://www.eia.gov/naturalgas/pipelines/EIA-NaturalGasPipelineProjectsAug2026.xlsx,strong
P3887,Whistler Pipeline,Mainline Capacity Expansion,Capacity (MMcf/d),500.0,2000.0,differs,Whistler Pipeline Project,2021-07,https://www.eia.gov/naturalgas/pipelines/EIA-NaturalGasPipelineProjects_Jul2021.xlsx,strong
P3887,Whistler Pipeline,Mainline Capacity Expansion,Length (mi),0.0,620.0,differs,Whistler Pipeline Project,2021-07,https://www.eia.gov/naturalgas/pipelines/EIA-NaturalGasPipelineProjects_Jul2021.xlsx,strong
P3887,Whistler Pipeline,Mainline Capacity Expansion,Diameter (in),[],"[30.0, 42.0]",missing_on_sheet,Whistler Pipeline Project,2021-07,https://www.eia.gov/naturalgas/pipelines/EIA-NaturalGasPipelineProjects_Jul2021.xlsx,strong
P3887,Whistler Pipeline,Mainline Capacity Expansion,StartYear1 vs EIA in-service year,2023.0,2021,differs,Whistler Pipeline Project,2021-07,https://www.eia.gov/naturalgas/pipelines/EIA-NaturalGasPipelineProjects_Jul2021.xlsx,strong
P3887,Whistler Pipeline,Mainline Capacity Expansion,Status,operating,Construction (= construction),differs,Whistler Pipeline Project,2021-07,https://www.eia.gov/naturalgas/pipelines/EIA-NaturalGasPipelineProjects_Jul2021.xlsx,strong
P4029,Florida Gas Transmission Pipeline,Phase VIII Expansion Project,Capacity (MMcf/d),820.0,550.0,differs,Florida Gas Transmission Phase 9 Expansion,2026-08,https://www.eia.gov/naturalgas/pipelines/EIA-NaturalGasPipelineProjectsAug2026.xlsx,strong
P4029,Florida Gas Transmission Pipeline,Phase VIII Expansion Project,Length (mi),483.0,82.0,differs,Florida Gas Transmission Phase 9 Expansion,2026-08,https://www.eia.gov/naturalgas/pipelines/EIA-NaturalGasPipelineProjectsAug2026.xlsx,strong
P4029,Florida Gas Transmission Pipeline,Phase VIII Expansion Project,StartYear1 vs EIA in-service year,2011.0,2028,differs,Florida Gas Transmission Phase 9 Expansion,2026-08,https://www.eia.gov/naturalgas/pipelines/EIA-NaturalGasPipelineProjectsAug2026.xlsx,strong
P4029,Florida Gas Transmission Pipeline,Phase VIII Expansion Project,Status,operating,Announced (= proposed),differs,Florida Gas Transmission Phase 9 Expansion,2026-08,https://www.eia.gov/naturalgas/pipelines/EIA-NaturalGasPipelineProjectsAug2026.xlsx,strong
P4030,Florida Gas Transmission Pipeline,Jacksonville Expansion Project,Capacity (MMcf/d),48.216007714561236,15.0,differs,Jacksonville Expansion Project,2026-08,https://www.eia.gov/naturalgas/pipelines/EIA-NaturalGasPipelineProjectsAug2026.xlsx,strong
P4031,Florida Gas Transmission Pipeline,East Leg Expansion,Capacity (MMcf/d),10.0,550.0,differs,Florida Gas Transmission Phase 9 Expansion,2026-08,https://www.eia.gov/naturalgas/pipelines/EIA-NaturalGasPipelineProjectsAug2026.xlsx,strong
P4031,Florida Gas Transmission Pipeline,East Leg Expansion,Length (mi),7.0,82.0,differs,Florida Gas Transmission Phase 9 Expansion,2026-08,https://www.eia.gov/naturalgas/pipelines/EIA-NaturalGasPipelineProjectsAug2026.xlsx,strong
P4031,Florida Gas Transmission Pipeline,East Leg Expansion,StartYear1 vs EIA in-service year,2008.0,2028,differs,Florida Gas Transmission Phase 9 Expansion,2026-08,https://www.eia.gov/naturalgas/pipelines/EIA-NaturalGasPipelineProjectsAug2026.xlsx,strong
P4031,Florida Gas Transmission Pipeline,East Leg Expansion,Status,operating,Announced (= proposed),differs,Florida Gas Transmission Phase 9 Expansion,2026-08,https://www.eia.gov/naturalgas/pipelines/EIA-NaturalGasPipelineProjectsAug2026.xlsx,strong
P4379,ADCC Pipeline,,Length (mi),,41.0,missing_on_sheet,ADCC Pipeline,2026-08,https://www.eia.gov/naturalgas/pipelines/EIA-NaturalGasPipelineProjectsAug2026.xlsx,strong
P4379,ADCC Pipeline,,Status,proposed,Completed (= operating),differs,ADCC Pipeline,2026-08,https://www.eia.gov/naturalgas/pipelines/EIA-NaturalGasPipelineProjectsAug2026.xlsx,strong
P4380,ANR Gas Pipeline,Skunk River Replacement Project,Capacity (MMcf/d),,0.0,missing_on_sheet,Skunk River Replacement Project,2026-08,https://www.eia.gov/naturalgas/pipelines/EIA-NaturalGasPipelineProjectsAug2026.xlsx,strong
P4380,ANR Gas Pipeline,Skunk River Replacement Project,Status,proposed,Cancelled (= cancelled),differs,Skunk River Replacement Project,2026-08,https://www.eia.gov/naturalgas/pipelines/EIA-NaturalGasPipelineProjectsAug2026.xlsx,strong
P4381,Carolina Gas Transmission,Columbia to Eastover Pipeline,SegmentCost (USD million),,36.0,missing_on_sheet,Columbia to Eastover Pipeline,2026-08,https://www.eia.gov/naturalgas/pipelines/EIA-NaturalGasPipelineProjectsAug2026.xlsx,strong
P4381,Carolina Gas Transmission,Columbia to Eastover Pipeline,Status,operating,Construction (= construction),differs,Columbia to Eastover Pipeline,2026-08,https://www.eia.gov/naturalgas/pipelines/EIA-NaturalGasPipelineProjectsAug2026.xlsx,strong
P4382,Carolina Gas Transmission,Transco to Charleston Project,SegmentCost (USD million),,119.0,missing_on_sheet,Transco to Charleston Project,2026-08,https://www.eia.gov/naturalgas/pipelines/EIA-NaturalGasPipelineProjectsAug2026.xlsx,strong
P4420,Carolina Gas Transmission,Moore–Dorchester Optimization Project,Status,proposed,Completed (= operating),differs,Moore-Dorchester Optimization Project,2026-08,https://www.eia.gov/naturalgas/pipelines/EIA-NaturalGasPipelineProjectsAug2026.xlsx,strong
P4446,Columbia Gas Transmission,Virginia Electrification Project,StartYear1 vs EIA in-service year,2022.0,2024,differs,Virginia Electrification Project,2026-08,https://www.eia.gov/naturalgas/pipelines/EIA-NaturalGasPipelineProjectsAug2026.xlsx,strong
P4446,Columbia Gas Transmission,Virginia Electrification Project,Status,proposed,Completed (= operating),differs,Virginia Electrification Project,2026-08,https://www.eia.gov/naturalgas/pipelines/EIA-NaturalGasPipelineProjectsAug2026.xlsx,strong
P4448,Columbia Gas Transmission,Mainline 100 and Mainline 200 Replacement Project,Status,proposed,Cancelled (= cancelled),differs,Mainline 100 and Mainline 200 Replacement Project,2026-08,https://www.eia.gov/naturalgas/pipelines/EIA-NaturalGasPipelineProjectsAug2026.xlsx,strong
P4453,Oasis Gas Pipeline,Modernization Project,StartYear1 vs EIA in-service year,2022.0,2023,differs,Oasis Pipeline Modernization Project,2026-08,https://www.eia.gov/naturalgas/pipelines/EIA-NaturalGasPipelineProjectsAug2026.xlsx,strong
P4453,Oasis Gas Pipeline,Modernization Project,Status,construction,Completed (= operating),differs,Oasis Pipeline Modernization Project,2026-08,https://www.eia.gov/naturalgas/pipelines/EIA-NaturalGasPipelineProjectsAug2026.xlsx,strong
P4455,Crow Creek Pipeline,,Diameter (in),[8.0],[12.0],differs,Crow Creek Pipeline,2026-08,https://www.eia.gov/naturalgas/pipelines/EIA-NaturalGasPipelineProjectsAug2026.xlsx,strong
P4455,Crow Creek Pipeline,,StartYear1 vs EIA in-service year,2025.0,2026,differs,Crow Creek Pipeline,2026-08,https://www.eia.gov/naturalgas/pipelines/EIA-NaturalGasPipelineProjectsAug2026.xlsx,strong
P4457,Lowman Pipeline,,Length (mi),,50.0,missing_on_sheet,Lowman Pipeline,2026-08,https://www.eia.gov/naturalgas/pipelines/EIA-NaturalGasPipelineProjectsAug2026.xlsx,strong
P4457,Lowman Pipeline,,Diameter (in),[],[16.0],missing_on_sheet,Lowman Pipeline,2026-08,https://www.eia.gov/naturalgas/pipelines/EIA-NaturalGasPipelineProjectsAug2026.xlsx,strong
P4457,Lowman Pipeline,,StartYear1 vs EIA in-service year,,2022,missing_on_sheet,Lowman Pipeline,2026-08,https://www.eia.gov/naturalgas/pipelines/EIA-NaturalGasPipelineProjectsAug2026.xlsx,strong
P4457,Lowman Pipeline,,Status,proposed,Completed (= operating),differs,Lowman Pipeline,2026-08,https://www.eia.gov/naturalgas/pipelines/EIA-NaturalGasPipelineProjectsAug2026.xlsx,strong
P5115,Louisiana Energy Gateway,,Length (mi),,174.0,missing_on_sheet,Louisiana Energy Gateway,2025-04,https://www.eia.gov/naturalgas/pipelines/EIA-NaturalGasPipelineProjects_Apr2025.xlsx,strong
P5401,Acadian Gas Pipeline System,Acadian Haynesville Extension Capacity Expansion,Length (mi),0.0,275.0,differs,Acadian Haynesville Extension,2026-08,https://www.eia.gov/naturalgas/pipelines/EIA-NaturalGasPipelineProjectsAug2026.xlsx,strong
P5401,Acadian Gas Pipeline System,Acadian Haynesville Extension Capacity Expansion,SegmentCost (USD million),,3800.0,missing_on_sheet,Acadian Haynesville Extension,2026-08,https://www.eia.gov/naturalgas/pipelines/EIA-NaturalGasPipelineProjectsAug2026.xlsx,strong
P5415,Gator Express Gas Pipeline,Gator Express Meter Project (Line 40 Connection),Capacity (MMcf/d),240.0,1970.0,differs,Gator Express Pipeline (Phase 1),2026-08,https://www.eia.gov/naturalgas/pipelines/EIA-NaturalGasPipelineProjectsAug2026.xlsx,strong
P5415,Gator Express Gas Pipeline,Gator Express Meter Project (Line 40 Connection),Length (mi),0.2,15.0,differs,Gator Express Pipeline (Phase 1),2026-08,https://www.eia.gov/naturalgas/pipelines/EIA-NaturalGasPipelineProjectsAug2026.xlsx,strong
P5415,Gator Express Gas Pipeline,Gator Express Meter Project (Line 40 Connection),Diameter (in),[30.0],[42.0],differs,Gator Express Pipeline (Phase 1),2026-08,https://www.eia.gov/naturalgas/pipelines/EIA-NaturalGasPipelineProjectsAug2026.xlsx,strong
P5415,Gator Express Gas Pipeline,Gator Express Meter Project (Line 40 Connection),StartYear1 vs EIA in-service year,2023.0,2024,differs,Gator Express Pipeline (Phase 1),2026-08,https://www.eia.gov/naturalgas/pipelines/EIA-NaturalGasPipelineProjectsAug2026.xlsx,strong
P5519,Texas Eastern Transmission (TETCO) Gas Pipeline,Venice Extension Project,StartYear1 vs EIA in-service year,2024.0,2025,differs,Venice Extension Project,2026-08,https://www.eia.gov/naturalgas/pipelines/EIA-NaturalGasPipelineProjectsAug2026.xlsx,strong
P5519,Texas Eastern Transmission (TETCO) Gas Pipeline,Venice Extension Project,Status,proposed,Completed (= operating),differs,Venice Extension Project,2026-08,https://www.eia.gov/naturalgas/pipelines/EIA-NaturalGasPipelineProjectsAug2026.xlsx,strong
P5545,Western Massachusetts Natural Gas Reliability Project,,Length (mi),9.0,5.3,differs,Western Massachusetts Natural Gas Reliability Project,2026-08,https://www.eia.gov/naturalgas/pipelines/EIA-NaturalGasPipelineProjectsAug2026.xlsx,strong
P5545,Western Massachusetts Natural Gas Reliability Project,,Status,proposed,On Hold (= shelved),differs,Western Massachusetts Natural Gas Reliability Project,2026-08,https://www.eia.gov/naturalgas/pipelines/EIA-NaturalGasPipelineProjectsAug2026.xlsx,strong
P5547,ANR Gas Pipeline,Wisconsin Reliability Project,SegmentCost (USD million),,700.0,missing_on_sheet,Wisconsin Reliability Project,2026-01,https://www.eia.gov/naturalgas/pipelines/EIA-NaturalGasPipelineProjects_Jan2026.xlsx,strong
P5548,Florida Gas Transmission Pipeline,South Louisiana Project,Capacity (MMcf/d),96.5,75.0,differs,South Central Louisiana,2026-01,https://www.eia.gov/naturalgas/pipelines/EIA-NaturalGasPipelineProjects_Jan2026.xlsx,strong
P5548,Florida Gas Transmission Pipeline,South Louisiana Project,StartYear1 vs EIA in-service year,2025.0,2027,differs,South Central Louisiana,2026-01,https://www.eia.gov/naturalgas/pipelines/EIA-NaturalGasPipelineProjects_Jan2026.xlsx,strong
P5548,Florida Gas Transmission Pipeline,South Louisiana Project,Status,operating,Applied (= proposed),differs,South Central Louisiana,2026-01,https://www.eia.gov/naturalgas/pipelines/EIA-NaturalGasPipelineProjects_Jan2026.xlsx,strong
P5664,Saguaro Connector Pipeline,Main Line,Length (mi),155.0,0.1,differs,Saguaro - Border Facility,2026-05,https://www.eia.gov/naturalgas/pipelines/EIA-NaturalGasPipelineProjects_May2026.xlsx,docket
P5664,Saguaro Connector Pipeline,Main Line,SegmentCost (USD million),,9.5,missing_on_sheet,Saguaro - Border Facility,2026-05,https://www.eia.gov/naturalgas/pipelines/EIA-NaturalGasPipelineProjects_May2026.xlsx,docket
P5664,Saguaro Connector Pipeline,Main Line,StartYear1 vs EIA in-service year,2025.0,2028,differs,Saguaro - Border Facility,2026-05,https://www.eia.gov/naturalgas/pipelines/EIA-NaturalGasPipelineProjects_May2026.xlsx,docket
P5709,Acadian Gas Pipeline System,Acadian Haynesville Extension,Capacity (MMcf/d),1800.0,400.0,differs,Acadian Haynesville Extension,2026-08,https://www.eia.gov/naturalgas/pipelines/EIA-NaturalGasPipelineProjectsAug2026.xlsx,strong
P5709,Acadian Gas Pipeline System,Acadian Haynesville Extension,SegmentCost (USD million),1560.0,3800.0,differs,Acadian Haynesville Extension,2026-08,https://www.eia.gov/naturalgas/pipelines/EIA-NaturalGasPipelineProjectsAug2026.xlsx,strong
P5709,Acadian Gas Pipeline System,Acadian Haynesville Extension,StartYear1 vs EIA in-service year,2011.0,2023,differs,Acadian Haynesville Extension,2026-08,https://www.eia.gov/naturalgas/pipelines/EIA-NaturalGasPipelineProjectsAug2026.xlsx,strong
P5727,Double E Pipeline Project,Red Hills Lateral,Capacity (MMcf/d),600.0,1350.0,differs,Double E Pipeline,2026-08,https://www.eia.gov/naturalgas/pipelines/EIA-NaturalGasPipelineProjectsAug2026.xlsx,strong
P5727,Double E Pipeline Project,Red Hills Lateral,Length (mi),20.0,133.8,differs,Double E Pipeline,2026-08,https://www.eia.gov/naturalgas/pipelines/EIA-NaturalGasPipelineProjectsAug2026.xlsx,strong
P5727,Double E Pipeline Project,Red Hills Lateral,Diameter (in),[24.0],"[30.0, 42.0]",differs,Double E Pipeline,2026-08,https://www.eia.gov/naturalgas/pipelines/EIA-NaturalGasPipelineProjectsAug2026.xlsx,strong
P5727,Double E Pipeline Project,Red Hills Lateral,SegmentCost (USD million),35.8,450.0,differs,Double E Pipeline,2026-08,https://www.eia.gov/naturalgas/pipelines/EIA-NaturalGasPipelineProjectsAug2026.xlsx,strong
P5727,Double E Pipeline Project,Red Hills Lateral,StartYear1 vs EIA in-service year,2023.0,2021,differs,Double E Pipeline,2026-08,https://www.eia.gov/naturalgas/pipelines/EIA-NaturalGasPipelineProjectsAug2026.xlsx,strong
P5727,Double E Pipeline Project,Red Hills Lateral,Status,proposed,Completed (= operating),differs,Double E Pipeline,2026-08,https://www.eia.gov/naturalgas/pipelines/EIA-NaturalGasPipelineProjectsAug2026.xlsx,strong
P5830,Rockies Express Gas Pipeline,Zone 3 East-to-West Project,Capacity (MMcf/d),1800.0,194.4,differs,Rockies Express,2026-01,https://www.eia.gov/naturalgas/pipelines/EIA-NaturalGasPipelineProjects_Jan2026.xlsx,strong
P5830,Rockies Express Gas Pipeline,Zone 3 East-to-West Project,Length (mi),,15.9,missing_on_sheet,Rockies Express,2026-01,https://www.eia.gov/naturalgas/pipelines/EIA-NaturalGasPipelineProjects_Jan2026.xlsx,strong
P5830,Rockies Express Gas Pipeline,Zone 3 East-to-West Project,Diameter (in),[],[20.0],missing_on_sheet,Rockies Express,2026-01,https://www.eia.gov/naturalgas/pipelines/EIA-NaturalGasPipelineProjects_Jan2026.xlsx,strong
P5830,Rockies Express Gas Pipeline,Zone 3 East-to-West Project,StartYear1 vs EIA in-service year,2015.0,2027,differs,Rockies Express,2026-01,https://www.eia.gov/naturalgas/pipelines/EIA-NaturalGasPipelineProjects_Jan2026.xlsx,strong
P5830,Rockies Express Gas Pipeline,Zone 3 East-to-West Project,Status,operating,Proposed (= proposed),differs,Rockies Express,2026-01,https://www.eia.gov/naturalgas/pipelines/EIA-NaturalGasPipelineProjects_Jan2026.xlsx,strong
P5831,Rockies Express Gas Pipeline,Pipeline Zone 3 Capacity Enhancement,StartYear1 vs EIA in-service year,2017.0,2016,differs,Pipeline Zone 3 Capacity Enhancement,2026-08,https://www.eia.gov/naturalgas/pipelines/EIA-NaturalGasPipelineProjectsAug2026.xlsx,strong
P5881,Magnolia Intrastate Pipeline,Magnolia Extension,SegmentCost (USD million),,45.0,missing_on_sheet,Magnolia Intrastate (Magnolia Extension),2026-08,https://www.eia.gov/naturalgas/pipelines/EIA-NaturalGasPipelineProjectsAug2026.xlsx,strong
P5905,Matterhorn Express Gas Pipeline,Blackfin Pipeline,StartYear1 vs EIA in-service year,2026.0,2027,differs,Blackfin Pipeline,2026-08,https://www.eia.gov/naturalgas/pipelines/EIA-NaturalGasPipelineProjectsAug2026.xlsx,strong
P5905,Matterhorn Express Gas Pipeline,Blackfin Pipeline,Status,proposed,Construction (= construction),differs,Blackfin Pipeline,2026-08,https://www.eia.gov/naturalgas/pipelines/EIA-NaturalGasPipelineProjectsAug2026.xlsx,strong
P5931,Apex Pipeline,,StartYear1 vs EIA in-service year,,2027,missing_on_sheet,Apex,2026-08,https://www.eia.gov/naturalgas/pipelines/EIA-NaturalGasPipelineProjectsAug2026.xlsx,strong
P5931,Apex Pipeline,,Status,proposed,On Hold (= shelved),differs,Apex,2026-08,https://www.eia.gov/naturalgas/pipelines/EIA-NaturalGasPipelineProjectsAug2026.xlsx,strong
P5990,VNG Interconnect,,Capacity (MMcf/d),,245.0,missing_on_sheet,VNG Interconnect,2026-08,https://www.eia.gov/naturalgas/pipelines/EIA-NaturalGasPipelineProjectsAug2026.xlsx,strong
P5990,VNG Interconnect,,Length (mi),24.0,10.0,differs,VNG Interconnect,2026-08,https://www.eia.gov/naturalgas/pipelines/EIA-NaturalGasPipelineProjectsAug2026.xlsx,strong
P5990,VNG Interconnect,,SegmentCost (USD million),346.0,205.0,differs,VNG Interconnect,2026-08,https://www.eia.gov/naturalgas/pipelines/EIA-NaturalGasPipelineProjectsAug2026.xlsx,strong
P6008,Empire Pipeline,Northern Access 2016 (PA to NY) Expansion Project,Capacity (MMcf/d),497.0,350.0,differs,Northern Access 2016 Project (NY to ON),2025-10,https://www.eia.gov/naturalgas/pipelines/EIA-NaturalGasPipelineProjects_Oct2025.xlsx,strong
P6008,Empire Pipeline,Northern Access 2016 (PA to NY) Expansion Project,Length (mi),101.0,2.1,differs,Northern Access 2016 Project (NY to ON),2025-10,https://www.eia.gov/naturalgas/pipelines/EIA-NaturalGasPipelineProjects_Oct2025.xlsx,strong
P6843,Louisiana Energy Access Project Pipeline,Expansion Phase 4,Length (mi),0.0,150.0,differs,Louisiana Energy Access Project (LEAP) Expansion Phase 4,2026-08,https://www.eia.gov/naturalgas/pipelines/EIA-NaturalGasPipelineProjectsAug2026.xlsx,strong
P6843,Louisiana Energy Access Project Pipeline,Expansion Phase 4,Diameter (in),[],[36.0],missing_on_sheet,Louisiana Energy Access Project (LEAP) Expansion Phase 4,2026-08,https://www.eia.gov/naturalgas/pipelines/EIA-NaturalGasPipelineProjectsAug2026.xlsx,strong
P6843,Louisiana Energy Access Project Pipeline,Expansion Phase 4,StartYear1 vs EIA in-service year,2026.0,2025,differs,Louisiana Energy Access Project (LEAP) Expansion Phase 4,2026-08,https://www.eia.gov/naturalgas/pipelines/EIA-NaturalGasPipelineProjectsAug2026.xlsx,strong
P6843,Louisiana Energy Access Project Pipeline,Expansion Phase 4,Status,construction,Completed (= operating),differs,Louisiana Energy Access Project (LEAP) Expansion Phase 4,2026-08,https://www.eia.gov/naturalgas/pipelines/EIA-NaturalGasPipelineProjectsAug2026.xlsx,strong
P7106,Cumberland Gas Pipeline,,Capacity (MMcf/d),,245.0,missing_on_sheet,Cumberland Project,2024-07,https://www.eia.gov/naturalgas/pipelines/EIA-NaturalGasPipelineProjects_Jul2024.xlsx,strong
P7106,Cumberland Gas Pipeline,,Diameter (in),[],[24.0],missing_on_sheet,Cumberland Project,2024-07,https://www.eia.gov/naturalgas/pipelines/EIA-NaturalGasPipelineProjects_Jul2024.xlsx,strong
P7106,Cumberland Gas Pipeline,,StartYear1 vs EIA in-service year,,2025,missing_on_sheet,Cumberland Project,2024-07,https://www.eia.gov/naturalgas/pipelines/EIA-NaturalGasPipelineProjects_Jul2024.xlsx,strong
P7108,Transcontinental Gas Pipeline,Southeast Supply Enhancement Project,SegmentCost (USD million),,1530.0,missing_on_sheet,Southeast Supply Enhancement Project,2026-08,https://www.eia.gov/naturalgas/pipelines/EIA-NaturalGasPipelineProjectsAug2026.xlsx,strong
P7108,Transcontinental Gas Pipeline,Southeast Supply Enhancement Project,Status,proposed,Construction (= construction),differs,Southeast Supply Enhancement Project,2026-08,https://www.eia.gov/naturalgas/pipelines/EIA-NaturalGasPipelineProjectsAug2026.xlsx,strong
P7109,Agua Blanca Pipeline,Targa Red Hills Interconnect,Capacity (MMcf/d),,1250.0,missing_on_sheet,Agua Blanca Pipeline,2026-08,https://www.eia.gov/naturalgas/pipelines/EIA-NaturalGasPipelineProjectsAug2026.xlsx,strong
P7109,Agua Blanca Pipeline,Targa Red Hills Interconnect,Length (mi),,75.0,missing_on_sheet,Agua Blanca Pipeline,2026-08,https://www.eia.gov/naturalgas/pipelines/EIA-NaturalGasPipelineProjectsAug2026.xlsx,strong
P7109,Agua Blanca Pipeline,Targa Red Hills Interconnect,Diameter (in),[],[36.0],missing_on_sheet,Agua Blanca Pipeline,2026-08,https://www.eia.gov/naturalgas/pipelines/EIA-NaturalGasPipelineProjectsAug2026.xlsx,strong
P7109,Agua Blanca Pipeline,Targa Red Hills Interconnect,StartYear1 vs EIA in-service year,,2018,missing_on_sheet,Agua Blanca Pipeline,2026-08,https://www.eia.gov/naturalgas/pipelines/EIA-NaturalGasPipelineProjectsAug2026.xlsx,strong
P7769,Driftwood LNG Pipeline,Line 200 and Line 300 Expansion (Phase 3),Length (mi),0.0,69.3,differs,Driftwood Line 200 and 300 Project Phase 3,2026-05,https://www.eia.gov/naturalgas/pipelines/EIA-NaturalGasPipelineProjects_May2026.xlsx,strong
P7769,Driftwood LNG Pipeline,Line 200 and Line 300 Expansion (Phase 3),Diameter (in),[],[42.0],missing_on_sheet,Driftwood Line 200 and 300 Project Phase 3,2026-05,https://www.eia.gov/naturalgas/pipelines/EIA-NaturalGasPipelineProjects_May2026.xlsx,strong
P7769,Driftwood LNG Pipeline,Line 200 and Line 300 Expansion (Phase 3),StartYear1 vs EIA in-service year,2028.0,2029,differs,Driftwood Line 200 and 300 Project Phase 3,2026-05,https://www.eia.gov/naturalgas/pipelines/EIA-NaturalGasPipelineProjects_May2026.xlsx,strong
P7770,Driftwood LNG Pipeline,Line 200 and Line 300 Expansion (Phase 2),Capacity (MMcf/d),4600.0,2200.0,differs,Driftwood Line 200 and 300 Project Phase 2,2026-05,https://www.eia.gov/naturalgas/pipelines/EIA-NaturalGasPipelineProjects_May2026.xlsx,strong
P7770,Driftwood LNG Pipeline,Line 200 and Line 300 Expansion (Phase 2),StartYear1 vs EIA in-service year,2027.0,2029,differs,Driftwood Line 200 and 300 Project Phase 2,2026-05,https://www.eia.gov/naturalgas/pipelines/EIA-NaturalGasPipelineProjects_May2026.xlsx,strong
P7771,Northern Natural Gas Pipeline,Tarzan Compressor Station Project,StartYear1 vs EIA in-service year,2026.0,2025,differs,Tarzan Compressor Station Project,2026-08,https://www.eia.gov/naturalgas/pipelines/EIA-NaturalGasPipelineProjectsAug2026.xlsx,strong
P7771,Northern Natural Gas Pipeline,Tarzan Compressor Station Project,Status,proposed,Completed (= operating),differs,Tarzan Compressor Station Project,2026-08,https://www.eia.gov/naturalgas/pipelines/EIA-NaturalGasPipelineProjectsAug2026.xlsx,strong
P7772,Northern Natural Gas Pipeline,Northern Lights 2025 Expansion,Status,construction,Completed (= operating),differs,Northern Lights 2025 Expansion,2026-08,https://www.eia.gov/naturalgas/pipelines/EIA-NaturalGasPipelineProjectsAug2026.xlsx,strong
P7779,Trident Gas Pipeline,,Capacity (MMcf/d),1500.0,2000.0,differs,Trident Intrastate Pipeline,2026-08,https://www.eia.gov/naturalgas/pipelines/EIA-NaturalGasPipelineProjectsAug2026.xlsx,strong
P7779,Trident Gas Pipeline,,Status,proposed,Construction (= construction),differs,Trident Intrastate Pipeline,2026-08,https://www.eia.gov/naturalgas/pipelines/EIA-NaturalGasPipelineProjectsAug2026.xlsx,strong
P7780,Gulf South Gas Pipeline,PLUSS Project,SegmentCost (USD million),,116.9,missing_on_sheet,Parks Line Upgrade and Sorrento Station Project (PLUSS Project),2026-08,https://www.eia.gov/naturalgas/pipelines/EIA-NaturalGasPipelineProjectsAug2026.xlsx,strong
P7782,Intensity Gas Pipeline,Phase I,Length (mi),136.0,344.0,differs,Intensity Pipeline Project,2026-08,https://www.eia.gov/naturalgas/pipelines/EIA-NaturalGasPipelineProjectsAug2026.xlsx,strong
P7783,Intensity Gas Pipeline,Phase II,Capacity (MMcf/d),430.0,1100.0,differs,Intensity Pipeline Project,2026-08,https://www.eia.gov/naturalgas/pipelines/EIA-NaturalGasPipelineProjectsAug2026.xlsx,strong
P7783,Intensity Gas Pipeline,Phase II,Length (mi),208.0,344.0,differs,Intensity Pipeline Project,2026-08,https://www.eia.gov/naturalgas/pipelines/EIA-NaturalGasPipelineProjectsAug2026.xlsx,strong
P7783,Intensity Gas Pipeline,Phase II,Diameter (in),[30.0],[36.0],differs,Intensity Pipeline Project,2026-08,https://www.eia.gov/naturalgas/pipelines/EIA-NaturalGasPipelineProjectsAug2026.xlsx,strong
P7784,Gulf South Gas Pipeline,Eunice Reliability and Lake Charles Supply Project,Status,proposed,Construction (= construction),differs,Eunice Reliability and Lake Charles Supply Project,2026-08,https://www.eia.gov/naturalgas/pipelines/EIA-NaturalGasPipelineProjectsAug2026.xlsx,strong
P7785,MountainWest Gas Pipeline,Westbound Compression Expansion Project,Diameter (in),[],[24.0],missing_on_sheet,Westbound Compression Expansion Project,2026-01,https://www.eia.gov/naturalgas/pipelines/EIA-NaturalGasPipelineProjects_Jan2026.xlsx,strong
P7785,MountainWest Gas Pipeline,Westbound Compression Expansion Project,Status,construction,Completed (= operating),differs,Westbound Compression Expansion Project,2026-01,https://www.eia.gov/naturalgas/pipelines/EIA-NaturalGasPipelineProjects_Jan2026.xlsx,strong
P7790,Northwest Gas Pipeline,Kelso-Beaver Reliability Project,Length (mi),0.0,18.0,differs,Kelso-Beaver Reliability Project,2026-08,https://www.eia.gov/naturalgas/pipelines/EIA-NaturalGasPipelineProjectsAug2026.xlsx,strong
P7794,Texas Gas Transmission Pipeline,Borealis Project,Length (mi),,265.0,missing_on_sheet,Borealis Project,2026-08,https://www.eia.gov/naturalgas/pipelines/EIA-NaturalGasPipelineProjectsAug2026.xlsx,strong
P7794,Texas Gas Transmission Pipeline,Borealis Project,StartYear1 vs EIA in-service year,,2030,missing_on_sheet,Borealis Project,2026-08,https://www.eia.gov/naturalgas/pipelines/EIA-NaturalGasPipelineProjectsAug2026.xlsx,strong
P7797,Creole Trail Pipeline,CPTL Expansion Project,Capacity (MMcf/d),930.0,1500.0,differs,Creole Trail Expansion Project 1,2026-08,https://www.eia.gov/naturalgas/pipelines/EIA-NaturalGasPipelineProjectsAug2026.xlsx,strong
P7797,Creole Trail Pipeline,CPTL Expansion Project,Diameter (in),[],[42.0],missing_on_sheet,Creole Trail Expansion Project 1,2026-08,https://www.eia.gov/naturalgas/pipelines/EIA-NaturalGasPipelineProjectsAug2026.xlsx,strong
P7797,Creole Trail Pipeline,CPTL Expansion Project,SegmentCost (USD million),,100.0,missing_on_sheet,Creole Trail Expansion Project 1,2026-08,https://www.eia.gov/naturalgas/pipelines/EIA-NaturalGasPipelineProjectsAug2026.xlsx,strong
P7797,Creole Trail Pipeline,CPTL Expansion Project,StartYear1 vs EIA in-service year,2031.0,2015,differs,Creole Trail Expansion Project 1,2026-08,https://www.eia.gov/naturalgas/pipelines/EIA-NaturalGasPipelineProjectsAug2026.xlsx,strong
P7797,Creole Trail Pipeline,CPTL Expansion Project,Status,proposed,Completed (= operating),differs,Creole Trail Expansion Project 1,2026-08,https://www.eia.gov/naturalgas/pipelines/EIA-NaturalGasPipelineProjectsAug2026.xlsx,strong
P7801,Rover Pipeline,Bulger and Harmon Creek Expansion,Status,proposed,Construction (= construction),differs,Rover-Bulger CS and Harmon Creek MS Expansion,2026-01,https://www.eia.gov/naturalgas/pipelines/EIA-NaturalGasPipelineProjects_Jan2026.xlsx,strong
P7805,Transcontinental Gas Pipeline,Alabama Georgia Connector Project,Status,construction,Completed (= operating),differs,Alabama Georgia Connector Project,2026-08,https://www.eia.gov/naturalgas/pipelines/EIA-NaturalGasPipelineProjectsAug2026.xlsx,strong
P7808,Transcontinental Gas Pipeline,Gillis West,StartYear1 vs EIA in-service year,2025.0,2026,differs,Gillis West,2026-05,https://www.eia.gov/naturalgas/pipelines/EIA-NaturalGasPipelineProjects_May2026.xlsx,strong
P7809,East Tennessee Gas Pipeline,System Alignment Project,StartYear1 vs EIA in-service year,2025.0,2026,differs,System Alignment Project,2026-08,https://www.eia.gov/naturalgas/pipelines/EIA-NaturalGasPipelineProjectsAug2026.xlsx,strong
P7809,East Tennessee Gas Pipeline,System Alignment Project,Status,operating,Construction (= construction),differs,System Alignment Project,2026-08,https://www.eia.gov/naturalgas/pipelines/EIA-NaturalGasPipelineProjectsAug2026.xlsx,strong
P7811,TTC Connector Gas Pipeline,,Diameter (in),[],[20.0],missing_on_sheet,TTC Connector Pipeline Project,2026-08,https://www.eia.gov/naturalgas/pipelines/EIA-NaturalGasPipelineProjectsAug2026.xlsx,strong
P7813,Texas Eastern Transmission (TETCO) Gas Pipeline,Appalachia to Market III Project,Length (mi),0.0,2.0,differs,Appalachia to Market III Project,2026-08,https://www.eia.gov/naturalgas/pipelines/EIA-NaturalGasPipelineProjectsAug2026.xlsx,strong
P7822,Saguaro Connector Pipeline,Lateral,StartYear1 vs EIA in-service year,,2028,missing_on_sheet,Saguaro - Border Facility,2026-05,https://www.eia.gov/naturalgas/pipelines/EIA-NaturalGasPipelineProjects_May2026.xlsx,docket
P7823,Spring Creek Gas Infrastructure Expansion Project,Backbone,Length (mi),22.0,190.0,differs,Spring Creek Gas Infrastructure Expansion Project,2026-08,https://www.eia.gov/naturalgas/pipelines/EIA-NaturalGasPipelineProjectsAug2026.xlsx,strong
P7823,Spring Creek Gas Infrastructure Expansion Project,Backbone,StartYear1 vs EIA in-service year,2027.0,2020,differs,Spring Creek Gas Infrastructure Expansion Project,2026-08,https://www.eia.gov/naturalgas/pipelines/EIA-NaturalGasPipelineProjectsAug2026.xlsx,strong
P7826,Southern Star Central Gas Pipeline,Cedar Vale Compressor Station Project,Capacity (MMcf/d),98.0,133.0,differs,Cedar Vale Compressor Station Project,2026-08,https://www.eia.gov/naturalgas/pipelines/EIA-NaturalGasPipelineProjectsAug2026.xlsx,strong
P7827,National Fuel Gas Supply Corporation Gas Pipeline,Tioga Pathway Expansion,Length (mi),23.42,20.0,differs,Tioga Pathway Expansion,2026-08,https://www.eia.gov/naturalgas/pipelines/EIA-NaturalGasPipelineProjectsAug2026.xlsx,strong
P7827,National Fuel Gas Supply Corporation Gas Pipeline,Tioga Pathway Expansion,Status,proposed,Construction (= construction),differs,Tioga Pathway Expansion,2026-08,https://www.eia.gov/naturalgas/pipelines/EIA-NaturalGasPipelineProjectsAug2026.xlsx,strong
P7830,Double E Pipeline Project,Original Proposal (Oil Pipeline),Capacity (MMcf/d),,1350.0,missing_on_sheet,Double E Pipeline,2026-08,https://www.eia.gov/naturalgas/pipelines/EIA-NaturalGasPipelineProjectsAug2026.xlsx,strong
P7830,Double E Pipeline Project,Original Proposal (Oil Pipeline),Length (mi),,133.8,missing_on_sheet,Double E Pipeline,2026-08,https://www.eia.gov/naturalgas/pipelines/EIA-NaturalGasPipelineProjectsAug2026.xlsx,strong
P7830,Double E Pipeline Project,Original Proposal (Oil Pipeline),Diameter (in),[],"[30.0, 42.0]",missing_on_sheet,Double E Pipeline,2026-08,https://www.eia.gov/naturalgas/pipelines/EIA-NaturalGasPipelineProjectsAug2026.xlsx,strong
P7830,Double E Pipeline Project,Original Proposal (Oil Pipeline),SegmentCost (USD million),,450.0,missing_on_sheet,Double E Pipeline,2026-08,https://www.eia.gov/naturalgas/pipelines/EIA-NaturalGasPipelineProjectsAug2026.xlsx,strong
P7830,Double E Pipeline Project,Original Proposal (Oil Pipeline),StartYear1 vs EIA in-service year,,2021,missing_on_sheet,Double E Pipeline,2026-08,https://www.eia.gov/naturalgas/pipelines/EIA-NaturalGasPipelineProjectsAug2026.xlsx,strong
P7830,Double E Pipeline Project,Original Proposal (Oil Pipeline),Status,cancelled,Completed (= operating),differs,Double E Pipeline,2026-08,https://www.eia.gov/naturalgas/pipelines/EIA-NaturalGasPipelineProjectsAug2026.xlsx,strong
P7831,Pelican Pipeline,,Capacity (MMcf/d),2000.0,2500.0,differs,Pelican Pipeline,2026-08,https://www.eia.gov/naturalgas/pipelines/EIA-NaturalGasPipelineProjectsAug2026.xlsx,strong
P7832,Natural Gas Pipeline Company of America System,Texas-Louisiana Expansion Project,Capacity (MMcf/d),289.2960462873674,467.0,differs,Texas-Louisiana Expansion Project,2026-08,https://www.eia.gov/naturalgas/pipelines/EIA-NaturalGasPipelineProjectsAug2026.xlsx,strong
P7832,Natural Gas Pipeline Company of America System,Texas-Louisiana Expansion Project,StartYear1 vs EIA in-service year,2026.0,2028,differs,Texas-Louisiana Expansion Project,2026-08,https://www.eia.gov/naturalgas/pipelines/EIA-NaturalGasPipelineProjectsAug2026.xlsx,strong
P7832,Natural Gas Pipeline Company of America System,Texas-Louisiana Expansion Project,Status,proposed,Completed (= operating),differs,Texas-Louisiana Expansion Project,2026-08,https://www.eia.gov/naturalgas/pipelines/EIA-NaturalGasPipelineProjectsAug2026.xlsx,strong
P7833,South Mississippi Project,,Capacity (MMcf/d),1000.0,2000.0,differs,South Mississippi Project,2026-08,https://www.eia.gov/naturalgas/pipelines/EIA-NaturalGasPipelineProjectsAug2026.xlsx,strong
P7833,South Mississippi Project,,Length (mi),150.0,100.0,differs,South Mississippi Project,2026-08,https://www.eia.gov/naturalgas/pipelines/EIA-NaturalGasPipelineProjectsAug2026.xlsx,strong
P7834,Mustang Express Pipeline,Mainline,Capacity (MMcf/d),,2500.0,missing_on_sheet,Mustang Express Pipeline,2026-08,https://www.eia.gov/naturalgas/pipelines/EIA-NaturalGasPipelineProjectsAug2026.xlsx,strong
P7834,Mustang Express Pipeline,Mainline,Length (mi),178.0,236.0,differs,Mustang Express Pipeline,2026-08,https://www.eia.gov/naturalgas/pipelines/EIA-NaturalGasPipelineProjectsAug2026.xlsx,strong
P7834,Mustang Express Pipeline,Mainline,StartYear1 vs EIA in-service year,,2029,missing_on_sheet,Mustang Express Pipeline,2026-08,https://www.eia.gov/naturalgas/pipelines/EIA-NaturalGasPipelineProjectsAug2026.xlsx,strong
P7835,Mustang Express Pipeline,Cougar Lateral,Capacity (MMcf/d),,2500.0,missing_on_sheet,Mustang Express Pipeline,2026-08,https://www.eia.gov/naturalgas/pipelines/EIA-NaturalGasPipelineProjectsAug2026.xlsx,strong
P7835,Mustang Express Pipeline,Cougar Lateral,Length (mi),55.0,236.0,differs,Mustang Express Pipeline,2026-08,https://www.eia.gov/naturalgas/pipelines/EIA-NaturalGasPipelineProjectsAug2026.xlsx,strong
P7835,Mustang Express Pipeline,Cougar Lateral,StartYear1 vs EIA in-service year,,2029,missing_on_sheet,Mustang Express Pipeline,2026-08,https://www.eia.gov/naturalgas/pipelines/EIA-NaturalGasPipelineProjectsAug2026.xlsx,strong
P7836,Mustang Express Pipeline,Golden Triangle/Spindletop Storage Lateral,Capacity (MMcf/d),,2500.0,missing_on_sheet,Mustang Express Pipeline,2026-08,https://www.eia.gov/naturalgas/pipelines/EIA-NaturalGasPipelineProjectsAug2026.xlsx,strong
P7836,Mustang Express Pipeline,Golden Triangle/Spindletop Storage Lateral,Length (mi),3.0,236.0,differs,Mustang Express Pipeline,2026-08,https://www.eia.gov/naturalgas/pipelines/EIA-NaturalGasPipelineProjectsAug2026.xlsx,strong
P7836,Mustang Express Pipeline,Golden Triangle/Spindletop Storage Lateral,StartYear1 vs EIA in-service year,,2029,missing_on_sheet,Mustang Express Pipeline,2026-08,https://www.eia.gov/naturalgas/pipelines/EIA-NaturalGasPipelineProjectsAug2026.xlsx,strong
P7850,Targa Resources Pipeline System,Forza Gas Pipeline,Capacity (MMcf/d),,750.0,missing_on_sheet,Forza pipeline,2026-01,https://www.eia.gov/naturalgas/pipelines/EIA-NaturalGasPipelineProjects_Jan2026.xlsx,strong
P7851,Targa Resources Pipeline System,Buffalo Run Gas Pipeline,Length (mi),,90.0,missing_on_sheet,Buffalo Run,2026-08,https://www.eia.gov/naturalgas/pipelines/EIA-NaturalGasPipelineProjectsAug2026.xlsx,strong
P7851,Targa Resources Pipeline System,Buffalo Run Gas Pipeline,StartYear1 vs EIA in-service year,,2028,missing_on_sheet,Buffalo Run,2026-08,https://www.eia.gov/naturalgas/pipelines/EIA-NaturalGasPipelineProjectsAug2026.xlsx,strong
P7851,Targa Resources Pipeline System,Buffalo Run Gas Pipeline,Status,operating,Announced (= proposed),differs,Buffalo Run,2026-08,https://www.eia.gov/naturalgas/pipelines/EIA-NaturalGasPipelineProjectsAug2026.xlsx,strong
P7854,Targa Resources Pipeline System,Bull Run Extension,StartYear1 vs EIA in-service year,2027.0,2028,differs,Bull Run Extension,2026-08,https://www.eia.gov/naturalgas/pipelines/EIA-NaturalGasPipelineProjectsAug2026.xlsx,strong
P7854,Targa Resources Pipeline System,Bull Run Extension,Status,construction,Applied (= proposed),differs,Bull Run Extension,2026-08,https://www.eia.gov/naturalgas/pipelines/EIA-NaturalGasPipelineProjectsAug2026.xlsx,strong
P7855,Southern Natural Gas Pipeline,South System Expansion 4 Project,Capacity (MMcf/d),1300.0,132.3,differs,Southern (South) System Expansion 4 (SSE4) Project,2026-01,https://www.eia.gov/naturalgas/pipelines/EIA-NaturalGasPipelineProjects_Jan2026.xlsx,strong
P7855,Southern Natural Gas Pipeline,South System Expansion 4 Project,SegmentCost (USD million),3500.0,1800.0,differs,Southern (South) System Expansion 4 (SSE4) Project,2026-01,https://www.eia.gov/naturalgas/pipelines/EIA-NaturalGasPipelineProjects_Jan2026.xlsx,strong
P7857,Great Basin Gas Transmission Company Pipeline System,2024 Expansion,Capacity (MMcf/d),,800.0,missing_on_sheet,Great Basin Expansion Project,2026-08,https://www.eia.gov/naturalgas/pipelines/EIA-NaturalGasPipelineProjectsAug2026.xlsx,strong
P7857,Great Basin Gas Transmission Company Pipeline System,2024 Expansion,SegmentCost (USD million),,1700.0,missing_on_sheet,Great Basin Expansion Project,2026-08,https://www.eia.gov/naturalgas/pipelines/EIA-NaturalGasPipelineProjectsAug2026.xlsx,strong
P7857,Great Basin Gas Transmission Company Pipeline System,2024 Expansion,StartYear1 vs EIA in-service year,,2028,missing_on_sheet,Great Basin Expansion Project,2026-08,https://www.eia.gov/naturalgas/pipelines/EIA-NaturalGasPipelineProjectsAug2026.xlsx,strong
P7859,Great Basin Gas Transmission Company Pipeline System,2026 Expansion,Capacity (MMcf/d),8.13,800.0,differs,Great Basin Expansion Project,2026-08,https://www.eia.gov/naturalgas/pipelines/EIA-NaturalGasPipelineProjectsAug2026.xlsx,strong
P7859,Great Basin Gas Transmission Company Pipeline System,2026 Expansion,SegmentCost (USD million),,1700.0,missing_on_sheet,Great Basin Expansion Project,2026-08,https://www.eia.gov/naturalgas/pipelines/EIA-NaturalGasPipelineProjectsAug2026.xlsx,strong
P7859,Great Basin Gas Transmission Company Pipeline System,2026 Expansion,StartYear1 vs EIA in-service year,,2028,missing_on_sheet,Great Basin Expansion Project,2026-08,https://www.eia.gov/naturalgas/pipelines/EIA-NaturalGasPipelineProjectsAug2026.xlsx,strong
P7860,Great Basin Gas Transmission Company Pipeline System,2028 Expansion,Capacity (MMcf/d),1250.0,800.0,differs,Great Basin Expansion Project,2026-08,https://www.eia.gov/naturalgas/pipelines/EIA-NaturalGasPipelineProjectsAug2026.xlsx,strong
P7860,Great Basin Gas Transmission Company Pipeline System,2028 Expansion,SegmentCost (USD million),,1700.0,missing_on_sheet,Great Basin Expansion Project,2026-08,https://www.eia.gov/naturalgas/pipelines/EIA-NaturalGasPipelineProjectsAug2026.xlsx,strong
P7860,Great Basin Gas Transmission Company Pipeline System,2028 Expansion,StartYear1 vs EIA in-service year,,2028,missing_on_sheet,Great Basin Expansion Project,2026-08,https://www.eia.gov/naturalgas/pipelines/EIA-NaturalGasPipelineProjectsAug2026.xlsx,strong
P7863,Rockies Express Gas Pipeline,Critical Energy Reliability Link Project,StartYear1 vs EIA in-service year,2027.0,2028,differs,Critical Energy Reliability Link Project,2026-08,https://www.eia.gov/naturalgas/pipelines/EIA-NaturalGasPipelineProjectsAug2026.xlsx,strong
