Tab,SheetTab,Column,ColLetter,SheetRow,ProjectID,Before,After
gas,Gas pipelines,Wiki,D,2437,P4526,https://web.archive.org/save/https://mp.weixin.qq.com/s?__biz=MjM5Njg5NTA2Ng==&mid=2651241417&idx=1&sn=0f4b45b70c8e6d04b97ce108bcbad9f4&chksm=bd105bfc8a67d2ea1e8029fb0f3e87f5df6fe20c1e17585e0832ad153150ac619a87f524df52&scene=27,https://web.archive.org/web/20240801164242/https://mp.weixin.qq.com/s?__biz=MjM5Njg5NTA2Ng==&mid=2651241417&idx=1&sn=0f4b45b70c8e6d04b97ce108bcbad9f4&chksm=bd105bfc8a67d2ea1e8029fb0f3e87f5df6fe20c1e17585e0832ad153150ac619a87f524df52&scene=27
gas,Gas pipelines,Status [ref],I,2196,P4212,https://web.archive.org/save/https://www.sgc.az/en/project/scp,https://web.archive.org/web/20260722074932/https://www.sgc.az/en/project/scp
gas,Gas pipelines,Status [ref],I,2392,P4481,https://web.archive.org/save/https://www.toutiao.com/article/7453616062542905908/?channel=&source=search_tab,https://web.archive.org/web/20250530055004/https://www.toutiao.com/article/7453616062542905908/?channel=&source=search_tab
gas,Gas pipelines,Status [ref],I,2411,P4500,https://web.archive.org/save/https://mp.weixin.qq.com/s?__biz=MzUzMDAxNTAzMg==&mid=2247488462&idx=1&sn=619e6e699ba268930c63892991eda4f8&chksm=fa596599cd2eec8fef4c9f9cce7053089cd03de370d1d88498807fa29c3977f9305b5c5453a1&scene=27,https://web.archive.org/web/20260711042535/https://mp.weixin.qq.com/mp/wappoc_appmsgcaptcha?poc_token=HL7FUWqj4zfbbfUawxTJ5ATNjHf_dM_LkoWxvCMF&target_url=https%3A%2F%2Fmp.weixin.qq.com%2Fs%3F__biz%3DMzUzMDAxNTAzMg%3D%3D%26mid%3D2247488462%26idx%3D1%26sn%3D619e6e699ba268930c63892991eda4f8%26chksm%3Dfa596599cd2eec8fef4c9f9cce7053089cd03de370d1d88498807fa29c3977f9305b5c5453a1%26scene%3D27
gas,Gas pipelines,Status [ref],I,2414,P4503,https://web.archive.org/save/https://news.qq.com/rain/a/20240520A098J300,https://web.archive.org/web/20260710210901/https://news.qq.com/rain/a/20240520A098J300
gas,Gas pipelines,Status [ref],I,2415,P4504,https://web.archive.org/save/https://www.yn.gov.cn/ynxwfbt/html/2017/zuixinfabu_0930/456_8.html,https://web.archive.org/web/20240801182141/https://www.yn.gov.cn/ynxwfbt/html/2017/zuixinfabu_0930/456_8.html
gas,Gas pipelines,Status [ref],I,2418,P4507,https://web.archive.org/save/https://www.qj.gov.cn/html/2023/rddbjy_0919/265361.html,https://web.archive.org/web/20260610183018/https://www.qj.gov.cn/html/2023/rddbjy_0919/265361.html
gas,Gas pipelines,Status [ref],I,2420,P4509,https://web.archive.org/save/https://www.163.com/dy/article/IO943HKQ05565EU3.html,https://web.archive.org/web/20260712083358/https://www.163.com/dy/article/IO943HKQ05565EU3.html
gas,Gas pipelines,Status [ref],I,2428,P4517,https://web.archive.org/save/https://mp.weixin.qq.com/s?__biz=MzI2OTE3NTY0OA==&mid=2650425649&idx=2&sn=f993ad46a18d849cbef85815829e79dc&chksm=f34941c5979d8668626827dbc8b78e403c1fa46e173eddcb94f1c799c99e28cea3ceefff4dfd#rd,https://web.archive.org/web/20250722232622/https://mp.weixin.qq.com/s?__biz=MzI2OTE3NTY0OA==&mid=2650425649&idx=2&sn=f993ad46a18d849cbef85815829e79dc&chksm=f34941c5979d8668626827dbc8b78e403c1fa46e173eddcb94f1c799c99e28cea3ceefff4dfd#rd
gas,Gas pipelines,Status [ref],I,2429,P4518,https://web.archive.org/save/https://vip.stock.finance.sina.com.cn/corp/view/vCB_AllBulletinDetail.php?stockid=002053&id=10800586,https://web.archive.org/web/20250722032528/https://vip.stock.finance.sina.com.cn/corp/view/vCB_AllBulletinDetail.php?stockid=002053&id=10800586
gas,Gas pipelines,Status [ref],I,2448,P4538,https://web.archive.org/save/https://m.163.com/dy/article/ITLEVKOP0552EVJ6.html,https://web.archive.org/web/20260713230454/https://m.163.com/dy/article/ITLEVKOP0552EVJ6.html
gas,Gas pipelines,Status [ref],I,2449,P4539,https://web.archive.org/save/https://www.ordos.gov.cn/xw_127672/bmdt/202407/t20240722_3637754.html,https://web.archive.org/web/20240917094521/https://www.ordos.gov.cn/xw_127672/bmdt/202407/t20240722_3637754.html
gas,Gas pipelines,Status [ref],I,2450,P4540,https://web.archive.org/save/https://www.bynr.gov.cn/dtxw/zwdt/202403/t20240305_586736.html,https://web.archive.org/web/20250617181855/https://www.bynr.gov.cn/dtxw/zwdt/202403/t20240305_586736.html
gas,Gas pipelines,Status [ref],I,2452,P4542,https://web.archive.org/save/https://www.wdfxw.net/doc58974101.htm,https://web.archive.org/web/20260710201840/https://www.wdfxw.net/doc58974101.htm
gas,Gas pipelines,Status [ref],I,2458,P4548,https://web.archive.org/save/https://www.imline.cn/article/edWeFnunci2sh1cGluZzE1ODMzMAO0O0OO0O0O.html,https://web.archive.org/web/20260710110328/https://www.imline.cn/article/edWeFnunci2sh1cGluZzE1ODMzMAO0O0OO0O0O.html
gas,Gas pipelines,Status [ref],I,2473,P4564,"https://web.archive.org/save/https://news.bjx.com.cn/html/20220907/1253743.shtml, http://xxgk-lj.cbs.gov.cn/szf_1361/zsjxxgkml/202006/t20200602_612230.html ","https://web.archive.org/web/20260710222448/https://news.bjx.com.cn/html/20220907/1253743.shtml, http://xxgk-lj.cbs.gov.cn/szf_1361/zsjxxgkml/202006/t20200602_612230.html "
gas,Gas pipelines,Status [ref],I,2474,P4565,"https://web.archive.org/save/https://news.bjx.com.cn/html/20220907/1253743.shtml, http://xxgk-lj.cbs.gov.cn/szf_1361/zsjxxgkml/202006/t20200602_612230.html ","https://web.archive.org/web/20260710222448/https://news.bjx.com.cn/html/20220907/1253743.shtml, http://xxgk-lj.cbs.gov.cn/szf_1361/zsjxxgkml/202006/t20200602_612230.html "
gas,Gas pipelines,Status [ref],I,2479,P4572,https://web.archive.org/save/https://news.bjd.com.cn/2023/09/28/10578414.shtml,https://web.archive.org/web/20260713112456/https://news.bjd.com.cn/2023/09/28/10578414.shtml
gas,Gas pipelines,Status [ref],I,2486,P4579,https://web.archive.org/save/https://gas.in-en.com/html/gas-3688756.shtml,https://web.archive.org/web/20260218013858/https://gas.in-en.com/html/gas-3688756.shtml
gas,Gas pipelines,Status [ref],I,2490,P4584,https://web.archive.org/save/https://static.cninfo.com.cn/finalpage/2021-04-06/1209638607.PDF,https://web.archive.org/web/20260613055104/https://static.cninfo.com.cn/finalpage/2021-04-06/1209638607.PDF
gas,Gas pipelines,Status [ref],I,2497,P4592,"https://web.archive.org/save/https://www.szyq.gov.cn/public/6623403/159670281.html, https://www.ahtrq.com/display.php?id=487 ","https://web.archive.org/web/20260623113708/https://www.szyq.gov.cn/public/6623403/159670281.html, https://www.ahtrq.com/display.php?id=487 "
gas,Gas pipelines,Status [ref],I,2499,P4594,https://web.archive.org/save/http://www.hhnykg.com/articles/1072/106011,https://web.archive.org/web/20260712015701/http://www.hhnykg.com/articles/1072/106011
gas,Gas pipelines,Status [ref],I,2507,P4602,"http://ah.people.com.cn/n2/2022/0516/c227767-35269842.html , https://web.archive.org/save/https://www.luan.gov.cn/public/content/10063560 ","http://ah.people.com.cn/n2/2022/0516/c227767-35269842.html , https://web.archive.org/web/20260710114912/https://www.luan.gov.cn/public/content/10063560 "
gas,Gas pipelines,Status [ref],I,2510,P4605,https://web.archive.org/save/http://www.ccin.com.cn/detail/3e0379abd63e5828ebeef663aedb2a81,https://web.archive.org/web/20250929170327/https://www.ccin.com.cn/detail/3e0379abd63e5828ebeef663aedb2a81
gas,Gas pipelines,Status [ref],I,2520,P4615,https://web.archive.org/save/https://www.toutiao.com/article/7340976890255311400/?channel=&source=search_tab,https://web.archive.org/web/20260710003926/https://www.toutiao.com/article/7340976890255311400/?channel=&source=search_tab
gas,Gas pipelines,Status [ref],I,2521,P4616,https://web.archive.org/save/https://www.toutiao.com/article/7331954780530950694/?channel=&source=search_tab,https://web.archive.org/web/20260727140310/https://www.toutiao.com/article/7331954780530950694/?channel=&source=search_tab
gas,Gas pipelines,Status [ref],I,2522,P4617,https://web.archive.org/save/http://nyj.shandong.gov.cn/art/2022/5/17/art_253733_10292435.html,https://web.archive.org/web/20240809223344/http://nyj.shandong.gov.cn/art/2022/5/17/art_253733_10292435.html
gas,Gas pipelines,Status [ref],I,2597,P4698,https://web.archive.org/save/https://www.toutiao.com/article/7195223413203010104/?channel=&source=search_tab,https://web.archive.org/web/20260710163026/https://www.toutiao.com/article/7195223413203010104/?channel=&source=search_tab
gas,Gas pipelines,Status [ref],I,2606,P4707,https://web.archive.org/save/https://td.gd.gov.cn/zcwj_n/xkgg/content/post_4419597.html,https://web.archive.org/web/20260727210508/https://td.gd.gov.cn/zcwj_n/xkgg/content/post_4419597.html
gas,Gas pipelines,Status [ref],I,2607,P4708,https://web.archive.org/save/https://td.gd.gov.cn/zcwj_n/xkgg/content/post_4419597.html,https://web.archive.org/web/20260727210508/https://td.gd.gov.cn/zcwj_n/xkgg/content/post_4419597.html
gas,Gas pipelines,Status [ref],I,2610,P4711,https://web.archive.org/save/https://td.gd.gov.cn/zcwj_n/xkgg/content/post_4419597.html,https://web.archive.org/web/20260727210508/https://td.gd.gov.cn/zcwj_n/xkgg/content/post_4419597.html
gas,Gas pipelines,Status [ref],I,2615,P4716,https://web.archive.org/save/https://www.163.com/dy/article/II35TJ100530QRMB.html,https://web.archive.org/web/20260729195719/https://www.163.com/dy/article/II35TJ100530QRMB.html
gas,Gas pipelines,Status [ref],I,2625,P4727,https://web.archive.org/save/https://dnr.gxzf.gov.cn/zfxxgk/fdzdgknr/ygzd/jsydpfwj/t18327386.shtml,https://web.archive.org/web/20250528135216/https://dnr.gxzf.gov.cn/zfxxgk/fdzdgknr/ygzd/jsydpfwj/t18327386.shtml
gas,Gas pipelines,Status [ref],I,2626,P4728,https://web.archive.org/save/https://www.sohu.com/a/810710656_120243282,https://web.archive.org/web/20260729162736/https://www.sohu.com/a/810710656_120243282
gas,Gas pipelines,Status [ref],I,2627,P4729,https://web.archive.org/save/https://dnr.gxzf.gov.cn/zfxxgk/fdzdgknr/zdxx/spjg/jsxmydysjg/t17807336.shtml,https://web.archive.org/web/20240925190958/https://dnr.gxzf.gov.cn/zfxxgk/fdzdgknr/zdxx/spjg/jsxmydysjg/t17807336.shtml
gas,Gas pipelines,Status [ref],I,2644,P4747,https://web.archive.org/save/https://www.toutiao.com/article/7296126036092305930/?channel=&source=search_tab,https://web.archive.org/web/20260711223233/https://www.toutiao.com/article/7296126036092305930/?channel=&source=search_tab
gas,Gas pipelines,Status [ref],I,2654,P4757,https://web.archive.org/save/https://www.nanjing.gov.cn/xxgkn/zt/ghxxgk_70036/ssw/zxgh_70041/202203/t20220316_3319721.html,https://web.archive.org/web/20260713173736/https://www.nanjing.gov.cn/xxgkn/zt/ghxxgk_70036/ssw/zxgh_70041/202203/t20220316_3319721.html
gas,Gas pipelines,Status [ref],I,2657,P4760,https://web.archive.org/save/https://www.toutiao.com/article/7360523618155299337/?channel=&source=search_tab,https://web.archive.org/web/20260713154125/https://www.toutiao.com/article/7360523618155299337/?channel=&source=search_tab
gas,Gas pipelines,Status [ref],I,2659,P4762,https://web.archive.org/save/https://zwzx.nantong.gov.cn/ntsxzspj/sphjgs/content/b3113ca7-9a35-4f6c-8963-a5c062871a9a.html,https://web.archive.org/web/20250929053303/https://zwzx.nantong.gov.cn/ntsxzspj/sphjgs/content/b3113ca7-9a35-4f6c-8963-a5c062871a9a.html
gas,Gas pipelines,Status [ref],I,2664,P4767,https://web.archive.org/save/https://www.toutiao.com/article/7373824120582177320/?channel=&source=search_tab,https://web.archive.org/web/20260715083206/https://www.toutiao.com/article/7373824120582177320/?channel=&source=search_tab
gas,Gas pipelines,Status [ref],I,2670,P4773,https://web.archive.org/save/https://www.toutiao.com/article/7303494285864059432/?channel=&source=search_tab,https://web.archive.org/web/20260714201145/https://www.toutiao.com/article/7303494285864059432/?channel=&source=search_tab
gas,Gas pipelines,Status [ref],I,2682,P4785,https://web.archive.org/save/https://www.ccpc360.com/bggg59218375210.html,https://web.archive.org/web/20260514205837/https://www.ccpc360.com/bggg59218375210.html
gas,Gas pipelines,Status [ref],I,2683,P4786,https://web.archive.org/save/https://m.thepaper.cn/baijiahao_13415114?sdkver=e06426d6&clientprefetch=1,https://web.archive.org/web/20260712092720/https://m.thepaper.cn/baijiahao_13415114?sdkver=e06426d6&clientprefetch=1
gas,Gas pipelines,Status [ref],I,2687,P4790,https://web.archive.org/save/https://www.sohu.com/a/466792472_661255,https://web.archive.org/web/20260710225437/https://www.sohu.com/a/466792472_661255
gas,Gas pipelines,Status [ref],I,2688,P4791,https://web.archive.org/save/http://www.jxganan.com/anquanyanshoupingjia/9273.html,https://web.archive.org/web/20250902140516/http://www.jxganan.com/anquanyanshoupingjia/9273.html
gas,Gas pipelines,Status [ref],I,2698,P4801,https://web.archive.org/save/https://sthj.lf.gov.cn/open/detail/id/7419.html,https://web.archive.org/web/20240926212027/https://sthj.lf.gov.cn/open/detail/id/7419.html
gas,Gas pipelines,Status [ref],I,2702,P4805,https://web.archive.org/save/https://www.ggzy.gov.cn/information/html/a/130000/0104/202503/18/0013cae0e3f994224879bcba050ac3d45f10.shtml,https://web.archive.org/web/20250928225532/https://www.ggzy.gov.cn/information/html/a/130000/0104/202503/18/0013cae0e3f994224879bcba050ac3d45f10.shtml
gas,Gas pipelines,Status [ref],I,2725,P4828,https://web.archive.org/save/https://henan.china.com/news/xy/2024/0126/2530628775.html,https://web.archive.org/web/20260423150512/https://henan.china.com/news/xy/2024/0126/2530628775.html
gas,Gas pipelines,Status [ref],I,2733,P4836,"https://fzggw.zj.gov.cn/art/2021/7/7/art_1229123366_2310445.html, https://web.archive.org/save/https://www.doc88.com/p-60887991570552.html ","https://fzggw.zj.gov.cn/art/2021/7/7/art_1229123366_2310445.html, https://web.archive.org/web/20260502111723/https://www.doc88.com/p-60887991570552.html "
gas,Gas pipelines,Status [ref],I,2752,P4856,https://web.archive.org/save/http://www.cpecc.ceec.net.cn/art/2024/1/2/art_29047_2518275.html,https://web.archive.org/web/20251230130820/http://www.cpecc.ceec.net.cn/art/2024/1/2/art_29047_2518275.html
gas,Gas pipelines,Status [ref],I,2776,P4881,https://web.archive.org/save/https://www.toutiao.com/article/7283690276881908278/?channel=&source=search_tab,https://web.archive.org/web/20250929042332/https://www.toutiao.com/article/7283690276881908278/?channel=&source=search_tab
gas,Gas pipelines,Status [ref],I,2779,P4884,https://web.archive.org/save/https://www.toutiao.com/article/7324888243978699300/?channel=&source=search_tab,https://web.archive.org/web/20260624091459/https://www.toutiao.com/article/7324888243978699300/?channel=&source=search_tab
gas,Gas pipelines,Status [ref],I,2780,P4885,https://web.archive.org/save/https://www.toutiao.com/article/7318190574874608155/?channel=&source=search_tab,https://web.archive.org/web/20260711120413/https://www.toutiao.com/article/7318190574874608155/?channel=&source=search_tab
gas,Gas pipelines,Status [ref],I,2808,P4914,https://web.archive.org/save/https://www.sm.gov.cn/smsrmzfbgs/smsrmzf/zfxxgkml/qtyzdgkdzfxx/202403/t20240306_2006906.htm,https://web.archive.org/web/20260108164922/https://www.sm.gov.cn/smsrmzfbgs/smsrmzf/zfxxgkml/qtyzdgkdzfxx/202403/t20240306_2006906.htm
gas,Gas pipelines,Status [ref],I,2811,P4917,https://web.archive.org/save/https://www.sohu.com/a/758956080_121123677,https://web.archive.org/web/20241002184907/https://www.sohu.com/a/758956080_121123677
gas,Gas pipelines,Status [ref],I,2812,P4918,https://web.archive.org/save/https://www.fujian.gov.cn/zwgk/ztzl/gjcjgxgg/dt/202407/t20240710_6481396.htm,https://web.archive.org/web/20260120064905/https://www.fujian.gov.cn/zwgk/ztzl/gjcjgxgg/dt/202407/t20240710_6481396.htm
gas,Gas pipelines,Status [ref],I,2815,P4921,https://web.archive.org/save/https://www.163.com/dy/article/I0EVLQU7053870VK.html,https://web.archive.org/web/20260712205927/https://www.163.com/dy/article/I0EVLQU7053870VK.html
gas,Gas pipelines,Status [ref],I,2816,P4922,https://web.archive.org/save/http://www.sasac.gov.cn/n2588025/n2588124/c29339130/content.html,https://web.archive.org/web/20260723002045/http://www.sasac.gov.cn/n2588025/n2588124/c29339130/content.html
gas,Gas pipelines,Status [ref],I,2831,P4937,https://web.archive.org/save/http://www.cnpclwpmc.com/?news_3/1314.html,https://web.archive.org/web/20260121010059/https://www.cnpclwpmc.com/?news_3%2F1314.html
gas,Gas pipelines,Status [ref],I,2852,P4961,https://web.archive.org/save/https://mp.weixin.qq.com/s?__biz=MjM5MjUxNDU2MA==&mid=2650544485&idx=2&sn=1e39de8c6df381af7cf134452ebc8b96&chksm=beadae0a89da271c4ed54a1836475a53d8b0120f25d9569852075034a2c8a1c60495298853d5&scene=27,https://web.archive.org/web/20260714065530/https://mp.weixin.qq.com/mp/wappoc_appmsgcaptcha?poc_token=HGLdVWqjSx6W4j-ULxJGQ8YJAOdqI5Twv61mIO0y&target_url=https%3A%2F%2Fmp.weixin.qq.com%2Fs%3F__biz%3DMjM5MjUxNDU2MA%3D%3D%26mid%3D2650544485%26idx%3D2%26sn%3D1e39de8c6df381af7cf134452ebc8b96%26chksm%3Dbeadae0a89da271c4ed54a1836475a53d8b0120f25d9569852075034a2c8a1c60495298853d5%26scene%3D27
gas,Gas pipelines,Status [ref],I,2853,P4962,https://web.archive.org/save/https://www.ndrc.gov.cn/fggz/fzzlgh/dffzgh/202105/P020210508614699466849.pdf,https://web.archive.org/web/20260719152045/https://www.ndrc.gov.cn/fggz/fzzlgh/dffzgh/202105/P020210508614699466849.pdf
gas,Gas pipelines,Status [ref],I,2857,P4966,https://web.archive.org/save/http://m.changshun.ccoo.cn/bbs/sxinfo.aspx?id=10344892,https://web.archive.org/web/20260719063702/http://m.changshun.ccoo.cn/bbs/sxinfo.aspx?id=10344892
gas,Gas pipelines,Status [ref],I,2859,P4968,https://web.archive.org/save/http://www.ddcpc.cn/yj/yaowen-detail-wap.html?id=11515116573395,https://web.archive.org/web/20260719063707/https://www.ddcpc.cn/yj/yaowen-detail-wap.html?id=11515116573395
gas,Gas pipelines,Status [ref],I,2864,P4973,https://web.archive.org/save/https://www.sohu.com/a/247164389_819909,https://web.archive.org/web/20250929050834/https://www.sohu.com/a/247164389_819909/
gas,Gas pipelines,Status [ref],I,2867,P4976,https://web.archive.org/save/https://www.guizhou.gov.cn/zwgk/zcfg/szfwj/qfbf/202407/t20240718_85130061.html?isMobile=false,https://web.archive.org/web/20250928225807/https://www.guizhou.gov.cn/zwgk/zcfg/szfwj/qfbf/202407/t20240718_85130061.html?isMobile=false
gas,Gas pipelines,Status [ref],I,2868,P4977,https://web.archive.org/save/https://www.toutiao.com/article/7172748331969004072/?channel=&source=search_tab,https://web.archive.org/web/20250804042144/https://www.toutiao.com/article/7172748331969004072/?channel=&source=search_tab
gas,Gas pipelines,Status [ref],I,2872,P4981,https://web.archive.org/save/https://gzw.guizhou.gov.cn/xwzx/szgz/202409/t20240903_85539460.html,https://web.archive.org/web/20250929153558/https://gzw.guizhou.gov.cn/xwzx/szgz/202409/t20240903_85539460.html
gas,Gas pipelines,Status [ref],I,2873,P4982,https://web.archive.org/save/https://gzw.guizhou.gov.cn/xwzx/szgz/202409/t20240903_85539460.html,https://web.archive.org/web/20250929153558/https://gzw.guizhou.gov.cn/xwzx/szgz/202409/t20240903_85539460.html
gas,Gas pipelines,Status [ref],I,2879,P4988,https://web.archive.org/save/https://www.gzzn.gov.cn/xw/tzgg/202504/t20250401_87326219.html,https://web.archive.org/web/20250805061447/https://www.gzzn.gov.cn/xw/tzgg/202504/t20250401_87326219.html
gas,Gas pipelines,Status [ref],I,2884,P4993,https://web.archive.org/save/https://ggzy.guizhou.gov.cn/tradeInfo/detailHtml?metaId=972760029741797376,https://web.archive.org/web/20250801175210/https://ggzy.guizhou.gov.cn/tradeInfo/detailHtml?metaId=972760029741797376
gas,Gas pipelines,Status [ref],I,2896,P5005,https://web.archive.org/save/https://www.mee.gov.cn/ywdt/gsgg/gongshi/wqgs_1/201802/W020180209508907992771.pdf,https://web.archive.org/web/20260724140932/https://www.mee.gov.cn/ywdt/gsgg/gongshi/wqgs_1/201802/W020180209508907992771.pdf
gas,Gas pipelines,Status [ref],I,2897,P5006,https://web.archive.org/save/https://www.mee.gov.cn/ywdt/gsgg/gongshi/wqgs_1/201802/W020180209508907992771.pdf,https://web.archive.org/web/20260724140932/https://www.mee.gov.cn/ywdt/gsgg/gongshi/wqgs_1/201802/W020180209508907992771.pdf
gas,Gas pipelines,Status [ref],I,2898,P5007,https://web.archive.org/save/https://www.mee.gov.cn/ywdt/gsgg/gongshi/wqgs_1/201802/W020180209508907992771.pdf,https://web.archive.org/web/20260724140932/https://www.mee.gov.cn/ywdt/gsgg/gongshi/wqgs_1/201802/W020180209508907992771.pdf
gas,Gas pipelines,Status [ref],I,2907,P5016,https://web.archive.org/save/https://www.toutiao.com/article/7303691189646213669/?channel=&source=search_tab,https://web.archive.org/web/20250326101234/https://www.toutiao.com/article/7303691189646213669/?channel=&source=search_tab
gas,Gas pipelines,Status [ref],I,2913,P5023,https://web.archive.org/save/https://www.cq.gov.cn/zt/cydqscjjq/chscjjhjjq/202406/t20240619_13308078.html,https://web.archive.org/web/20241003184117/https://www.cq.gov.cn/zt/cydqscjjq/chscjjhjjq/202406/t20240619_13308078.html
gas,Gas pipelines,Status [ref],I,2915,P5025,https://web.archive.org/save/https://www.toutiao.com/article/7382109431041032767/?channel=&source=search_tab,https://web.archive.org/web/20260712074755/https://www.toutiao.com/article/7382109431041032767/?channel=&source=search_tab
gas,Gas pipelines,Status [ref],I,2916,P5026,https://web.archive.org/save/https://gu.qq.com/sh600917/gp/jbnb/nos1213270628,https://web.archive.org/web/20260121204511/https://gu.qq.com/sh600917/gp/jbnb/nos1213270628
gas,Gas pipelines,Status [ref],I,2918,P5028,https://web.archive.org/save/https://fzggw.cq.gov.cn/zwgk/zfxxgkml/jytabl/jygk_53511/202012/t20201202_8520961.html,https://web.archive.org/web/20260714072713/https://fzggw.cq.gov.cn/zwgk/zfxxgkml/jytabl/jygk_53511/202012/t20201202_8520961.html
gas,Gas pipelines,Status [ref],I,2965,P5085,https://web.archive.org/save/https://www.163.com/dy/article/J9OCU4N005380ADU.html,https://web.archive.org/web/20260420051656/https://www.163.com/dy/article/J9OCU4N005380ADU.html
gas,Gas pipelines,Status [ref],I,2972,P5096,https://web.archive.org/save/https://www.toutiao.com/article/7288888495572255292/?channel=&source=search_tab,https://web.archive.org/web/20250929044107/https://www.toutiao.com/article/7288888495572255292/?channel=&source=search_tab
gas,Gas pipelines,Status [ref],I,2990,P5308,https://web.archive.org/save/http://www.yiyuan.gov.cn/gongkai/site_yyxlsjdbsc/channel_5fbb0173641ca30b65f4add7/doc_6507b424e7f79f1832269fd0.html,https://web.archive.org/web/20240905091537/http://www.yiyuan.gov.cn/gongkai/site_yyxlsjdbsc/channel_5fbb0173641ca30b65f4add7/doc_6507b424e7f79f1832269fd0.html
gas,Gas pipelines,Status [ref],I,2991,P5309,https://web.archive.org/save/https://www.bidcenter.com.cn/news-276438913-1.html,https://web.archive.org/web/20260714094820/https://shuju.bidcenter.com.cn/HumanMachineVerificationTest6.shtml?url=https://www.bidcenter.com.cn/news-276438913-1.html
gas,Gas pipelines,Status [ref],I,2992,P5310,https://web.archive.org/save/https://www.toutiao.com/article/7174599533656015396/?channel=&source=search_tab,https://web.archive.org/web/20250929042211/https://www.toutiao.com/article/7174599533656015396/?channel=&source=search_tab
gas,Gas pipelines,Status [ref],I,3006,P5407,https://web.archive.org/save/https://hb.dzwww.com/p/p74kRCZyxe.html,https://web.archive.org/web/20260714044726/https://hb.dzwww.com/p/p74kRCZyxe.html
gas,Gas pipelines,Status [ref],I,3016,P5418,https://web.archive.org/save/https://gas.in-en.com/html/gas-3689296.shtml,https://web.archive.org/web/20250609033922/https://gas.in-en.com/html/gas-3689296.shtml
gas,Gas pipelines,Status [ref],I,3024,P5496,https://web.archive.org/save/https://www.toutiao.com/article/7316336635527086631/?channel=&source=search_tab,https://web.archive.org/web/20250521091740/https://www.toutiao.com/article/7316336635527086631/?channel=&source=search_tab
gas,Gas pipelines,Status [ref],I,3026,P5498,https://web.archive.org/save/https://www.sohu.com/a/48451590_121315,https://web.archive.org/web/20250929042706/https://www.sohu.com/a/48451590_121315/
gas,Gas pipelines,Status [ref],I,3034,P5506,https://web.archive.org/save/https://www.sohu.com/a/712826332_121123881,https://web.archive.org/web/20250929045851/https://www.sohu.com/a/712826332_121123881/
gas,Gas pipelines,Status [ref],I,3091,P5567,https://web.archive.org/save/https://slt.shanxi.gov.cn/sltzwgk/zdxxgk/202201/t20220117_4520836.html,https://web.archive.org/web/20250615145206/https://slt.shanxi.gov.cn/sltzwgk/zdxxgk/202201/t20220117_4520836.html
gas,Gas pipelines,Status [ref],I,3098,P5574,https://web.archive.org/save/https://caifuhao.eastmoney.com/news/20231117171934667321040,https://web.archive.org/web/20260712022907/https://caifuhao.eastmoney.com/news/20231117171934667321040
gas,Gas pipelines,Status [ref],I,3145,P5622,https://web.archive.org/save/http://www.aqnews.com.cn/2023/12/04/99679504.html,https://web.archive.org/web/20250908201519/http://www.aqnews.com.cn/2023/12/04/99679504.html
gas,Gas pipelines,Status [ref],I,3146,P5623,https://web.archive.org/save/https://m.zhaobiao.cn/rlxm/approved_v_ba57331bb0d278ef514fa3397d7bef89.html,https://web.archive.org/web/20250908213000/https://m.zhaobiao.cn/rlxm/approved_v_ba57331bb0d278ef514fa3397d7bef89.html
gas,Gas pipelines,Status [ref],I,3148,P5625,https://web.archive.org/save/https://fynews.gov.cn/wap/FengyangNews/info.aspx?ItemID=102855,https://web.archive.org/web/20250908201556/https://fynews.gov.cn/wap/FengyangNews/info.aspx?ItemID=102855
gas,Gas pipelines,Status [ref],I,3156,P5636,"https://web.archive.org/save/https://www.toutiao.com/article/7341234143981978175/?channel=&source=search_tab, https://www.hefei.gov.cn/ssxw/ztzl/zt/srxxgcddsjjlzqhjs/107156087.html ","https://web.archive.org/web/20250908201445/https://www.toutiao.com/article/7341234143981978175/?channel=&source=search_tab, https://www.hefei.gov.cn/ssxw/ztzl/zt/srxxgcddsjjlzqhjs/107156087.html "
gas,Gas pipelines,Status [ref],I,3359,P5888,https://web.archive.org/save/https://www.toutiao.com/article/7394374433810432575/?channel=&source=search_tab,https://web.archive.org/web/20250929050553/https://www.toutiao.com/article/7394374433810432575/?channel=&source=search_tab
gas,Gas pipelines,Status [ref],I,3411,P5947,https://web.archive.org/save/https://m-huanggang.cjyun.org/p/417115.html,https://web.archive.org/web/20250929170448/https://m-huanggang.cjyun.org/p/417115.html
gas,Gas pipelines,Status [ref],I,3416,P5952,https://web.archive.org/save/https://gas.in-en.com/html/gas-3684096.shtml,https://web.archive.org/web/20260502124823/https://gas.in-en.com/html/gas-3684096.shtml
gas,Gas pipelines,Status [ref],I,3427,P5963,https://web.archive.org/save/https://news.southcn.com/node_810c33d731/b67c405345.shtml,https://web.archive.org/web/20240731220406/https://news.southcn.com/node_810c33d731/b67c405345.shtml
gas,Gas pipelines,Status [ref],I,3456,P5993,https://web.archive.org/save/https://www.toutiao.com/article/7351350860141642281/?channel=&source=search_tab,https://web.archive.org/web/20260711191225/https://www.toutiao.com/article/7351350860141642281/?channel=&source=search_tab
gas,Gas pipelines,Status [ref],I,3461,P5999,https://web.archive.org/save/https://www.jingjiang.gov.cn/cms_files/filemanager/1742096762/attach/20237/354dcd0812f7425ba0ade82cebf53fe4.pdf,https://web.archive.org/web/20260529135326/https://www.jingjiang.gov.cn/cms_files/filemanager/1742096762/attach/20237/354dcd0812f7425ba0ade82cebf53fe4.pdf
gas,Gas pipelines,Status [ref],I,3476,P6017,https://web.archive.org/save/https://www.fujian.gov.cn/zwgk/ztzl/gjcjgxgg/dt/202407/t20240710_6481396.htm,https://web.archive.org/web/20260120064905/https://www.fujian.gov.cn/zwgk/ztzl/gjcjgxgg/dt/202407/t20240710_6481396.htm
gas,Gas pipelines,Status [ref],I,3508,P6239,https://web.archive.org/save/https://eedsgtjt.cn/contents/14/13951.html,https://web.archive.org/web/20260120235515/https://eedsgtjt.cn/contents/14/13951.html
gas,Gas pipelines,Status [ref],I,3515,P6246,https://web.archive.org/save/https://www.ccpc360.com/zbgs47027787155.html,https://web.archive.org/web/20250610032931/https://www.ccpc360.com/zbgs47027787155.html
gas,Gas pipelines,Status [ref],I,3516,P6247,https://web.archive.org/save/https://www.ordos.gov.cn/gk_128120/zdjsxm/xmsg/202312/t20231204_3538255.html,https://web.archive.org/web/20250610034921/https://www.ordos.gov.cn/gk_128120/zdjsxm/xmsg/202312/t20231204_3538255.html
gas,Gas pipelines,Status [ref],I,3666,P6711,https://web.archive.org/save/https://www.bjgas.com/tag/51/,https://web.archive.org/web/20251008223938/http://bjgas.com/tag/51/
gas,Gas pipelines,Status [ref],I,3791,P7110,https://web.archive.org/save/https://www.nxnews.net/zt/25n/wzzcfz/yw/202501/t20250110_10165692.html,https://web.archive.org/web/20250529035958/https://www.nxnews.net/zt/25n/wzzcfz/yw/202501/t20250110_10165692.html
gas,Gas pipelines,Status [ref],I,3792,P7111,https://web.archive.org/save/https://www.nea.gov.cn/2012-06/18/c_131660248.htm,https://web.archive.org/web/20250530132533/https://www.nea.gov.cn/2012-06/18/c_131660248.htm
gas,Gas pipelines,Status [ref],I,3793,P7112,https://web.archive.org/save/https://www.dlnyzb.com/detail/23806458,https://web.archive.org/web/20250530073539/https://www.dlnyzb.com/detail/23806458
gas,Gas pipelines,Status [ref],I,3798,P7117,https://web.archive.org/save/https://www.tpsq.gov.cn/eportal/ui?articleKey=39e202fda0b04c68b2791a3f81157760&columnId=691af55af126482c82ecb154ad64f890&pageId=36a66228778440d98567b4cc3b4bb4bf,https://web.archive.org/web/20250605055227/https://www.tpsq.gov.cn/eportal/ui?articleKey=39e202fda0b04c68b2791a3f81157760&columnId=691af55af126482c82ecb154ad64f890&pageId=36a66228778440d98567b4cc3b4bb4bf
gas,Gas pipelines,Status [ref],I,3890,P7492,https://web.archive.org/save/https://www.qdn.gov.cn/zwgk_5871642/zfxxgk_5871649/fdzdgknr_5871652/lzyj/gfxwj_5871658/zfbf_5871661/202409/t20240903_85536498.html,https://web.archive.org/web/20250730220228/https://www.qdn.gov.cn/zwgk_5871642/zfxxgk_5871649/fdzdgknr_5871652/lzyj/gfxwj_5871658/zfbf_5871661/202409/t20240903_85536498.html
gas,Gas pipelines,Status [ref],I,3911,P7513,https://web.archive.org/save/https://www.toutiao.com/article/7405871689043460620/?channel=&source=search_tab,https://web.archive.org/web/20260710053208/https://www.toutiao.com/article/7405871689043460620/?channel=&source=search_tab
gas,Gas pipelines,Status [ref],I,3922,P7524,https://web.archive.org/save/https://www.toutiao.com/article/7405871689043460620/?channel=&source=search_tab,https://web.archive.org/web/20260710053208/https://www.toutiao.com/article/7405871689043460620/?channel=&source=search_tab
gas,Gas pipelines,Fuel [ref],M,2519,P4614,https://web.archive.org/save/https://www.toutiao.com/article/7360961052723298825/?channel=&source=search_tab,https://web.archive.org/web/20240809220704/https://www.toutiao.com/article/7360961052723298825/?channel=&source=search_tab
gas,Gas pipelines,Fuel [ref],M,2815,P4921,https://web.archive.org/save/https://www.163.com/dy/article/I0EVLQU7053870VK.html,https://web.archive.org/web/20260712205927/https://www.163.com/dy/article/I0EVLQU7053870VK.html
gas,Gas pipelines,Fuel [ref],M,2824,P4930,https://web.archive.org/save/https://kw.beijing.gov.cn/art/2024/1/11/art_9884_672614.html,https://web.archive.org/web/20241002202759/https://kw.beijing.gov.cn/art/2024/1/11/art_9884_672614.html
gas,Gas pipelines,Fuel [ref],M,3071,P5544,https://web.archive.org/save/https://news.cnjiwang.com/jlxwdt/cc/201612/2294060.html,https://web.archive.org/web/20260711230314/https://news.cnjiwang.com/jlxwdt/cc/201612/2294060.html
gas,Gas pipelines,Fuel [ref],M,3442,P5978,https://web.archive.org/save/https://zjw.sh.gov.cn/jsgl/20240310/d8a746667e5b4d5b9adbae3e3fe0e971.html,https://web.archive.org/web/20250929050028/https://zjw.sh.gov.cn/jsgl/20240310/d8a746667e5b4d5b9adbae3e3fe0e971.html
gas,Gas pipelines,Fuel [ref],M,3666,P6711,https://web.archive.org/save/https://www.bjgas.com/tag/51/,https://web.archive.org/web/20251008223938/http://bjgas.com/tag/51/
gas,Gas pipelines,Fuel [ref],M,3791,P7110,https://web.archive.org/save/https://www.nxnews.net/zt/25n/wzzcfz/yw/202501/t20250110_10165692.html,https://web.archive.org/web/20250529035958/https://www.nxnews.net/zt/25n/wzzcfz/yw/202501/t20250110_10165692.html
gas,Gas pipelines,Fuel [ref],M,3792,P7111,https://web.archive.org/save/https://www.nea.gov.cn/2012-06/18/c_131660248.htm,https://web.archive.org/web/20250530132533/https://www.nea.gov.cn/2012-06/18/c_131660248.htm
gas,Gas pipelines,Fuel [ref],M,3793,P7112,https://web.archive.org/save/https://www.dlnyzb.com/detail/23806458,https://web.archive.org/web/20250530073539/https://www.dlnyzb.com/detail/23806458
gas,Gas pipelines,Fuel [ref],M,3795,P7114,https://web.archive.org/save/https://www.xj.chinanews.com.cn/dizhou/2024-11-06/detail-iheiszsm5300397.shtml,https://web.archive.org/web/20250811163108/https://www.xj.chinanews.com.cn/dizhou/2024-11-06/detail-iheiszsm5300397.shtml
gas,Gas pipelines,Fuel [ref],M,3798,P7117,https://web.archive.org/save/https://www.tpsq.gov.cn/eportal/ui?articleKey=39e202fda0b04c68b2791a3f81157760&columnId=691af55af126482c82ecb154ad64f890&pageId=36a66228778440d98567b4cc3b4bb4bf,https://web.archive.org/web/20250605055227/https://www.tpsq.gov.cn/eportal/ui?articleKey=39e202fda0b04c68b2791a3f81157760&columnId=691af55af126482c82ecb154ad64f890&pageId=36a66228778440d98567b4cc3b4bb4bf
gas,Gas pipelines,Fuel [ref],M,3877,P7479,https://web.archive.org/save/https://mgas.in-en.com/html/gas-3188628.shtml,https://web.archive.org/web/20250907042606/https://mgas.in-en.com/html/gas-3188628.shtml
gas,Gas pipelines,Fuel [ref],M,3890,P7492,https://web.archive.org/save/https://www.qdn.gov.cn/zwgk_5871642/zfxxgk_5871649/fdzdgknr_5871652/lzyj/gfxwj_5871658/zfbf_5871661/202409/t20240903_85536498.html,https://web.archive.org/web/20250730220228/https://www.qdn.gov.cn/zwgk_5871642/zfxxgk_5871649/fdzdgknr_5871652/lzyj/gfxwj_5871658/zfbf_5871661/202409/t20240903_85536498.html
gas,Gas pipelines,Fuel [ref],M,3921,P7523,https://web.archive.org/save/https://sthj.qdn.gov.cn/xxgk_0/fdzdgknr/xzsp_5819700/spqgs_5819703/202012/t20201229_65832000.html,https://web.archive.org/web/20250804100359/https://sthj.qdn.gov.cn/xxgk_0/fdzdgknr/xzsp_5819700/spqgs_5819703/202012/t20201229_65832000.html
gas,Gas pipelines,PipelineType [ref],O,2525,P4620,https://web.archive.org/save/https://www.toutiao.com/article/7360608408875139584/?channel=&source=search_tab,https://web.archive.org/web/20250929045650/https://www.toutiao.com/article/7360608408875139584/?channel=&source=search_tab
gas,Gas pipelines,PipelineType [ref],O,2596,P4697,https://web.archive.org/save/https://hyxy.heyuan.gov.cn/QXXYGSXZXKDETAIL/2e62e22b4cd94d7fbab60da13d595374/.html,https://web.archive.org/web/20240924192858/https://hyxy.heyuan.gov.cn/QXXYGSXZXKDETAIL/2e62e22b4cd94d7fbab60da13d595374/.html
gas,Gas pipelines,PipelineType [ref],O,2597,P4698,https://web.archive.org/save/https://www.toutiao.com/article/7324521903941730879/?channel=&source=search_tab,https://web.archive.org/web/20260714050755/https://www.toutiao.com/article/7324521903941730879/?channel=&source=search_tab
gas,Gas pipelines,PipelineType [ref],O,2599,P4700,https://web.archive.org/save/http://www.luoding.gov.cn/yfldzrzy/gkmlpt/content/1/1841/mpost_1841542.html#3952,https://web.archive.org/web/20250301103846/http://www.luoding.gov.cn/yfldzrzy/gkmlpt/content/1/1841/mpost_1841542.html#3952
gas,Gas pipelines,PipelineType [ref],O,2603,P4704,https://web.archive.org/save/http://www.guandaobaohuchina.com/htm/20221/2_3600.htm,https://web.archive.org/web/20240924213500/http://www.guandaobaohuchina.com/htm/20221/2_3600.htm
gas,Gas pipelines,PipelineType [ref],O,2604,P4705,https://web.archive.org/save/https://td.gd.gov.cn/zcwj_n/xkgg/content/post_4419597.html,https://web.archive.org/web/20260727210508/https://td.gd.gov.cn/zcwj_n/xkgg/content/post_4419597.html
gas,Gas pipelines,PipelineType [ref],O,2607,P4708,https://web.archive.org/save/http://www.chenghai.gov.cn/ch/zwgk/tpxw/content/post_2064235.html,https://web.archive.org/web/20240924220821/http://www.chenghai.gov.cn/ch/zwgk/tpxw/content/post_2064235.html
gas,Gas pipelines,PipelineType [ref],O,2643,P4745,https://web.archive.org/save/https://www.sohu.com/a/758830461_121124362,https://web.archive.org/web/20240925204028/https://www.sohu.com/a/758830461_121124362
gas,Gas pipelines,PipelineType [ref],O,2655,P4758,https://web.archive.org/save/https://www.toutiao.com/article/7360523618155299337/?channel=&source=search_tab,https://web.archive.org/web/20260713154125/https://www.toutiao.com/article/7360523618155299337/?channel=&source=search_tab
gas,Gas pipelines,PipelineType [ref],O,2791,P4896,https://web.archive.org/save/https://www.toutiao.com/article/7387950308439196212/?channel=&source=search_tab,https://web.archive.org/web/20250514090936/https://www.toutiao.com/article/7387950308439196212/?channel=&source=search_tab
gas,Gas pipelines,PipelineType [ref],O,3071,P5544,https://web.archive.org/save/https://news.cnjiwang.com/jlxwdt/cc/201612/2294060.html,https://web.archive.org/web/20260711230314/https://news.cnjiwang.com/jlxwdt/cc/201612/2294060.html
gas,Gas pipelines,PipelineType [ref],O,3442,P5978,https://web.archive.org/save/https://zjw.sh.gov.cn/jsgl/20240310/d8a746667e5b4d5b9adbae3e3fe0e971.html,https://web.archive.org/web/20250929050028/https://zjw.sh.gov.cn/jsgl/20240310/d8a746667e5b4d5b9adbae3e3fe0e971.html
gas,Gas pipelines,PipelineType [ref],O,3444,P5980,https://web.archive.org/save/https://www.shobserver.com/wx/detail.do?id=699186,https://web.archive.org/web/20260713033615/https://www.shobserver.com/wx/detail.do?id=699186
gas,Gas pipelines,PipelineType [ref],O,3666,P6711,https://web.archive.org/save/https://www.bjgas.com/tag/51/,https://web.archive.org/web/20251008223938/http://bjgas.com/tag/51/
gas,Gas pipelines,PipelineType [ref],O,3791,P7110,https://web.archive.org/save/https://www.nxnews.net/zt/25n/wzzcfz/yw/202501/t20250110_10165692.html,https://web.archive.org/web/20250529035958/https://www.nxnews.net/zt/25n/wzzcfz/yw/202501/t20250110_10165692.html
gas,Gas pipelines,PipelineType [ref],O,3792,P7111,https://web.archive.org/save/https://www.nea.gov.cn/2012-06/18/c_131660248.htm,https://web.archive.org/web/20250530132533/https://www.nea.gov.cn/2012-06/18/c_131660248.htm
gas,Gas pipelines,PipelineType [ref],O,3793,P7112,https://web.archive.org/save/https://www.dlnyzb.com/detail/23806458,https://web.archive.org/web/20250530073539/https://www.dlnyzb.com/detail/23806458
gas,Gas pipelines,PipelineType [ref],O,3798,P7117,https://web.archive.org/save/https://www.tpsq.gov.cn/eportal/ui?articleKey=39e202fda0b04c68b2791a3f81157760&columnId=691af55af126482c82ecb154ad64f890&pageId=36a66228778440d98567b4cc3b4bb4bf,https://web.archive.org/web/20250605055227/https://www.tpsq.gov.cn/eportal/ui?articleKey=39e202fda0b04c68b2791a3f81157760&columnId=691af55af126482c82ecb154ad64f890&pageId=36a66228778440d98567b4cc3b4bb4bf
gas,Gas pipelines,PipelineType [ref],O,3877,P7479,https://web.archive.org/save/https://mgas.in-en.com/html/gas-3188628.shtml,https://web.archive.org/web/20250907042606/https://mgas.in-en.com/html/gas-3188628.shtml
gas,Gas pipelines,PipelineType [ref],O,3890,P7492,https://web.archive.org/save/https://www.qdn.gov.cn/zwgk_5871642/zfxxgk_5871649/fdzdgknr_5871652/lzyj/gfxwj_5871658/zfbf_5871661/202409/t20240903_85536498.html,https://web.archive.org/web/20250730220228/https://www.qdn.gov.cn/zwgk_5871642/zfxxgk_5871649/fdzdgknr_5871652/lzyj/gfxwj_5871658/zfbf_5871661/202409/t20240903_85536498.html
gas,Gas pipelines,PipelineType [ref],O,3921,P7523,https://web.archive.org/save/https://sthj.qdn.gov.cn/xxgk_0/fdzdgknr/xzsp_5819700/spqgs_5819703/202012/t20201229_65832000.html,https://web.archive.org/web/20250804100359/https://sthj.qdn.gov.cn/xxgk_0/fdzdgknr/xzsp_5819700/spqgs_5819703/202012/t20201229_65832000.html
gas,Gas pipelines,ResearcherNotes,T,3006,P5407,https://web.archive.org/save/http://news.iqilu.com/shandong/shandonggedi/20221102/5271085.shtml,https://web.archive.org/web/20260710094134/https://news.iqilu.com/shandong/shandonggedi/20221102/5271085.shtml
gas,Gas pipelines,Background [ref],V,2449,P4539,https://web.archive.org/save/https://www.ordos.gov.cn/xw_127672/bmdt/202407/t20240722_3637754.html,https://web.archive.org/web/20240917094521/https://www.ordos.gov.cn/xw_127672/bmdt/202407/t20240722_3637754.html
gas,Gas pipelines,Background [ref],V,2526,P4621,https://web.archive.org/save/https://www.nea.gov.cn/2011-09/07/c_131110752.htm,https://web.archive.org/web/20250610065723/https://www.nea.gov.cn/2011-09/07/c_131110752.htm
gas,Gas pipelines,Proposal [ref],AB,2461,P4551,https://web.archive.org/save/https://www.nmg.gov.cn/zwgk/zfxxgk/zfxxgkml/202102/W020210210454385307464/mobile/index.html#p=1,https://web.archive.org/web/20250604023019/https://www.nmg.gov.cn/zwgk/zfxxgk/zfxxgkml/202102/W020210210454385307464/mobile/index.html#p=1
gas,Gas pipelines,Proposal [ref],AB,2546,P4641,https://web.archive.org/save/https://www.chinamae.com/purchases/56f5c1b1e705bb607d9b8aaad9549ebd.html,https://web.archive.org/web/20250612050113/https://www.chinamae.com/purchases/56f5c1b1e705bb607d9b8aaad9549ebd.html
gas,Gas pipelines,Proposal [ref],AB,2884,P4993,https://web.archive.org/save/https://ggzy.guizhou.gov.cn/tradeInfo/detailHtml?metaId=972760029741797376,https://web.archive.org/web/20250801175210/https://ggzy.guizhou.gov.cn/tradeInfo/detailHtml?metaId=972760029741797376
gas,Gas pipelines,Proposal [ref],AB,3508,P6239,https://web.archive.org/save/https://eedsgtjt.cn/contents/14/13951.html,https://web.archive.org/web/20260120235515/https://eedsgtjt.cn/contents/14/13951.html
gas,Gas pipelines,Proposal [ref],AB,3515,P6246,https://web.archive.org/save/https://www.ccpc360.com/zbgs47027787155.html,https://web.archive.org/web/20250610032931/https://www.ccpc360.com/zbgs47027787155.html
gas,Gas pipelines,Proposal [ref],AB,3516,P6247,https://web.archive.org/save/https://www.ordos.gov.cn/gk_128120/zdjsxm/xmsg/202312/t20231204_3538255.html,https://web.archive.org/web/20250610034921/https://www.ordos.gov.cn/gk_128120/zdjsxm/xmsg/202312/t20231204_3538255.html
gas,Gas pipelines,Proposal [ref],AB,3793,P7112,https://web.archive.org/save/https://www.dlnyzb.com/detail/23806458,https://web.archive.org/web/20250530073539/https://www.dlnyzb.com/detail/23806458
gas,Gas pipelines,Proposal [ref],AB,3798,P7117,https://web.archive.org/save/https://www.tpsq.gov.cn/eportal/ui?articleKey=39e202fda0b04c68b2791a3f81157760&columnId=691af55af126482c82ecb154ad64f890&pageId=36a66228778440d98567b4cc3b4bb4bf,https://web.archive.org/web/20250605055227/https://www.tpsq.gov.cn/eportal/ui?articleKey=39e202fda0b04c68b2791a3f81157760&columnId=691af55af126482c82ecb154ad64f890&pageId=36a66228778440d98567b4cc3b4bb4bf
gas,Gas pipelines,Construction [ref],AE,2448,P4538,https://web.archive.org/save/https://m.163.com/dy/article/ITLEVKOP0552EVJ6.html,https://web.archive.org/web/20260713230454/https://m.163.com/dy/article/ITLEVKOP0552EVJ6.html
gas,Gas pipelines,Construction [ref],AE,2492,P4586,https://web.archive.org/save/https://www.huoqiu.gov.cn/public/6596251/36740152.html,https://web.archive.org/web/20240807222701/https://www.huoqiu.gov.cn/public/6596251/36740152.html
gas,Gas pipelines,Construction [ref],AE,2499,P4594,https://web.archive.org/save/http://www.hhnykg.com/articles/1072/106011,https://web.archive.org/web/20260712015701/http://www.hhnykg.com/articles/1072/106011
gas,Gas pipelines,Construction [ref],AE,2883,P4992,https://web.archive.org/save/https://fgw.qdn.gov.cn/zwgk_5822016/xxgkml/jytabl/dbjydf/202506/t20250625_88186361.html,https://web.archive.org/web/20250801170220/https://fgw.qdn.gov.cn/zwgk_5822016/xxgkml/jytabl/dbjydf/202506/t20250625_88186361.html
gas,Gas pipelines,Construction [ref],AE,3032,P5504,https://web.archive.org/save/https://www.toutiao.com/article/6749537290734797326/?channel=&source=search_tab&wid=1689819121631,https://web.archive.org/web/20250929044337/https://www.toutiao.com/article/6749537290734797326/?channel=&source=search_tab&wid=1689819121631
gas,Gas pipelines,Construction [ref],AE,3121,P5597,https://web.archive.org/save/https://www.huoqiu.gov.cn/public/6596251/36740152.html,https://web.archive.org/web/20240807222701/https://www.huoqiu.gov.cn/public/6596251/36740152.html
gas,Gas pipelines,Construction [ref],AE,3874,P7476,https://web.archive.org/save/https://news.qq.com/rain/a/20240531A09VF700?suid=&media_id=,https://web.archive.org/web/20260710025627/https://news.qq.com/rain/a/20240531A09VF700?suid=&media_id=
gas,Gas pipelines,Construction [ref],AE,3890,P7492,https://web.archive.org/save/https://www.qdn.gov.cn/zwgk_5871642/zfxxgk_5871649/fdzdgknr_5871652/lzyj/gfxwj_5871658/zfbf_5871661/202409/t20240903_85536498.html,https://web.archive.org/web/20250730220228/https://www.qdn.gov.cn/zwgk_5871642/zfxxgk_5871649/fdzdgknr_5871652/lzyj/gfxwj_5871658/zfbf_5871661/202409/t20240903_85536498.html
gas,Gas pipelines,Construction [ref],AE,3911,P7513,https://web.archive.org/save/https://gzw.guizhou.gov.cn/xwzx/szgz/202409/t20240903_85539460.html,https://web.archive.org/web/20250929153558/https://gzw.guizhou.gov.cn/xwzx/szgz/202409/t20240903_85539460.html
gas,Gas pipelines,Construction [ref],AE,3922,P7524,https://web.archive.org/save/https://www.toutiao.com/article/7405871689043460620/?channel=&source=search_tab,https://web.archive.org/web/20260710053208/https://www.toutiao.com/article/7405871689043460620/?channel=&source=search_tab
gas,Gas pipelines,Start [ref],AL,2196,P4212,https://web.archive.org/save/https://www.sgc.az/en/project/scp,https://web.archive.org/web/20260722074932/https://www.sgc.az/en/project/scp
gas,Gas pipelines,Start [ref],AL,2420,P4509,https://web.archive.org/save/https://www.163.com/dy/article/IO943HKQ05565EU3.html,https://web.archive.org/web/20260712083358/https://www.163.com/dy/article/IO943HKQ05565EU3.html
gas,Gas pipelines,Start [ref],AL,2422,P4511,https://web.archive.org/save/https://www.toutiao.com/article/7130218493739434526/?upstream_biz=doubao&source=m_redirect,https://web.archive.org/web/20250722221415/https://www.toutiao.com/article/7130218493739434526/?upstream_biz=doubao&source=m_redirect
gas,Gas pipelines,Start [ref],AL,2431,P4520,https://web.archive.org/save/https://www.toutiao.com/article/6599842714689208846/?upstream_biz=doubao&source=m_redirect&wid=1753291638871,https://web.archive.org/web/20250723173028/https://www.toutiao.com/article/6599842714689208846/?upstream_biz=doubao&source=m_redirect&wid=1753291638871
gas,Gas pipelines,Start [ref],AL,2452,P4542,https://web.archive.org/save/https://www.wdfxw.net/doc58974101.htm,https://web.archive.org/web/20260710201840/https://www.wdfxw.net/doc58974101.htm
gas,Gas pipelines,Start [ref],AL,2538,P4633,https://web.archive.org/save/https://www.suntien.com/detail.php?en=c&id=14&infoid=685,https://web.archive.org/web/20250611053201/https://www.suntien.com/detail.php?en=c&id=14&infoid=685
gas,Gas pipelines,Start [ref],AL,2846,P4954,https://web.archive.org/save/https://baijiahao.baidu.com/s?id=1761691413186626869,https://web.archive.org/web/20260108022110/https://wappass.baidu.com/static/captcha/tuxing.html?ak=572be823e2f50ea759a616c060d6b9f1&backurl=https%3A%2F%2Fmbd.baidu.com%2Fnewspage%2Fdata%2Flandingsuper%3Fid%3D1761691413186626869%26baijiahao_id%3D1761691413186626869%26wfr%3D%26third%3Dbaijiahao%26c_source%3Dkunlun%26c_score%3D0.999000&timestamp=1767838869&signature=308a909c784402ba592756e156548a63
gas,Gas pipelines,Start [ref],AL,2852,P4961,https://web.archive.org/save/https://mp.weixin.qq.com/s?__biz=MjM5MjUxNDU2MA==&mid=2650544485&idx=2&sn=1e39de8c6df381af7cf134452ebc8b96&chksm=beadae0a89da271c4ed54a1836475a53d8b0120f25d9569852075034a2c8a1c60495298853d5&scene=27,https://web.archive.org/web/20260714065530/https://mp.weixin.qq.com/mp/wappoc_appmsgcaptcha?poc_token=HGLdVWqjSx6W4j-ULxJGQ8YJAOdqI5Twv61mIO0y&target_url=https%3A%2F%2Fmp.weixin.qq.com%2Fs%3F__biz%3DMjM5MjUxNDU2MA%3D%3D%26mid%3D2650544485%26idx%3D2%26sn%3D1e39de8c6df381af7cf134452ebc8b96%26chksm%3Dbeadae0a89da271c4ed54a1836475a53d8b0120f25d9569852075034a2c8a1c60495298853d5%26scene%3D27
gas,Gas pipelines,Start [ref],AL,2857,P4966,https://web.archive.org/save/http://m.changshun.ccoo.cn/bbs/sxinfo.aspx?id=10344892,https://web.archive.org/web/20260719063702/http://m.changshun.ccoo.cn/bbs/sxinfo.aspx?id=10344892
gas,Gas pipelines,Start [ref],AL,2859,P4968,https://web.archive.org/save/http://www.ddcpc.cn/yj/yaowen-detail-wap.html?id=11515116573395 ,https://web.archive.org/web/20260719063707/https://www.ddcpc.cn/yj/yaowen-detail-wap.html?id=11515116573395 
gas,Gas pipelines,Start [ref],AL,3000,P5318,https://web.archive.org/save/https://mgas.in-en.com/html/gas-3667971.shtml,https://web.archive.org/web/20250618141018/https://mgas.in-en.com/html/gas-3667971.shtml
gas,Gas pipelines,Start [ref],AL,3091,P5567,https://web.archive.org/save/https://slt.shanxi.gov.cn/sltzwgk/zdxxgk/202201/t20220117_4520836.html,https://web.archive.org/web/20250615145206/https://slt.shanxi.gov.cn/sltzwgk/zdxxgk/202201/t20220117_4520836.html
gas,Gas pipelines,Start [ref],AL,3100,P5576,https://web.archive.org/save/http://www.lvliang.gov.cn/llxxgk/zfxxgk/xxgkml/ghjh_21562/202112/t20211224_1604743.html,https://web.archive.org/web/20260711040831/http://www.lvliang.gov.cn/llxxgk/zfxxgk/xxgkml/ghjh_21562/202112/t20211224_1604743.html
gas,Gas pipelines,Start [ref],AL,3488,P6031,https://web.archive.org/save/https://www.toutiao.com/article/7309783977328738826/?channel=&source=search_tab,https://web.archive.org/web/20260711040853/https://www.toutiao.com/article/7309783977328738826/?channel=&source=search_tab
gas,Gas pipelines,Start [ref],AL,3496,P6040,https://web.archive.org/save/http://ynb.nea.gov.cn/front/article/103046.html,https://web.archive.org/web/20230924104344/http://ynb.nea.gov.cn/front/article/103046.html
gas,Gas pipelines,Start [ref],AL,3791,P7110,https://web.archive.org/save/https://www.nxnews.net/zt/25n/wzzcfz/yw/202501/t20250110_10165692.html,https://web.archive.org/web/20250529035958/https://www.nxnews.net/zt/25n/wzzcfz/yw/202501/t20250110_10165692.html
gas,Gas pipelines,Start [ref],AL,3792,P7111,https://web.archive.org/save/https://www.nea.gov.cn/2012-06/18/c_131660248.htm,https://web.archive.org/web/20250530132533/https://www.nea.gov.cn/2012-06/18/c_131660248.htm
gas,Gas pipelines,Start [ref],AL,3877,P7479,https://web.archive.org/save/https://mgas.in-en.com/html/gas-3188628.shtml,https://web.archive.org/web/20250907042606/https://mgas.in-en.com/html/gas-3188628.shtml
gas,Gas pipelines,Capacity [ref],AZ,2196,P4212,https://web.archive.org/save/https://www.sgc.az/en/project/scp,https://web.archive.org/web/20260722074932/https://www.sgc.az/en/project/scp
gas,Gas pipelines,Capacity [ref],AZ,2416,P4505,https://web.archive.org/save/https://www.ccpc360.com/news/XNLycSHOxgmN3hQQ6GuxAjfB.html,https://web.archive.org/web/20250721204937/https://www.ccpc360.com/news/XNLycSHOxgmN3hQQ6GuxAjfB.html
gas,Gas pipelines,Capacity [ref],AZ,2534,P4629,https://web.archive.org/save/http://xzspglj.linfen.gov.cn/zzzb/gsgg/202411/t20241105_417847.html,https://web.archive.org/web/20250613020248/http://xzspglj.linfen.gov.cn/zzzb/gsgg/202411/t20241105_417847.html
gas,Gas pipelines,Capacity [ref],AZ,2846,P4954,https://web.archive.org/save/https://ggzyjy.sc.gov.cn/jyxx/002001/002001006/20220420/aa7782de-8fd7-41ab-8a73-bf70d9ad4f9a.html?utm_source=chatgpt.com,https://web.archive.org/web/20260107222845/https://ggzyjy.sc.gov.cn/jyxx/002001/002001006/20220420/aa7782de-8fd7-41ab-8a73-bf70d9ad4f9a.html?utm_source=chatgpt.com
gas,Gas pipelines,Capacity [ref],AZ,2850,P4958,https://web.archive.org/save/https://oss.yanshougs.com/a26f10f59e78e283101c1b67fccb68da.pdf,https://web.archive.org/web/20250410044824/https://oss.yanshougs.com/a26f10f59e78e283101c1b67fccb68da.pdf
gas,Gas pipelines,Capacity [ref],AZ,2855,P4964,https://web.archive.org/save/https://www.qiannan.gov.cn/zwgk/zdlygk/nyzy/yqynyaqjdgl/202008/t20200805_74397845.html,https://web.archive.org/web/20250928230457/https://www.qiannan.gov.cn/zwgk/zdlygk/nyzy/yqynyaqjdgl/202008/t20200805_74397845.html
gas,Gas pipelines,Capacity [ref],AZ,2857,P4966,https://web.archive.org/save/https://www.bidcenter.com.cn/newscontent-43689558-1.html,https://web.archive.org/web/20260719063712/https://shuju.bidcenter.com.cn/HumanMachineVerificationTest6.shtml?url=https://www.bidcenter.com.cn/newscontent-43689558-1.html
gas,Gas pipelines,Capacity [ref],AZ,2862,P4971,https://web.archive.org/save/http://www.tianbe.com/upload/file/20241108/9c2117e7d88b15a27ab253b19bf0fc6d.pdf,https://web.archive.org/web/20260719063719/http://www.tianbe.com/upload/file/20241108/9c2117e7d88b15a27ab253b19bf0fc6d.pdf
gas,Gas pipelines,Capacity [ref],AZ,2871,P4980,https://web.archive.org/save/https://bid.jszhaobiao.com/projectinfo-detail-164189548.html,https://web.archive.org/web/20260719063700/https://bid.jszhaobiao.com/projectinfo-detail-164189548.html
gas,Gas pipelines,Capacity [ref],AZ,2879,P4988,https://web.archive.org/save/https://www.gzzn.gov.cn/xw/tzgg/202504/t20250401_87326219.html,https://web.archive.org/web/20250805061447/https://www.gzzn.gov.cn/xw/tzgg/202504/t20250401_87326219.html
gas,Gas pipelines,Capacity [ref],AZ,3071,P5544,https://web.archive.org/save/https://news.cnjiwang.com/jlxwdt/cc/201612/2294060.html,https://web.archive.org/web/20260711230314/https://news.cnjiwang.com/jlxwdt/cc/201612/2294060.html
gas,Gas pipelines,Capacity [ref],AZ,3151,P5628,https://web.archive.org/save/https://www.tyfxskj.cn/news/293.html,https://web.archive.org/web/20250617042901/https://www.tyfxskj.cn/news/293.html
gas,Gas pipelines,Capacity [ref],AZ,3792,P7111,https://web.archive.org/save/https://www.nea.gov.cn/2012-06/18/c_131660248.htm,https://web.archive.org/web/20250530132533/https://www.nea.gov.cn/2012-06/18/c_131660248.htm
gas,Gas pipelines,Capacity [ref],AZ,3793,P7112,https://web.archive.org/save/https://www.dlnyzb.com/detail/23806458,https://web.archive.org/web/20250530073539/https://www.dlnyzb.com/detail/23806458
gas,Gas pipelines,Capacity [ref],AZ,3798,P7117,https://web.archive.org/save/https://www.tpsq.gov.cn/eportal/ui?articleKey=39e202fda0b04c68b2791a3f81157760&columnId=691af55af126482c82ecb154ad64f890&pageId=36a66228778440d98567b4cc3b4bb4bf,https://web.archive.org/web/20250605055227/https://www.tpsq.gov.cn/eportal/ui?articleKey=39e202fda0b04c68b2791a3f81157760&columnId=691af55af126482c82ecb154ad64f890&pageId=36a66228778440d98567b4cc3b4bb4bf
gas,Gas pipelines,Capacity [ref],AZ,3874,P7476,https://web.archive.org/save/https://news.qq.com/rain/a/20240531A09VF700?suid=&media_id=,https://web.archive.org/web/20260710025627/https://news.qq.com/rain/a/20240531A09VF700?suid=&media_id=
gas,Gas pipelines,Capacity [ref],AZ,3877,P7479,https://web.archive.org/save/https://mgas.in-en.com/html/gas-3188628.shtml,https://web.archive.org/web/20250907042606/https://mgas.in-en.com/html/gas-3188628.shtml
gas,Gas pipelines,Pressure [ref],BC,2416,P4505,https://web.archive.org/save/https://www.ccpc360.com/news/XNLycSHOxgmN3hQQ6GuxAjfB.html,https://web.archive.org/web/20250721204937/https://www.ccpc360.com/news/XNLycSHOxgmN3hQQ6GuxAjfB.html
gas,Gas pipelines,Pressure [ref],BC,2879,P4988,https://web.archive.org/save/https://www.gzzn.gov.cn/xw/tzgg/202504/t20250401_87326219.html,https://web.archive.org/web/20250805061447/https://www.gzzn.gov.cn/xw/tzgg/202504/t20250401_87326219.html
gas,Gas pipelines,Length [ref],BI,2196,P4212,https://web.archive.org/save/https://www.sgc.az/en/project/scp,https://web.archive.org/web/20260722074932/https://www.sgc.az/en/project/scp
gas,Gas pipelines,Length [ref],BI,2420,P4509,https://web.archive.org/save/https://www.163.com/dy/article/IO943HKQ05565EU3.html,https://web.archive.org/web/20260712083358/https://www.163.com/dy/article/IO943HKQ05565EU3.html
gas,Gas pipelines,Length [ref],BI,2635,P4737,https://web.archive.org/save/https://finance.sina.cn/sa/2006-07-18/detail-ikknscsi3560497.d.html,https://web.archive.org/web/20250526014929/https://finance.sina.cn/sa/2006-07-18/detail-ikknscsi3560497.d.html
gas,Gas pipelines,Length [ref],BI,2850,P4958,https://web.archive.org/save/https://oss.yanshougs.com/a26f10f59e78e283101c1b67fccb68da.pdf,https://web.archive.org/web/20250410044824/https://oss.yanshougs.com/a26f10f59e78e283101c1b67fccb68da.pdf
gas,Gas pipelines,Length [ref],BI,2857,P4966,https://web.archive.org/save/https://www.bidcenter.com.cn/newscontent-43689558-1.html,https://web.archive.org/web/20260719063712/https://shuju.bidcenter.com.cn/HumanMachineVerificationTest6.shtml?url=https://www.bidcenter.com.cn/newscontent-43689558-1.html
gas,Gas pipelines,Length [ref],BI,2871,P4980,https://web.archive.org/save/https://bid.jszhaobiao.com/projectinfo-detail-164189548.html,https://web.archive.org/web/20260719063700/https://bid.jszhaobiao.com/projectinfo-detail-164189548.html
gas,Gas pipelines,Length [ref],BI,2879,P4988,https://web.archive.org/save/https://www.gzzn.gov.cn/xw/tzgg/202504/t20250401_87326219.html,https://web.archive.org/web/20250805061447/https://www.gzzn.gov.cn/xw/tzgg/202504/t20250401_87326219.html
gas,Gas pipelines,Length [ref],BI,3071,P5544,https://web.archive.org/save/https://news.cnjiwang.com/jlxwdt/cc/201612/2294060.html,https://web.archive.org/web/20260711230314/https://news.cnjiwang.com/jlxwdt/cc/201612/2294060.html
gas,Gas pipelines,Length [ref],BI,3791,P7110,https://web.archive.org/save/https://www.nxnews.net/zt/25n/wzzcfz/yw/202501/t20250110_10165692.html,https://web.archive.org/web/20250529035958/https://www.nxnews.net/zt/25n/wzzcfz/yw/202501/t20250110_10165692.html
gas,Gas pipelines,Length [ref],BI,3792,P7111,https://web.archive.org/save/https://www.nea.gov.cn/2012-06/18/c_131660248.htm,https://web.archive.org/web/20250530132533/https://www.nea.gov.cn/2012-06/18/c_131660248.htm
gas,Gas pipelines,Length [ref],BI,3793,P7112,https://web.archive.org/save/https://www.dlnyzb.com/detail/23806458,https://web.archive.org/web/20250530073539/https://www.dlnyzb.com/detail/23806458
gas,Gas pipelines,Length [ref],BI,3798,P7117,https://web.archive.org/save/https://www.tpsq.gov.cn/eportal/ui?articleKey=39e202fda0b04c68b2791a3f81157760&columnId=691af55af126482c82ecb154ad64f890&pageId=36a66228778440d98567b4cc3b4bb4bf,https://web.archive.org/web/20250605055227/https://www.tpsq.gov.cn/eportal/ui?articleKey=39e202fda0b04c68b2791a3f81157760&columnId=691af55af126482c82ecb154ad64f890&pageId=36a66228778440d98567b4cc3b4bb4bf
gas,Gas pipelines,Length [ref],BI,3877,P7479,https://web.archive.org/save/https://mgas.in-en.com/html/gas-3188628.shtml,https://web.archive.org/web/20250907042606/https://mgas.in-en.com/html/gas-3188628.shtml
gas,Gas pipelines,Length [ref],BI,3921,P7523,https://web.archive.org/save/https://sthj.qdn.gov.cn/xxgk_0/fdzdgknr/xzsp_5819700/spqgs_5819703/202012/t20201229_65832000.html,https://web.archive.org/web/20250804100359/https://sthj.qdn.gov.cn/xxgk_0/fdzdgknr/xzsp_5819700/spqgs_5819703/202012/t20201229_65832000.html
gas,Gas pipelines,Diameter [ref],BO,377,P0759,https://web.archive.org/save/https://www.sgc.az/en/project/scp,https://web.archive.org/web/20260722074932/https://www.sgc.az/en/project/scp
gas,Gas pipelines,Diameter [ref],BO,2196,P4212,https://web.archive.org/save/https://www.sgc.az/en/project/scp,https://web.archive.org/web/20260722074932/https://www.sgc.az/en/project/scp
gas,Gas pipelines,Diameter [ref],BO,2388,P4466,https://web.archive.org/save/https://www.sgc.az/en/project/scp,https://web.archive.org/web/20260722074932/https://www.sgc.az/en/project/scp
gas,Gas pipelines,Diameter [ref],BO,2414,P4503,https://web.archive.org/save/http://wcb.yn.gov.cn/html/2023/xingzhengxuke-content_0625/56611.html,https://web.archive.org/web/20240924172937/http://wcb.yn.gov.cn/html/2023/xingzhengxuke-content_0625/56611.html
gas,Gas pipelines,Diameter [ref],BO,2419,P4508,https://web.archive.org/save/https://xueqiu.com/S/01865/161573921?md5__1038=n4%2BxBD0DuD9iGQi0%3DD%2FiW%2BeWwShmYK%2B3DgGoD,https://web.archive.org/web/20250722180129/https://xueqiu.com/S/01865/161573921?md5__1038=n4%2BxBD0DuD9iGQi0%3DD%2FiW%2BeWwShmYK%2B3DgGoD
gas,Gas pipelines,Diameter [ref],BO,2422,P4511,https://web.archive.org/save/https://wap.cnyeig.com/gggs/201404/t20140402_14850.html,https://web.archive.org/web/20260710062709/https://wap.cnyeig.com/gggs/201404/t20140402_14850.html
gas,Gas pipelines,Diameter [ref],BO,2431,P4520,https://web.archive.org/save/http://www.zgazxxw.com/zbpd/zbgg/201507/878130.php,https://web.archive.org/web/20230924080342/http://www.zgazxxw.com/zbpd/zbgg/201507/878130.php
gas,Gas pipelines,Diameter [ref],BO,2531,P4626,https://web.archive.org/save/https://sthjt.shanxi.gov.cn/zwgk/hjpj/nzcspyjgs/202111/t20211114_3211782.shtml,https://web.archive.org/web/20250610103233/https://sthjt.shanxi.gov.cn/zwgk/hjpj/nzcspyjgs/202111/t20211114_3211782.shtml
gas,Gas pipelines,Diameter [ref],BO,2551,P4646,https://web.archive.org/save/https://max.book118.com/html/2018/0615/172710425.shtm,https://web.archive.org/web/20250612083918/https://max.book118.com/html/2018/0615/172710425.shtm
gas,Gas pipelines,Diameter [ref],BO,2642,P4744,https://web.archive.org/save/https://www.zgbk.com/ecph/words?SiteID=1&ID=398550,https://web.archive.org/web/20260712212322/https://www.zgbk.com/ecph/words?SiteID=1&ID=398550
gas,Gas pipelines,Diameter [ref],BO,2704,P4807,https://web.archive.org/save/https://www.toutiao.com/article/6963596907428135457/?channel=&is_new_connect=0&is_new_user=0&source=search_tab,https://web.archive.org/web/20250929044307/https://www.toutiao.com/article/6963596907428135457/?channel=&is_new_connect=0&is_new_user=0&source=search_tab
gas,Gas pipelines,Diameter [ref],BO,2847,P4955,https://web.archive.org/save/https://www.ndrc.gov.cn/xwdt/ztzl/nybzgzzl/gnjnybz/202102/t20210226_1268471_ext.html,https://web.archive.org/web/20260719180033/https://www.ndrc.gov.cn/xwdt/ztzl/nybzgzzl/gnjnybz/202102/t20210226_1268471_ext.html
gas,Gas pipelines,Diameter [ref],BO,2850,P4958,https://web.archive.org/save/https://oss.yanshougs.com/a26f10f59e78e283101c1b67fccb68da.pdf,https://web.archive.org/web/20250410044824/https://oss.yanshougs.com/a26f10f59e78e283101c1b67fccb68da.pdf
gas,Gas pipelines,Diameter [ref],BO,2857,P4966,https://web.archive.org/save/https://www.bidcenter.com.cn/newscontent-43689558-1.html,https://web.archive.org/web/20260719063712/https://shuju.bidcenter.com.cn/HumanMachineVerificationTest6.shtml?url=https://www.bidcenter.com.cn/newscontent-43689558-1.html
gas,Gas pipelines,Diameter [ref],BO,2871,P4980,https://web.archive.org/save/https://bid.jszhaobiao.com/projectinfo-detail-164189548.html,https://web.archive.org/web/20260719063700/https://bid.jszhaobiao.com/projectinfo-detail-164189548.html
gas,Gas pipelines,Diameter [ref],BO,2879,P4988,https://web.archive.org/save/https://www.gzzn.gov.cn/xw/tzgg/202504/t20250401_87326219.html,https://web.archive.org/web/20250805061447/https://www.gzzn.gov.cn/xw/tzgg/202504/t20250401_87326219.html
gas,Gas pipelines,Diameter [ref],BO,3071,P5544,https://web.archive.org/save/https://news.cnjiwang.com/jlxwdt/cc/201612/2294060.html,https://web.archive.org/web/20260711230314/https://news.cnjiwang.com/jlxwdt/cc/201612/2294060.html
gas,Gas pipelines,Diameter [ref],BO,3792,P7111,https://web.archive.org/save/https://ztpd.nmgnews.com.cn/system/2012/10/15/010848497.shtml,https://web.archive.org/web/20250530003356/https://ztpd.nmgnews.com.cn/system/2012/10/15/010848497.shtml
gas,Gas pipelines,Diameter [ref],BO,3793,P7112,https://web.archive.org/save/https://www.dlnyzb.com/detail/23806458,https://web.archive.org/web/20250530073539/https://www.dlnyzb.com/detail/23806458
gas,Gas pipelines,Diameter [ref],BO,3798,P7117,https://web.archive.org/save/https://www.tpsq.gov.cn/eportal/ui?articleKey=39e202fda0b04c68b2791a3f81157760&columnId=691af55af126482c82ecb154ad64f890&pageId=36a66228778440d98567b4cc3b4bb4bf,https://web.archive.org/web/20250605055227/https://www.tpsq.gov.cn/eportal/ui?articleKey=39e202fda0b04c68b2791a3f81157760&columnId=691af55af126482c82ecb154ad64f890&pageId=36a66228778440d98567b4cc3b4bb4bf
gas,Gas pipelines,FuelSource [ref],BR,2402,P4491,https://web.archive.org/save/https://m.cbi360.net/gov/318077.html,https://web.archive.org/web/20260726040729/https://m.cbi360.net/gov/318077.html
gas,Gas pipelines,FuelSource [ref],BR,2403,P4492,https://web.archive.org/save/https://m.cbi360.net/gov/318077.html,https://web.archive.org/web/20260726040729/https://m.cbi360.net/gov/318077.html
gas,Gas pipelines,FuelSource [ref],BR,2419,P4508,https://web.archive.org/save/https://xueqiu.com/S/01865/161573921?md5__1038=n4%2BxBD0DuD9iGQi0%3DD%2FiW%2BeWwShmYK%2B3DgGoD,https://web.archive.org/web/20250722180129/https://xueqiu.com/S/01865/161573921?md5__1038=n4%2BxBD0DuD9iGQi0%3DD%2FiW%2BeWwShmYK%2B3DgGoD
gas,Gas pipelines,FuelSource [ref],BR,2431,P4520,https://web.archive.org/save/https://www.toutiao.com/article/6599842714689208846/?upstream_biz=doubao&source=m_redirect&wid=1753291638871,https://web.archive.org/web/20250723173028/https://www.toutiao.com/article/6599842714689208846/?upstream_biz=doubao&source=m_redirect&wid=1753291638871
gas,Gas pipelines,FuelSource [ref],BR,2452,P4542,https://web.archive.org/save/https://www.wdfxw.net/doc58974101.htm,https://web.archive.org/web/20260710201840/https://www.wdfxw.net/doc58974101.htm
gas,Gas pipelines,FuelSource [ref],BR,2526,P4621,https://web.archive.org/save/https://www.nea.gov.cn/2008-11/04/c_131110752.htm,https://web.archive.org/web/20250610061112/https://www.nea.gov.cn/2008-11/04/c_131110752.htm
gas,Gas pipelines,FuelSource [ref],BR,2535,P4630,https://web.archive.org/save/https://news.sina.cn/sa/2005-11-30/detail-ikkntiam5222798.d.html,https://web.archive.org/web/20250610125543/https://news.sina.cn/sa/2005-11-30/detail-ikkntiam5222798.d.html
gas,Gas pipelines,FuelSource [ref],BR,2536,P4631,"https://web.archive.org/save/https://guba.eastmoney.com/news,gssz,121199076.html?jumph5=1","https://web.archive.org/web/20250610123010/https://guba.eastmoney.com/news,gssz,121199076.html?jumph5=1"
gas,Gas pipelines,FuelSource [ref],BR,2846,P4954,https://web.archive.org/save/https://baijiahao.baidu.com/s?id=1761691413186626869,https://web.archive.org/web/20260108022110/https://wappass.baidu.com/static/captcha/tuxing.html?ak=572be823e2f50ea759a616c060d6b9f1&backurl=https%3A%2F%2Fmbd.baidu.com%2Fnewspage%2Fdata%2Flandingsuper%3Fid%3D1761691413186626869%26baijiahao_id%3D1761691413186626869%26wfr%3D%26third%3Dbaijiahao%26c_source%3Dkunlun%26c_score%3D0.999000&timestamp=1767838869&signature=308a909c784402ba592756e156548a63
gas,Gas pipelines,FuelSource [ref],BR,2847,P4955,https://web.archive.org/save/https://www.ndrc.gov.cn/xwdt/ztzl/nybzgzzl/gnjnybz/202102/t20210226_1268471_ext.html,https://web.archive.org/web/20260719180033/https://www.ndrc.gov.cn/xwdt/ztzl/nybzgzzl/gnjnybz/202102/t20210226_1268471_ext.html
gas,Gas pipelines,FuelSource [ref],BR,2850,P4958,https://web.archive.org/save/https://oss.yanshougs.com/a26f10f59e78e283101c1b67fccb68da.pdf,https://web.archive.org/web/20250410044824/https://oss.yanshougs.com/a26f10f59e78e283101c1b67fccb68da.pdf
gas,Gas pipelines,FuelSource [ref],BR,2852,P4961,https://web.archive.org/save/https://nyj.guizhou.gov.cn/ztzl/jytazl/202107/t20210719_69051040.html,https://web.archive.org/web/20250802013217/https://nyj.guizhou.gov.cn/ztzl/jytazl/202107/t20210719_69051040.html
gas,Gas pipelines,FuelSource [ref],BR,2857,P4966,https://web.archive.org/save/https://www.bidcenter.com.cn/newscontent-43689558-1.html,https://web.archive.org/web/20260719063712/https://shuju.bidcenter.com.cn/HumanMachineVerificationTest6.shtml?url=https://www.bidcenter.com.cn/newscontent-43689558-1.html
gas,Gas pipelines,FuelSource [ref],BR,3016,P5418,https://web.archive.org/save/https://gas.in-en.com/html/gas-3689296.shtml,https://web.archive.org/web/20250609033922/https://gas.in-en.com/html/gas-3689296.shtml
gas,Gas pipelines,FuelSource [ref],BR,3505,P6236,https://web.archive.org/save/http://www.nmgczx.com/index.php/Home/Index/article/id/1189.html,https://web.archive.org/web/20250609081622/http://www.nmgczx.com/index.php/Home/Index/article/id/1189.html
gas,Gas pipelines,FuelSource [ref],BR,3516,P6247,https://web.archive.org/save/https://www.ordos.gov.cn/gk_128120/zdjsxm/xmsg/202312/t20231204_3538255.html,https://web.archive.org/web/20250610034921/https://www.ordos.gov.cn/gk_128120/zdjsxm/xmsg/202312/t20231204_3538255.html
gas,Gas pipelines,FuelSource [ref],BR,3791,P7110,https://web.archive.org/save/https://www.nxnews.net/zt/25n/wzzcfz/yw/202501/t20250110_10165692.html,https://web.archive.org/web/20250529035958/https://www.nxnews.net/zt/25n/wzzcfz/yw/202501/t20250110_10165692.html
gas,Gas pipelines,FuelSource [ref],BR,3792,P7111,https://web.archive.org/save/https://www.nea.gov.cn/2012-06/18/c_131660248.htm,https://web.archive.org/web/20250530132533/https://www.nea.gov.cn/2012-06/18/c_131660248.htm
gas,Gas pipelines,FuelSource [ref],BR,3793,P7112,https://web.archive.org/save/https://www.dlnyzb.com/detail/23806458,https://web.archive.org/web/20250530073539/https://www.dlnyzb.com/detail/23806458
gas,Gas pipelines,FuelSource [ref],BR,3877,P7479,https://web.archive.org/save/https://mgas.in-en.com/html/gas-3188628.shtml,https://web.archive.org/web/20250907042606/https://mgas.in-en.com/html/gas-3188628.shtml
gas,Gas pipelines,Location [ref],CF,2452,P4542,https://web.archive.org/save/https://www.wdfxw.net/doc58974101.htm,https://web.archive.org/web/20260710201840/https://www.wdfxw.net/doc58974101.htm
gas,Gas pipelines,Location [ref],CF,2550,P4645,https://web.archive.org/save/https://max.book118.com/html/2018/0615/172710425.shtm,https://web.archive.org/web/20250612083918/https://max.book118.com/html/2018/0615/172710425.shtm
gas,Gas pipelines,Location [ref],CF,2850,P4958,https://web.archive.org/save/https://oss.yanshougs.com/a26f10f59e78e283101c1b67fccb68da.pdf,https://web.archive.org/web/20250410044824/https://oss.yanshougs.com/a26f10f59e78e283101c1b67fccb68da.pdf
gas,Gas pipelines,Location [ref],CF,2857,P4966,https://web.archive.org/save/https://www.bidcenter.com.cn/newscontent-43689558-1.html,https://web.archive.org/web/20260719063712/https://shuju.bidcenter.com.cn/HumanMachineVerificationTest6.shtml?url=https://www.bidcenter.com.cn/newscontent-43689558-1.html
gas,Gas pipelines,Location [ref],CF,2862,P4971,https://web.archive.org/save/https://nyj.guizhou.gov.cn/zwgk/xxgkml/zdlyxx/zdjsxm_33323/202206/t20220624_75243161.html,https://web.archive.org/web/20250803045103/https://nyj.guizhou.gov.cn/zwgk/xxgkml/zdlyxx/zdjsxm_33323/202206/t20220624_75243161.html
gas,Gas pipelines,Location [ref],CF,2871,P4980,https://web.archive.org/save/https://bid.jszhaobiao.com/projectinfo-detail-164189548.html,https://web.archive.org/web/20260719063700/https://bid.jszhaobiao.com/projectinfo-detail-164189548.html
gas,Gas pipelines,Location [ref],CF,3793,P7112,https://web.archive.org/save/https://www.dlnyzb.com/detail/23806458; https://www.bidcenter.com.cn/newscontent-77701714-1.html,https://web.archive.org/web/20250530073539/https://www.dlnyzb.com/detail/23806458; https://www.bidcenter.com.cn/newscontent-77701714-1.html
gas,Gas pipelines,Location [ref],CF,3795,P7114,https://web.archive.org/save/https://www.xinjiang.gov.cn/xinjiang/dzdt/202404/91c67e6c14c0453c9e823862d8996e16.shtml,https://web.archive.org/web/20260713031548/https://www.xinjiang.gov.cn/xinjiang/dzdt/202404/91c67e6c14c0453c9e823862d8996e16.shtml
gas,Gas pipelines,Location [ref],CF,3877,P7479,https://web.archive.org/save/https://mgas.in-en.com/html/gas-3188628.shtml,https://web.archive.org/web/20250907042606/https://mgas.in-en.com/html/gas-3188628.shtml
gas,Gas pipelines,Location [ref],CF,3921,P7523,https://web.archive.org/save/https://sthj.qdn.gov.cn/xxgk_0/fdzdgknr/xzsp_5819700/spqgs_5819703/202012/t20201229_65832000.html,https://web.archive.org/web/20250804100359/https://sthj.qdn.gov.cn/xxgk_0/fdzdgknr/xzsp_5819700/spqgs_5819703/202012/t20201229_65832000.html
gas,Gas pipelines,SegmentCost [ref],CM,2419,P4508,https://web.archive.org/save/https://xueqiu.com/S/01865/161573921?md5__1038=n4%2BxBD0DuD9iGQi0%3DD%2FiW%2BeWwShmYK%2B3DgGoD,https://web.archive.org/web/20250722180129/https://xueqiu.com/S/01865/161573921?md5__1038=n4%2BxBD0DuD9iGQi0%3DD%2FiW%2BeWwShmYK%2B3DgGoD
gas,Gas pipelines,SegmentCost [ref],CM,2422,P4511,https://web.archive.org/save/https://wap.cnyeig.com/gggs/201404/t20140402_14850.html,https://web.archive.org/web/20260710062709/https://wap.cnyeig.com/gggs/201404/t20140402_14850.html
gas,Gas pipelines,SegmentCost [ref],CM,2423,P4512,https://web.archive.org/save/https://www.ztnews.net/article/show-40824.html,https://web.archive.org/web/20250722230240/https://www.ztnews.net/article/show-40824.html
gas,Gas pipelines,SegmentCost [ref],CM,2426,P4515,https://web.archive.org/save/https://m.kunming.cn/news/c/2018-05-31/10523828.shtml,https://web.archive.org/web/20260713140653/https://m.kunming.cn/news/c/2018-05-31/10523828.shtml
gas,Gas pipelines,SegmentCost [ref],CM,2431,P4520,https://web.archive.org/save/https://www.baoshan.gov.cn/info/5275/10173054.htm,https://web.archive.org/web/20260513040209/https://www.baoshan.gov.cn/info/5275/10173054.htm
gas,Gas pipelines,SegmentCost [ref],CM,2444,P4533,https://web.archive.org/save/https://inews.nmgnews.com.cn/system/2017/04/01/012315641.shtml,https://web.archive.org/web/20250604112905/https://inews.nmgnews.com.cn/system/2017/04/01/012315641.shtml
gas,Gas pipelines,SegmentCost [ref],CM,2445,P4534,https://web.archive.org/save/https://gangchang.lgmi.com/html/201504/23/3463.htm,https://web.archive.org/web/20260712050817/https://gangchang.lgmi.com/html/201504/23/3463.htm
gas,Gas pipelines,SegmentCost [ref],CM,2449,P4539,https://web.archive.org/save/https://www.ordos.gov.cn/xw_127672/bmdt/202407/t20240722_3637754.html,https://web.archive.org/web/20240917094521/https://www.ordos.gov.cn/xw_127672/bmdt/202407/t20240722_3637754.html
gas,Gas pipelines,SegmentCost [ref],CM,2452,P4542,https://web.archive.org/save/https://www.wdfxw.net/doc58974101.htm,https://web.archive.org/web/20260710201840/https://www.wdfxw.net/doc58974101.htm
gas,Gas pipelines,SegmentCost [ref],CM,2506,P4601,https://web.archive.org/save/https://www.toutiao.com/article/7375313174498918924/?channel=&source=search_tab ,https://web.archive.org/web/20260712204946/https://www.toutiao.com/article/7375313174498918924/?channel=&source=search_tab 
gas,Gas pipelines,SegmentCost [ref],CM,2545,P4640,https://web.archive.org/save/https://www.ccpc360.com/xmzx133704.html,https://web.archive.org/web/20250612031959/https://www.ccpc360.com/xmzx133704.html
gas,Gas pipelines,SegmentCost [ref],CM,2637,P4739,https://web.archive.org/save/https://business.sohu.com/20070402/n249131064.shtml,https://web.archive.org/web/20250526070728/https://business.sohu.com/20070402/n249131064.shtml
gas,Gas pipelines,SegmentCost [ref],CM,2638,P4740,https://web.archive.org/save/https://finance.sina.com.cn/roll/20081110/23485489398.shtml,https://web.archive.org/web/20250526071748/https://finance.sina.com.cn/roll/20081110/23485489398.shtml
gas,Gas pipelines,SegmentCost [ref],CM,2639,P4741,https://web.archive.org/save/https://www.xjbz.gov.cn/xjbz/c101429/201903/c4cb515f93ea4d0c9d5e6c5473a45d32.shtml,https://web.archive.org/web/20250526082415/https://www.xjbz.gov.cn/xjbz/c101429/201903/c4cb515f93ea4d0c9d5e6c5473a45d32.shtml
gas,Gas pipelines,SegmentCost [ref],CM,2695,P4798,https://web.archive.org/save/https://finance.sina.com.cn/money/future/nyzx/2019-11-29/doc-iihnzhfz2556906.shtml,https://web.archive.org/web/20260710150413/https://finance.sina.com.cn/money/future/nyzx/2019-11-29/doc-iihnzhfz2556906.shtml
gas,Gas pipelines,SegmentCost [ref],CM,2700,P4803,https://web.archive.org/save/https://news.sina.com.cn/c/2002-03-20/1420515942.html#:~:text=%E5%B1%B1%E4%B8%9C%E5%B0%86%E4%B8%8D%E6%96%AD%E6%94%B9%E5%96%84%E6%8A%95%E8%B5%84%E7%8E%AF%E5%A2%83%EF%BC%8C%E5%85%A8%E5%8A%9B%E4%B8%BA%E4%B8%AD%E5%A4%96%E4%BC%81%E4%B8%9A%E6%9D%A5%E5%B1%B1%E4%B8%9C%E6%8A%95%E8%B5%84%E5%85%B4%E4%B8%9A%E5%88%9B%E9%80%A0%E8%89%AF%E5%A5%BD%E6%9D%A1%E4%BB%B6%E3%80%82br%E6%B2%A7%E5%B7%9E%E8%87%B3%E6%B7%84%E5%8D%9A%E5%A4%A9%E7%84%B6%E6%B0%94%E8%BE%93%E6%B0%94%E7%AE%A1%E9%81%93%E5%85%A8%E9%95%BF213%C2%B75%E5%85%AC%E9%87%8C%E3%80%82%E8%AF%A5%E5%B7%A5%E7%A8%8B%E4%BA%8E%E5%8E%BB%E5%B9%B411%E6%9C%88%E5%BC%80%E5%B7%A5%E5%BB%BA%E8%AE%BE%EF%BC%8C%E6%80%BB%E6%8A%95%E8%B5%842%C2%B797%E4%BA%BF%E5%85%83%E4%BA%BA%E6%B0%91%E5%B8%81%EF%BC%8C%E4%B8%AD%E7%9F%B3%E6%B2%B9%E5%8D%A070%EF%BC%85%E8%82%A1%E4%BB%BD%EF%BC%8C%E6%88%91%E7%9C%81%E5%8D%A030%EF%BC%85%E8%82%A1%E4%BB%BD%E3%80%82,https://web.archive.org/web/20260712235330/https://news.sina.com.cn/c/2002-03-20/1420515942.html#:~:text=%E5%B1%B1%E4%B8%9C%E5%B0%86%E4%B8%8D%E6%96%AD%E6%94%B9%E5%96%84%E6%8A%95%E8%B5%84%E7%8E%AF%E5%A2%83%EF%BC%8C%E5%85%A8%E5%8A%9B%E4%B8%BA%E4%B8%AD%E5%A4%96%E4%BC%81%E4%B8%9A%E6%9D%A5%E5%B1%B1%E4%B8%9C%E6%8A%95%E8%B5%84%E5%85%B4%E4%B8%9A%E5%88%9B%E9%80%A0%E8%89%AF%E5%A5%BD%E6%9D%A1%E4%BB%B6%E3%80%82br%E6%B2%A7%E5%B7%9E%E8%87%B3%E6%B7%84%E5%8D%9A%E5%A4%A9%E7%84%B6%E6%B0%94%E8%BE%93%E6%B0%94%E7%AE%A1%E9%81%93%E5%85%A8%E9%95%BF213%C2%B75%E5%85%AC%E9%87%8C%E3%80%82%E8%AF%A5%E5%B7%A5%E7%A8%8B%E4%BA%8E%E5%8E%BB%E5%B9%B411%E6%9C%88%E5%BC%80%E5%B7%A5%E5%BB%BA%E8%AE%BE%EF%BC%8C%E6%80%BB%E6%8A%95%E8%B5%842%C2%B797%E4%BA%BF%E5%85%83%E4%BA%BA%E6%B0%91%E5%B8%81%EF%BC%8C%E4%B8%AD%E7%9F%B3%E6%B2%B9%E5%8D%A070%EF%BC%85%E8%82%A1%E4%BB%BD%EF%BC%8C%E6%88%91%E7%9C%81%E5%8D%A030%EF%BC%85%E8%82%A1%E4%BB%BD%E3%80%82
gas,Gas pipelines,SegmentCost [ref],CM,2722,P4825,https://web.archive.org/save/http://m.shangdu.com/infom-bmOt4W-bVx0ED.html,https://web.archive.org/web/20230831080835/http://m.shangdu.com/infom-bmOt4W-bVx0ED.html
gas,Gas pipelines,SegmentCost [ref],CM,2723,P4826,https://web.archive.org/save/http://m.shangdu.com/infom-bmOt4W-bVx0ED.html,https://web.archive.org/web/20230831080835/http://m.shangdu.com/infom-bmOt4W-bVx0ED.html
gas,Gas pipelines,SegmentCost [ref],CM,2857,P4966,https://web.archive.org/save/https://www.bidcenter.com.cn/newscontent-43689558-1.html,https://web.archive.org/web/20260719063712/https://shuju.bidcenter.com.cn/HumanMachineVerificationTest6.shtml?url=https://www.bidcenter.com.cn/newscontent-43689558-1.html
gas,Gas pipelines,SegmentCost [ref],CM,2862,P4971,https://web.archive.org/save/http://www.tianbe.com/upload/file/20241108/9c2117e7d88b15a27ab253b19bf0fc6d.pdf,https://web.archive.org/web/20260719063719/http://www.tianbe.com/upload/file/20241108/9c2117e7d88b15a27ab253b19bf0fc6d.pdf
gas,Gas pipelines,SegmentCost [ref],CM,3082,P5558,https://web.archive.org/save/https://max.book118.com/html/2018/0819/6141050154001212.shtm,https://web.archive.org/web/20250613063341/https://max.book118.com/html/2018/0819/6141050154001212.shtm
gas,Gas pipelines,SegmentCost [ref],CM,3085,P5561,https://web.archive.org/save/https://zrzyt.shanxi.gov.cn/zwgk/zwgkjbml/xzsp/jsxmydysjg/202109/t20210903_1849518.shtml,https://web.archive.org/web/20250613082713/https://zrzyt.shanxi.gov.cn/zwgk/zwgkjbml/xzsp/jsxmydysjg/202109/t20210903_1849518.shtml
gas,Gas pipelines,SegmentCost [ref],CM,3103,P5579,https://web.archive.org/save/https://m.cbi360.net/ztb/13321431.html,https://web.archive.org/web/20260715041935/https://m.cbi360.net/ztb/13321431.html
gas,Gas pipelines,SegmentCost [ref],CM,3791,P7110,https://web.archive.org/save/https://www.nxnews.net/ds/ycpd/jryc/202309/t20230918_8483138.html,https://web.archive.org/web/20250529082239/https://www.nxnews.net/ds/ycpd/jryc/202309/t20230918_8483138.html
gas,Gas pipelines,SegmentCost [ref],CM,3792,P7111,https://web.archive.org/save/https://www.nea.gov.cn/2012-06/18/c_131660248.htm,https://web.archive.org/web/20250530132533/https://www.nea.gov.cn/2012-06/18/c_131660248.htm
gas,Gas pipelines,SegmentCost [ref],CM,3874,P7476,https://web.archive.org/save/https://yn.qianlima.com/zbcontent-471646204.html,https://web.archive.org/web/20250724033900/https://yn.qianlima.com/zbcontent-471646204.html
gas,Gas pipelines,SegmentCost [ref],CM,3877,P7479,https://web.archive.org/save/https://www.toutiao.com/article/6774539096653038083/?upstream_biz=doubao&source=m_redirect,https://web.archive.org/web/20260714023618/https://www.toutiao.com/article/6774539096653038083/?upstream_biz=doubao&source=m_redirect
gas,Gas pipelines,RouteNotes,DE,3080,P5556,https://web.archive.org/save/https://www.toutiao.com/article/4048810551/?channel=&source=search_tab 600617,https://web.archive.org/web/20230802091106/https://www.toutiao.com/article/4048810551/?channel=&source=search_tab 600617
gas,Gas pipelines,Route [ref],DG,2402,P4491,https://web.archive.org/save/https://m.cbi360.net/gov/318077.html,https://web.archive.org/web/20260726040729/https://m.cbi360.net/gov/318077.html
gas,Gas pipelines,Route [ref],DG,2403,P4492,https://web.archive.org/save/https://m.cbi360.net/gov/318077.html,https://web.archive.org/web/20260726040729/https://m.cbi360.net/gov/318077.html
gas,Gas pipelines,Route [ref],DG,2414,P4503,https://web.archive.org/save/https://www.yn.gov.cn/zwgk/zcwj/zxwj/202102/t20210209_217052.html,https://web.archive.org/web/20240924173313/https://www.yn.gov.cn/zwgk/zcwj/zxwj/202102/t20210209_217052.html
gas,Gas pipelines,Route [ref],DG,2415,P4504,https://web.archive.org/save/https://www.yn.gov.cn/zwgk/zcwj/zxwj/202102/t20210209_217052.html,https://web.archive.org/web/20240924173313/https://www.yn.gov.cn/zwgk/zcwj/zxwj/202102/t20210209_217052.html
gas,Gas pipelines,Route [ref],DG,2419,P4508,https://web.archive.org/save/https://www.yn.gov.cn/zwgk/zcwj/zxwj/202102/t20210209_217052.html,https://web.archive.org/web/20240924173313/https://www.yn.gov.cn/zwgk/zcwj/zxwj/202102/t20210209_217052.html
gas,Gas pipelines,Route [ref],DG,2420,P4509,https://web.archive.org/save/https://www.yn.gov.cn/zwgk/zcwj/zxwj/202102/t20210209_217052.html,https://web.archive.org/web/20240924173313/https://www.yn.gov.cn/zwgk/zcwj/zxwj/202102/t20210209_217052.html
gas,Gas pipelines,Route [ref],DG,2422,P4511,https://web.archive.org/save/https://www.yn.gov.cn/zwgk/zcwj/zxwj/202102/t20210209_217052.html,https://web.archive.org/web/20240924173313/https://www.yn.gov.cn/zwgk/zcwj/zxwj/202102/t20210209_217052.html
gas,Gas pipelines,Route [ref],DG,2423,P4512,https://web.archive.org/save/https://www.yn.gov.cn/zwgk/zcwj/zxwj/202102/t20210209_217052.html,https://web.archive.org/web/20240924173313/https://www.yn.gov.cn/zwgk/zcwj/zxwj/202102/t20210209_217052.html
gas,Gas pipelines,Route [ref],DG,2426,P4515,https://web.archive.org/save/https://www.yn.gov.cn/zwgk/zcwj/zxwj/202102/t20210209_217052.html,https://web.archive.org/web/20240924173313/https://www.yn.gov.cn/zwgk/zcwj/zxwj/202102/t20210209_217052.html
gas,Gas pipelines,Route [ref],DG,2430,P4519,https://web.archive.org/save/https://www.yn.gov.cn/zwgk/zcwj/zxwj/202102/t20210209_217052.html,https://web.archive.org/web/20240924173313/https://www.yn.gov.cn/zwgk/zcwj/zxwj/202102/t20210209_217052.html
gas,Gas pipelines,Route [ref],DG,2452,P4542,https://web.archive.org/save/https://www.wdfxw.net/doc58974101.htm,https://web.archive.org/web/20260710201840/https://www.wdfxw.net/doc58974101.htm
gas,Gas pipelines,Route [ref],DG,2476,P4567,https://web.archive.org/save/https://xbtrq.cn/upload/EditorGF/6369411795779532227346156.pdf,https://web.archive.org/web/20240924174614/https://xbtrq.cn/upload/EditorGF/6369411795779532227346156.pdf
gas,Gas pipelines,Route [ref],DG,2519,P4614,"https://web.archive.org/save/https://i.ifeng.com/c/8E5SYfwsfCR, https://archive.org/details/2023-07-17-10.39.35","https://web.archive.org/web/20260713202157/https://i.ifeng.com/c/8E5SYfwsfCR, https://archive.org/details/2023-07-17-10.39.35"
gas,Gas pipelines,Route [ref],DG,2698,P4801,https://web.archive.org/save/https://www.doc88.com/p-59759701226314.htmll,https://web.archive.org/web/20260508005033/https://www.doc88.com/p-59759701226314.html
gas,Gas pipelines,Route [ref],DG,2721,P4824,https://web.archive.org/save/https://slt.henan.gov.cn/2020/08-17/1755203.html,https://web.archive.org/web/20240923211552/https://slt.henan.gov.cn/2020/08-17/1755203.html
gas,Gas pipelines,Route [ref],DG,2790,P4895,https://web.archive.org/save/https://www.doc88.com/p-14761863654703.html,https://web.archive.org/web/20240912181819/https://www.doc88.com/p-14761863654703.html
gas,Gas pipelines,Route [ref],DG,2857,P4966,https://web.archive.org/save/https://www.bidcenter.com.cn/newscontent-43689558-1.html,https://web.archive.org/web/20260719063712/https://shuju.bidcenter.com.cn/HumanMachineVerificationTest6.shtml?url=https://www.bidcenter.com.cn/newscontent-43689558-1.html
gas,Gas pipelines,Route [ref],DG,2859,P4968,https://web.archive.org/save/https://baijiahao.baidu.com/s?id=1733585841559722234&wfr=spider&for=pc,https://web.archive.org/web/20260719063701/https://baijiahao.baidu.com/s?id=1733585841559722234&wfr=spider&for=pc
gas,Gas pipelines,Route [ref],DG,2862,P4971,https://web.archive.org/save/https://nyj.guizhou.gov.cn/zwgk/xxgkml/zdlyxx/zdjsxm_33323/202206/t20220624_75243161.html,https://web.archive.org/web/20250803045103/https://nyj.guizhou.gov.cn/zwgk/xxgkml/zdlyxx/zdjsxm_33323/202206/t20220624_75243161.html
gas,Gas pipelines,Route [ref],DG,2871,P4980,https://web.archive.org/save/https://bid.jszhaobiao.com/projectinfo-detail-164189548.html,https://web.archive.org/web/20260719063700/https://bid.jszhaobiao.com/projectinfo-detail-164189548.html
gas,Gas pipelines,Route [ref],DG,2879,P4988,https://web.archive.org/save/https://www.gzzn.gov.cn/xw/tzgg/202504/t20250401_87326219.html,https://web.archive.org/web/20250805061447/https://www.gzzn.gov.cn/xw/tzgg/202504/t20250401_87326219.html
gas,Gas pipelines,Route [ref],DG,2909,P5019,https://web.archive.org/save/https://sthjj.cq.gov.cn/zwgk_249/zfxxgkzl/fdzdgknr/hjyxpj/pzgcxx/sljsxmhpxxgg/201901/P020230608562782342539.pdf,https://web.archive.org/web/20250724013149/https://sthjj.cq.gov.cn/zwgk_249/zfxxgkzl/fdzdgknr/hjyxpj/pzgcxx/sljsxmhpxxgg/201901/P020230608562782342539.pdf
gas,Gas pipelines,Route [ref],DG,2936,P5046,https://web.archive.org/save/http://sndrc.shaanxi.gov.cn/fgwj/2009n/1017151nuQn63.htm,https://web.archive.org/web/20230818123947/http://sndrc.shaanxi.gov.cn/fgwj/2009n/1017151nuQn63.htm
gas,Gas pipelines,Route [ref],DG,2939,P5049,"https://www.shaanxi.gov.cn/zfxxgk/fdzdgknr/zcwj/nszfwj/szh/202506/t20250620_3534100.html, https://web.archive.org/save/https://www.ccpc360.com/xmzx686985.html","https://www.shaanxi.gov.cn/zfxxgk/fdzdgknr/zcwj/nszfwj/szh/202506/t20250620_3534100.html, https://web.archive.org/web/20230810054037/https://www.ccpc360.com/xmzx686985.html"
gas,Gas pipelines,Route [ref],DG,2940,P5050,https://web.archive.org/save/http://www.mianxian.gov.cn/mxzf/xwzx/jcdt/bmdt/202303/a6091ba3c4b54de28304c5688d1e95e2.shtml,https://web.archive.org/web/20230810055147/http://www.mianxian.gov.cn/mxzf/xwzx/jcdt/bmdt/202303/a6091ba3c4b54de28304c5688d1e95e2.shtml
gas,Gas pipelines,Route [ref],DG,2948,P5058,https://web.archive.org/save/https://www.doc88.com/p-81899608999762.html,https://web.archive.org/web/20240919182754/https://www.doc88.com/p-81899608999762.html
gas,Gas pipelines,Route [ref],DG,2968,P5092,https://web.archive.org/save/http://www.chinaeia.cn/content.aspx?id=850,https://web.archive.org/web/20240919205858/http://www.chinaeia.cn/content.aspx?id=850
gas,Gas pipelines,Route [ref],DG,2969,P5093,https://web.archive.org/save/https://www.sohu.com/a/146227787_99896823,https://web.archive.org/web/20240919214134/https://www.sohu.com/a/146227787_99896823
gas,Gas pipelines,Route [ref],DG,3082,P5558,https://web.archive.org/save/https://zjt.shanxi.gov.cn/zwgk/gsgg/gs/201505/t20150515_1877028.shtml,https://web.archive.org/web/20230803040800/https://zjt.shanxi.gov.cn/zwgk/gsgg/gs/201505/t20150515_1877028.shtml
gas,Gas pipelines,Route [ref],DG,3090,P5566,https://web.archive.org/save/https://www.sohu.com/a/197539300_251884,https://web.archive.org/web/20250616015213/https://www.sohu.com/a/197539300_251884
gas,Gas pipelines,Route [ref],DG,3092,P5568,https://web.archive.org/save/https://zjt.shanxi.gov.cn/zwgk/gsgg/gs/201811/t20181102_1879994.shtml,https://web.archive.org/web/20251023173522/https://zjt.shanxi.gov.cn/zwgk/gsgg/gs/201811/t20181102_1879994.shtml
gas,Gas pipelines,Route [ref],DG,3103,P5579,https://web.archive.org/save/https://zjt.shanxi.gov.cn/zwgk/gsgg/gs/201208/t20120810_1872700.shtml,https://web.archive.org/web/20230809080008/https://zjt.shanxi.gov.cn/zwgk/gsgg/gs/201208/t20120810_1872700.shtml
gas,Gas pipelines,Route [ref],DG,3167,P5658,"https://sthj.zgqingyang.gov.cn/zwgk/zfxxgkml/hpgs2sthj/content_22326, https://web.archive.org/save/http://www.qingyangwang.com.cn/content/2019-08/22/content_176262.htm","https://sthj.zgqingyang.gov.cn/zwgk/zfxxgkml/hpgs2sthj/content_22326, https://web.archive.org/web/20230815021947/http://www.qingyangwang.com.cn/content/2019-08/22/content_176262.htm"
gas,Gas pipelines,Route [ref],DG,3169,P5660,https://web.archive.org/save/https://www.ixueshu.com/h5/document/674fa6ad8a98c600d2c3c1739516f1be318947a18e7f9386.html,https://web.archive.org/web/20230815040453/https://www.ixueshu.com/h5/document/674fa6ad8a98c600d2c3c1739516f1be318947a18e7f9386.html
gas,Gas pipelines,Route [ref],DG,3229,P5726,https://web.archive.org/save/http://www.zgazxxw.com/zbpd/zbgg/201502/456830.php,https://web.archive.org/web/20230824013212/http://www.zgazxxw.com/zbpd/zbgg/201502/456830.php
gas,Gas pipelines,Route [ref],DG,3232,P5729,https://web.archive.org/save/https://www.dljczb.com/xunjia/show-1827929/,https://web.archive.org/web/20230824041112/https://www.dljczb.com/xunjia/show-1827929/
gas,Gas pipelines,Route [ref],DG,3261,P5765,https://web.archive.org/save/https://www.bidcenter.com.cn/newscontent-19041504-1.html,https://web.archive.org/web/20230824084409/https://www.bidcenter.com.cn/newscontent-19041504-1.html
gas,Gas pipelines,Route [ref],DG,3269,P5773,https://web.archive.org/save/https://www.bidcenter.com.cn/newscontent-19041504-1.html,https://web.archive.org/web/20230824084409/https://www.bidcenter.com.cn/newscontent-19041504-1.html
gas,Gas pipelines,Route [ref],DG,3270,P5775,https://web.archive.org/save/http://xzspj.sjz.gov.cn/col/1603258083788/2023/07/19/1689752490448.html,https://web.archive.org/web/20230824130155/http://xzspj.sjz.gov.cn/col/1603258083788/2023/07/19/1689752490448.html
gas,Gas pipelines,Route [ref],DG,3336,P5864,https://web.archive.org/save/https://www.doc88.com/p-18173778462751.html,https://web.archive.org/web/20240912233907/https://www.doc88.com/p-18173778462751.html
gas,Gas pipelines,Route [ref],DG,3553,P6585,https://web.archive.org/save/https://fzggw.cq.gov.cn/zwgk/zfxxgkml/sphzbaxx/202301/t20230116_11508774.html,https://web.archive.org/web/20240923201321/https://fzggw.cq.gov.cn/zwgk/zfxxgkml/sphzbaxx/202301/t20230116_11508774.html
gas,Gas pipelines,Route [ref],DG,3555,P6587,"https://fzggw.cq.gov.cn/zwgk/zfxxgkml/sphzbaxx/202404/t20240419_13142858.html, https://web.archive.org/save/https://fzggw.cq.gov.cn/zwgk/zfxxgkml/sphzbaxx/202404/t20240419_13142858.html","https://fzggw.cq.gov.cn/zwgk/zfxxgkml/sphzbaxx/202404/t20240419_13142858.html, https://web.archive.org/web/20241003221346/https://fzggw.cq.gov.cn/zwgk/zfxxgkml/sphzbaxx/202404/t20240419_13142858.html"
gas,Gas pipelines,Route [ref],DG,3792,P7111,https://web.archive.org/save/https://www.nea.gov.cn/2012-06/18/c_131660248.htm,https://web.archive.org/web/20250530132533/https://www.nea.gov.cn/2012-06/18/c_131660248.htm
gas,Gas pipelines,Route [ref],DG,3793,P7112,https://web.archive.org/save/https://www.dlnyzb.com/detail/23806458,https://web.archive.org/web/20250530073539/https://www.dlnyzb.com/detail/23806458
gas,Gas pipelines,Route [ref],DG,3795,P7114,https://web.archive.org/save/https://www.xinjiang.gov.cn/xinjiang/dzdt/202404/91c67e6c14c0453c9e823862d8996e16.shtml,https://web.archive.org/web/20260713031548/https://www.xinjiang.gov.cn/xinjiang/dzdt/202404/91c67e6c14c0453c9e823862d8996e16.shtml
gas,Gas pipelines,Route [ref],DG,3877,P7479,https://web.archive.org/save/https://mgas.in-en.com/html/gas-3188628.shtml; https://www.sohu.com/a/343729956_99897355,https://web.archive.org/web/20250907042606/https://mgas.in-en.com/html/gas-3188628.shtml; https://www.sohu.com/a/343729956_99897355
gas,Gas pipelines,Route [ref],DG,3921,P7523,https://web.archive.org/save/https://sthj.qdn.gov.cn/xxgk_0/fdzdgknr/xzsp_5819700/spqgs_5819703/202012/t20201229_65832000.html,https://web.archive.org/web/20250804100359/https://sthj.qdn.gov.cn/xxgk_0/fdzdgknr/xzsp_5819700/spqgs_5819703/202012/t20201229_65832000.html
