ISO 3166 Country Name,GEM Standard Country Name,GEM name same as ISO 3166?,Country ISO 3166-1 numeric,Country ISO 3166-1 alpha-2,Country ISO 3166-1 alpha-3,Territory,Territory of,Longitude,Latitude
Aruba,Aruba,,533,AW,ABW,yes,Netherlands,-69.98430633,12.51833391
Afghanistan,Afghanistan,,004,AF,AFG,,,65.77034919,34.04737475
Angola,Angola,,024,AO,AGO,,,18.85237935,-12.01000068
Anguilla,Anguilla,,660,AI,AIA,yes,United Kingdom,-63.03963164,18.21868241
Åland Islands,Åland Islands,,248,AX,ALA,yes,Finland,19.84739604,60.196564
Albania,Albania,,008,AL,ALB,,,20.02177316,41.17398946
Andorra,Andorra,,020,AD,AND,,,1.59033559,42.54061884
United Arab Emirates (the),United Arab Emirates,FALSE,784,AE,ARE,,,55.14821075,24.3622655
Argentina,Argentina,,032,AR,ARG,,,-64.99737448,-38.70056079
Armenia,Armenia,,051,AM,ARM,,,44.83505135,40.07727888
American Samoa,American Samoa,,016,AS,ASM,yes,United States,-170.7616879,-14.30853304
Antarctica,Antarctica,,010,AQ,ATA,yes,Antarctic Treaty,0,-89.99999929
French Southern Territories (the),French Southern Territories,FALSE,260,TF,ATF,yes,France,70.21478725,-49.199854
Antigua and Barbuda,Antigua and Barbuda,,028,AG,ATG,,,-61.79319362,17.08527756
Australia,Australia,,036,AU,AUS,,,133.5282292,-25.7566885
Austria,Austria,,040,AT,AUT,,,14.79300205,47.71373353
Azerbaijan,Azerbaijan,,031,AZ,AZE,,,47.7177159,40.17520144
Burundi,Burundi,,108,BI,BDI,,,30.01042505,-3.3900105
Belgium,Belgium,,056,BE,BEL,,,4.861764396,50.51081849
Benin,Benin,,204,BJ,BEN,,,2.278549701,9.347285859
"Bonaire, Sint Eustatius and Saba","Bonaire, Sint Eustatius, and Saba",FALSE,535,BQ,BES,yes,Netherlands,-68.2463875,12.168056
Burkina Faso,Burkina Faso,,854,BF,BFA,,,-1.18757296,12.25943521
Bangladesh,Bangladesh,,050,BD,BGD,,,89.86059348,23.72079277
Bulgaria,Bulgaria,,100,BG,BGR,,,25.17662164,42.74114037
Bahrain,Bahrain,,048,BH,BHR,,,50.5516665,26.0286095
Bahamas,Bahamas,,044,BS,BHS,,,-78.054863,24.738332
Bosnia and Herzegovina,Bosnia and Herzegovina,,070,BA,BIH,,,17.94131786,43.93592842
Saint Barthélemy,Saint Barthélemy,,652,BL,BLM,yes,France,-62.8114082,17.90375585
Belarus,Belarus,,112,BY,BLR,,,27.68483511,53.79037094
Belize,Belize,,084,BZ,BLZ,,,-88.72510983,17.19763901
Bermuda,Bermuda,,060,BM,BMU,yes,United Kingdom,-64.77694329,32.3036115
Bolivia (Plurinational State of),Bolivia,FALSE,068,BO,BOL,,,-63.62895711,-16.40105346
Brazil,Brazil,,076,BR,BRA,,,-49.77034058,-15.12736964
Barbados,Barbados,,052,BB,BRB,,,-59.55930519,13.19000006
Brunei Darussalam,Brunei,FALSE,096,BN,BRN,,,114.5288513,4.53342105
Bhutan,Bhutan,,064,BT,BTN,,,90.3501049,27.47689343
Bouvet Island,Bouvet Island,,074,BV,BVT,yes,Norway,3.385094743,-54.425497
Botswana,Botswana,,072,BW,BWA,,,24.4747839,-22.41916561
Central African Republic,Central African Republic,,140,CF,CAF,,,20.66343863,6.635378841
Canada,Canada,,124,CA,CAN,,,-116.9370313,60.150339
Cocos (Keeling) Islands (the),Cocos (Keeling) Islands,FALSE,166,CC,CCK,yes,Australia,96.83958878,-12.0772865
Switzerland,Switzerland,,756,CH,CHE,,,8.45028551,46.82222824
Chile,Chile,,152,CL,CHL,,,-72.31889079,-37.89591026
China,China,,156,CN,CHN,,,95.66988565,38.802443
Côte d'Ivoire,Côte d'Ivoire,,384,CI,CIV,,,-5.55559115,7.561268593
Cameroon,Cameroon,,120,CM,CMR,,,13.67667439,7.403041604
Congo (the Democratic Republic of the),DR Congo,FALSE,180,CD,COD,,,22.44353611,-4.092983022
Congo (the),Republic of the Congo,FALSE,178,CG,COG,,,16.06254842,-0.6719737131
Cook Islands (the),Cook Islands,FALSE,184,CK,COK,yes,New Zealand,-159.7780475,-21.2351665
Colombia,Colombia,,170,CO,COL,,,-72.61693664,4.159166
Comoros (the),Comoros,FALSE,174,KM,COM,,,44.411806,-12.226806
Cabo Verde,Cabo Verde,,132,CV,CPV,,,-25.17305565,17.05583286
Costa Rica,Costa Rica,,188,CR,CRI,,,-83.66749388,9.633464
Cuba,Cuba,,192,CU,CUB,,,-77.95639038,21.52527809
Curaçao,Curaçao,,531,CW,CUW,yes,Netherlands,-69.040695,12.213611
Christmas Island,Christmas Island,,162,CX,CXR,yes,Australia,105.6164581,-10.49152803
Cayman Islands,Cayman Islands,,136,KY,CYM,yes,United Kingdom,-81.17208505,19.32972145
Cyprus,Cyprus,,196,CY,CYP,,,33.2298826,35.13003002
Czechia,Czech Republic,FALSE,203,CZ,CZE,,,15.53005478,49.82044794
Germany,Germany,,276,DE,DEU,,,10.58047506,51.32832718
Djibouti,Djibouti,,262,DJ,DJI,,,42.45225549,11.80925512
Dominica,Dominica,,212,DM,DMA,,,-61.34055519,15.42333508
Denmark,Denmark,,208,DK,DNK,,,9.31696478,55.9562495
Dominican Republic (the),Dominican Republic,FALSE,214,DO,DOM,,,-70.12279912,18.771945
Algeria,Algeria,,012,DZ,DZA,,,0.5904536074,28.4097592
Ecuador,Ecuador,,218,EC,ECU,,,-78.26559409,-1.776554644
Egypt,Egypt,,818,EG,EGY,,,29.47381855,26.80575
Eritrea,Eritrea,,232,ER,ERI,,,38.09010603,15.20055481
Western Sahara,Western Sahara,,732,EH,ESH,yes,Disputed / Morocco,-13.68527102,24.27319431
Spain,Spain,,724,ES,ESP,,,-3.420358432,40.00621965
Estonia,Estonia,,233,EE,EST,,,25.36502803,58.6113665
Ethiopia,Ethiopia,,231,ET,ETH,,,38.96046636,9.193012602
Finland,Finland,,246,FI,FIN,,,26.91245422,65.30386646
Fiji,Fiji,,242,FJ,FJI,,,177.9783531,-17.7940735
Falkland Islands (the) [Malvinas],Falkland Islands,FALSE,238,FK,FLK,yes,United Kingdom,-58.603058,-51.800455
France,France,,250,FR,FRA,,,2.15968931,46.88972282
Faroe Islands (the),Faroe Islands,FALSE,234,FO,FRO,yes,Denmark,-7.236849265,62.08984568
Micronesia (Federated States of),Micronesia,FALSE,583,FM,FSM,,,158.2400678,6.884862
Gabon,Gabon,,266,GA,GAB,,,11.73520437,-0.8365270017
United Kingdom of Great Britain and Northern Ireland (the),United Kingdom,FALSE,826,GB,GBR,,,-4.129226907,55.7805
Georgia,Georgia,,268,GE,GEO,,,43.67403644,42.32458306
Guernsey,Guernsey,,831,GG,GGY,yes,British Crown,-2.58208249,49.46305657
Ghana,Ghana,,288,GH,GHA,,,-1.094017474,7.969170713
Gibraltar,Gibraltar,,292,GI,GIB,yes,United Kingdom,-5.34847074,36.132778
Guinea,Guinea,,324,GN,GIN,,,-9.652233295,9.954156811
Guadeloupe,Guadeloupe,,312,GP,GLP,yes,France,-61.6870842,16.23055553
Gambia (the),The Gambia,FALSE,270,GM,GMB,,,-14.32436489,13.44607353
Guinea-Bissau,Guinea-Bissau,,624,GW,GNB,,,-14.60381082,11.804584
Equatorial Guinea,Equatorial Guinea,,226,GQ,GNQ,,,10.46948506,1.635582
Greece,Greece,,300,GR,GRC,,,21.59150551,39.72673603
Grenada,Grenada,,308,GD,GRD,,,-61.68694305,12.11111212
Greenland,Greenland,,304,GL,GRL,yes,Denmark,-51.03189141,73.48591855
Guatemala,Guatemala,,320,GT,GTM,,,-90.29602902,15.787778
French Guiana,French Guiana,,254,GF,GUF,yes,France,-53.03430131,3.936208499
Guam,Guam,,316,GU,GUM,yes,United States,144.757865,13.45039654
Guyana,Guyana,,328,GY,GUY,,,-58.95638264,4.865562921
Hong Kong,Hong Kong,,344,HK,HKG,yes,China,114.0600646,22.411639
Heard Island and McDonald Islands,Heard Island and McDonald Islands,,334,HM,HMD,yes,Australia,73.52870485,-53.078472
Honduras,Honduras,,340,HN,HND,,,-87.21383331,14.51207972
Croatia,Croatia,,191,HR,HRV,,,15.32087247,44.772764
Haiti,Haiti,,332,HT,HTI,,,-72.29339583,18.99013901
Hungary,Hungary,,348,HU,HUN,,,19.15470925,47.18607088
Indonesia,Indonesia,,360,ID,IDN,,,120.2039652,-2.497910987
Isle of Man,Isle of Man,,833,IM,IMN,yes,British Crown,-4.515276909,54.23597336
India,India,,356,IN,IND,,,79.352511,22.469934
British Indian Ocean Territory,British Indian Ocean Territory,,086,IO,IOT,yes,United Kingdom,71.3834725,-6.685
Ireland,Ireland,,372,IE,IRL,,,-8.112294165,53.46077115
Iran (Islamic Republic of),Iran,FALSE,364,IR,IRN,,,53.74379179,32.72080995
Iraq,Iraq,,368,IQ,IRQ,,,42.46654929,33.31551745
Iceland,Iceland,,352,IS,ISL,,,-18.32187475,65.0106735
Israel,Israel,,376,IL,ISR,,,34.66433275,31.43202
Italy,Italy,,380,IT,ITA,,,12.51333389,42.67291644
Jamaica,Jamaica,,388,JM,JAM,,,-77.15958024,18.11583448
Jersey,Jersey,,832,JE,JEY,yes,British Crown,-2.125277519,49.21249962
Jordan,Jordan,,400,JO,JOR,,,36.31563055,31.29852401
Japan,Japan,,392,JP,JPN,,,143.3100011,43.49569511
Kazakhstan,Kazakhstan,,398,KZ,KAZ,,,66.57508081,48.5480145
Kenya,Kenya,,404,KE,KEN,,,37.48146943,0.193240925
Kyrgyzstan,Kyrgyzstan,,417,KG,KGZ,,,75.00198171,41.23690796
Cambodia,Cambodia,,116,KH,KHM,,,105.133407,12.55641795
Kiribati,Kiribati,,296,KI,KIR,,,-157.5051212,1.871231
Saint Kitts and Nevis,Saint Kitts and Nevis,,659,KN,KNA,,,-62.74374962,17.31513786
Korea (the Republic of),South Korea,FALSE,410,KR,KOR,,,128.0229759,36.48219668
Kuwait,Kuwait,,414,KW,KWT,,,47.41643698,29.30805588
Lao People's Democratic Republic (the),Laos,FALSE,418,LA,LAO,,,102.1609973,18.25795177
Lebanon,Lebanon,,422,LB,LBN,,,35.90501442,33.87727738
Liberia,Liberia,,430,LR,LBR,,,-9.686560275,6.456943988
Libya,Libya,,434,LY,LBY,,,17.43951501,26.55754461
Saint Lucia,Saint Lucia,,662,LC,LCA,,,-60.97735977,13.90888882
Liechtenstein,Liechtenstein,,438,LI,LIE,,,9.547779287,47.15893166
Sri Lanka,Sri Lanka,,144,LK,LKA,,,80.63816503,7.881877362
Lesotho,Lesotho,,426,LS,LSO,,,28.17435681,-29.6286895
Lithuania,Lithuania,,440,LT,LTU,,,24.15178574,55.18892537
Luxembourg,Luxembourg,,442,LU,LUX,,,6.073701067,49.8137125
Latvia,Latvia,,428,LV,LVA,,,24.43920948,56.8995747
Macao,Macao,,446,MO,MAC,yes,China,113.56463,22.13698251
Saint Martin (French part),Saint Martin (French part),,663,MF,MAF,yes,France,-63.0511095,18.085
Morocco,Morocco,,504,MA,MAR,,,-6.697294802,31.54763897
Monaco,Monaco,,492,MC,MCO,,,7.422068795,43.7368045
Moldova (the Republic of),Moldova,FALSE,498,MD,MDA,,,28.83127253,46.99982452
Madagascar,Madagascar,,450,MG,MDG,,,46.6868059,-18.91833305
Maldives,Maldives,,462,MV,MDV,,,73.27476301,0.5543345003
Mexico,Mexico,,484,MX,MEX,,,-102.3767287,23.94612769
Marshall Islands (the),Marshall Islands,FALSE,584,MH,MHL,,,171.9554573,6.0344285
North Macedonia,North Macedonia,,807,MK,MKD,,,21.7406629,41.6010704
Mali,Mali,,466,ML,MLI,,,-0.7373572046,17.72858601
Malta,Malta,,470,MT,MLT,,,14.41005979,35.902508
Myanmar,Myanmar,,104,MM,MMR,,,95.90743306,19.52465635
Montenegro,Montenegro,,499,ME,MNE,,,19.29670499,42.70828435
Mongolia,Mongolia,,496,MN,MNG,,,105.2315426,47.1234894
Northern Mariana Islands (the),Northern Mariana Islands,FALSE,580,MP,MNP,yes,United States,145.2119437,14.155695
Mozambique,Mozambique,,508,MZ,MOZ,,,34.42226669,-18.87
Mauritania,Mauritania,,478,MR,MRT,,,-11.50882311,21.13511254
Montserrat,Montserrat,,500,MS,MSR,yes,United Kingdom,-62.19249916,16.74986172
Martinique,Martinique,,474,MQ,MTQ,yes,France,-61.01652706,14.63750048
Mauritius,Mauritius,,480,MU,MUS,,,57.589445,-20.2536105
Malawi,Malawi,,454,MW,MWI,,,33.75224159,-13.27522917
Malaysia,Malaysia,,458,MY,MYS,,,102.0619936,3.9997205
Mayotte,Mayotte,,175,YT,MYT,yes,France,45.14916612,-12.825696
Namibia,Namibia,,516,NA,NAM,,,17.21307483,-23.10046024
New Caledonia,New Caledonia,,540,NC,NCL,yes,France,165.248003,-21.2402245
Niger (the),Niger,FALSE,562,NE,NER,,,9.892858768,17.71026709
Norfolk Island,Norfolk Island,,574,NF,NFK,yes,Australia,167.9591608,-29.0291795
Nigeria,Nigeria,,566,NG,NGA,,,7.99255093,9.121404172
Nicaragua,Nicaragua,,558,NI,NIC,,,-85.58737285,12.875832
Niue,Niue,,570,NU,NIU,yes,New Zealand,-169.8494077,-19.05416584
Netherlands (the),Netherlands,FALSE,528,NL,NLD,,,5.52025538,52.1155565
Norway,Norway,,578,NO,NOR,,,13.60691061,65.36614083
Nepal,Nepal,,524,NP,NPL,,,83.06784638,28.41722789
Nauru,Nauru,,520,NR,NRU,,,166.9316747,-0.528239518
New Zealand,New Zealand,,554,NZ,NZL,,,176.6447725,-38.09218
Oman,Oman,,512,OM,OMN,,,57.02259716,20.88208294
Pakistan,Pakistan,,586,PK,PAK,,,70.15091419,30.497988
Panama,Panama,,591,PA,PAN,,,-80.15805265,8.42727815
Pitcairn,Pitcairn,,612,PN,PCN,yes,United Kingdom,-128.3266123,-24.376778
Peru,Peru,,604,PE,PER,,,-75.80626944,-9.3150005
Philippines (the),Philippines,FALSE,608,PH,PHL,,,125.223212,7.695183841
Palau,Palau,,585,PW,PLW,,,134.557224,7.529028
Papua New Guinea,Papua New Guinea,,598,PG,PNG,,,144.3468177,-6.669535645
Poland,Poland,,616,PL,POL,,,19.1973469,52.01429176
Puerto Rico,Puerto Rico,,630,PR,PRI,yes,United States,-66.4011115,18.218611
Korea (the Democratic People's Republic of),North Korea,FALSE,408,KP,PRK,,,127.0088617,40.350669
Portugal,Portugal,,620,PT,PRT,,,-8.296865294,39.61625099
Paraguay,Paraguay,,600,PY,PRY,,,-58.40732605,-23.5157528
"Palestine, State of",Palestine,FALSE,275,PS,PSE,yes,Disputed / Israel,35.2662218,31.94951668
French Polynesia,French Polynesia,,258,PF,PYF,yes,France,-139.0068313,-9.7793495
Qatar,Qatar,,634,QA,QAT,,,51.1539089,25.31726889
Réunion,Réunion,,638,RE,REU,yes,France,55.53694534,-21.13111115
Romania,Romania,,642,RO,ROU,,,24.23245264,45.991268
Russian Federation (the),Russia,FALSE,643,RU,RUS,,,108.2502605,65.07395551
Rwanda,Rwanda,,646,RW,RWA,,,29.95868189,-1.944135725
Saudi Arabia,Saudi Arabia,,682,SA,SAU,,,44.19449479,24.5138327
Sudan (the),Sudan,FALSE,729,SD,SDN,,,30.42173111,16.05011614
Senegal,Senegal,,686,SN,SEN,,,-14.65629937,14.51088095
Singapore,Singapore,,702,SG,SGP,,,103.8612016,1.303351701
South Georgia and the South Sandwich Islands,South Georgia and the South Sandwich Islands,,239,GS,SGS,yes,United Kingdom,-36.49770662,-54.438402
"Saint Helena, Ascension and Tristan da Cunha","Saint Helena, Ascension, and Tristan da Cunha",FALSE,654,SH,SHN,yes,United Kingdom,-12.28228042,-37.116146
Svalbard and Jan Mayen,Svalbard and Jan Mayen,,744,SJ,SJM,yes,Norway,22.6908855,79.87604151
Solomon Islands,Solomon Islands,,090,SB,SLB,,,160.1473557,-9.598440536
Sierra Leone,Sierra Leone,,694,SL,SLE,,,-11.87569198,8.46444485
El Salvador,El Salvador,,222,SV,SLV,,,-88.90958158,13.80311442
San Marino,San Marino,,674,SM,SMR,,,12.45745674,43.94518661
Somalia,Somalia,,706,SO,SOM,,,46.84722808,5.20805502
Saint Pierre and Miquelon,Saint Pierre and Miquelon,,666,PM,SPM,yes,France,-56.1955565,46.7824995
Serbia,Serbia,,688,RS,SRB,,,21.01076523,44.245354
South Sudan,South Sudan,,728,SS,SSD,,,29.10558549,7.874869834
Sao Tome and Principe,Sao Tome and Principe,,678,ST,STP,,,6.594444513,0.2158330008
Suriname,Suriname,,740,SR,SUR,,,-56.1384103,3.92314698
Slovakia,Slovakia,,703,SK,SVK,,,19.63634287,48.68175126
Slovenia,Slovenia,,705,SI,SVN,,,14.63390642,46.1540665
Sweden,Sweden,,752,SE,SWE,,,14.94987536,62.9919265
Eswatini,Eswatini,,748,SZ,SWZ,,,31.46417501,-26.52129364
Sint Maarten (Dutch part),Sint Maarten (Dutch part),,534,SX,SXM,yes,Netherlands,-63.058334,18.033889
Seychelles,Seychelles,,690,SC,SYC,,,46.34959846,-9.341607508
Syrian Arab Republic (the),Syria,FALSE,760,SY,SYR,,,38.56151533,34.853115
Turks and Caicos Islands (the),Turks and Caicos Islands,FALSE,796,TC,TCA,yes,United Kingdom,-71.756947,21.7775
Chad,Chad,,148,TD,TCD,,,18.65025442,15.60034531
Togo,Togo,,768,TG,TGO,,,1.039982636,8.634597001
Thailand,Thailand,,764,TH,THA,,,101.65536,13.15136213
Tajikistan,Tajikistan,,762,TJ,TJK,,,70.9519559,38.8897362
Tokelau,Tokelau,,772,TK,TKL,yes,New Zealand,-171.2655018,-9.375695
Turkmenistan,Turkmenistan,,795,TM,TKM,,,58.86004926,39.06786349
Timor-Leste,Timor-Leste,,626,TL,TLS,,,125.7583318,-8.891722202
Tonga,Tonga,,776,TO,TON,,,-175.273613,-21.1679145
Trinidad and Tobago,Trinidad and Tobago,,780,TT,TTO,,,-61.2606945,10.44402838
Tunisia,Tunisia,,788,TN,TUN,,,8.844022761,33.86527824
Turkey,Türkiye,FALSE,792,TR,TUR,,,35.50814255,39.026806
Tuvalu,Tuvalu,,798,TV,TUV,,,177.3430513,-6.108831167
Taiwan (Province of China),Taiwan,FALSE,158,TW,TWN,yes,Disputed / China,120.8279155,23.61665125
"Tanzania, the United Republic of",Tanzania,FALSE,834,TZ,TZA,,,34.25165533,-6.393888
Uganda,Uganda,,800,UG,UGA,,,32.72465223,1.374247713
Ukraine,Ukraine,,804,UA,UKR,,,31.01585931,48.53648221
United States Minor Outlying Islands (the),United States Minor Outlying Islands,FALSE,581,UM,UMI,yes,United States,-177.3752135,28.2071095
Uruguay,Uruguay,,858,UY,URY,,,-55.79808615,-32.5627468
United States of America (the),United States,FALSE,840,US,USA,,,-99.96462856,38.252043
Uzbekistan,Uzbekistan,,860,UZ,UZB,,,63.33759625,41.50932312
Holy See (the),Holy See,FALSE,336,VA,VAT,,,12.45298967,41.90389633
Saint Vincent and the Grenadines,Saint Vincent and the Grenadines,,670,VC,VCT,,,-61.19486237,13.2527771
Venezuela (Bolivarian Republic of),Venezuela,FALSE,862,VE,VEN,,,-65.43000775,6.455278873
Virgin Islands (British),Virgin Islands (British),,092,VG,VGB,yes,United Kingdom,-64.31958389,18.71888924
Virgin Islands (U.S.),Virgin Islands (U.S.),,850,VI,VIR,yes,United States,-64.75861345,17.72888935
Viet Nam,Vietnam,FALSE,704,VN,VNM,,,107.7084832,16.1153965
Vanuatu,Vanuatu,,548,VU,VUT,,,168.3645855,-17.6740275
Wallis and Futuna,Wallis and Futuna,,876,WF,WLF,yes,France,-178.1364573,-14.28347215
NOT LISTED,Joint Petroleum Development Area,FALSE,879,WQ,WQJ
Samoa,Samoa,,882,WS,WSM,,,-172.43894,-13.62222385
NOT LISTED,Kosovo,FALSE,926,XK,XXK,yes,Disputed / Serbia,20.70192169,42.56717486
Yemen,Yemen,,887,YE,YEM,,,47.24673142,15.71764488
South Africa,South Africa,,710,ZA,ZAF,,,23.93115924,-28.67243099
Zambia,Zambia,,894,ZM,ZMB,,,25.45888033,-13.22492629
Zimbabwe,Zimbabwe,,716,ZW,ZWE,,,29.41361411,-19.04874326
