GEM Standard Country Name,GEM region,GEM sub-region,ISO 3166 Country Name,UN country,IEA country,IRENA country,Territory of,GEM name same as ISO 1366?,ISO 3166 Country Code,UN M49 country code,UN region,UN sub-region,IRENA region,IEA region,IEA subregion,Notes
Afghanistan,Asia,Southern Asia,Afghanistan,Afghanistan,Afghanistan,Afghanistan,,TRUE,4,4,Asia,Southern Asia,Asia,Asia Pacific
Åland Islands,Europe,Northern Europe,Åland Islands,Åland Islands,,,Finland,TRUE,248,248,Europe,Northern Europe,,,,Not listed by IRENA
Albania,Europe,Southern Europe,Albania,Albania,Albania,Albania,,TRUE,8,8,Europe,Southern Europe,Europe,Europe
Algeria,Africa,Northern Africa,Algeria,Algeria,Algeria,Algeria,,TRUE,12,12,Africa,Northern Africa,Africa,Africa,North Africa
American Samoa,Oceania,Polynesia,American Samoa,American Samoa,,,United States,TRUE,16,16,Oceania,Polynesia,,,,Not listed by IRENA
Andorra,Europe,Southern Europe,Andorra,Andorra,Andorra,Andorra,,TRUE,20,20,Europe,Southern Europe,Europe,,,"Listed by IEA (https://www.iea.org/countries), but not assigned to a region"
Angola,Africa,Sub-Saharan Africa,Angola,Angola,Angola,Angola,,TRUE,24,24,Africa,Sub-Saharan Africa,Africa,Africa,Sub-Saharan Africa
Anguilla,Americas,Latin America and the Caribbean,Anguilla,Anguilla,Anguilla,Anguilla,United Kingdom,TRUE,660,660,Americas,Latin America and the Caribbean,Central America and the Caribbean,Central and South America
Antarctica,,,Antarctica,Antarctica,,,Antarctic Treaty,TRUE,10,10,,,,,,"Not listed by IRENA. In UN, but without a region assigned."
Antigua and Barbuda,Americas,Latin America and the Caribbean,Antigua and Barbuda,Antigua and Barbuda,Antigua and Barbuda,Antigua and Barbuda,,TRUE,28,28,Americas,Latin America and the Caribbean,Central America and the Caribbean,Central and South America
Argentina,Americas,Latin America and the Caribbean,Argentina,Argentina,Argentina,Argentina,,TRUE,32,32,Americas,Latin America and the Caribbean,South America,Central and South America
Armenia,Asia,Western Asia,Armenia,Armenia,Armenia,Armenia,,TRUE,51,51,Asia,Western Asia,Eurasia,Eurasia,Caspian
Aruba,Americas,Latin America and the Caribbean,Aruba,Aruba,Aruba,Aruba,Netherlands,TRUE,533,533,Americas,Latin America and the Caribbean,Central America and the Caribbean,Central and South America
Australia,Oceania,Australia and New Zealand,Australia,Australia,Australia,Australia,,TRUE,36,36,Oceania,Australia and New Zealand,Oceania,Asia Pacific
Austria,Europe,Western Europe,Austria,Austria,Austria,Austria,,TRUE,40,40,Europe,Western Europe,Europe,Europe,European Union
Azerbaijan,Asia,Western Asia,Azerbaijan,Azerbaijan,Azerbaijan,Azerbaijan,,TRUE,31,31,Asia,Western Asia,Eurasia,Eurasia,Caspian
Bahamas,Americas,Latin America and the Caribbean,Bahamas,Bahamas,Bahamas,Bahamas,,TRUE,44,44,Americas,Latin America and the Caribbean,Central America and the Caribbean,Central and South America
Bahrain,Asia,Western Asia,Bahrain,Bahrain,Bahrain,Bahrain,,TRUE,48,48,Asia,Western Asia,Middle East,Middle East
Bangladesh,Asia,Southern Asia,Bangladesh,Bangladesh,Bangladesh,Bangladesh,,TRUE,50,50,Asia,Southern Asia,Asia,Asia Pacific
Barbados,Americas,Latin America and the Caribbean,Barbados,Barbados,Barbados,Barbados,,TRUE,52,52,Americas,Latin America and the Caribbean,Central America and the Caribbean,Central and South America
Belarus,Europe,Eastern Europe,Belarus,Belarus,Belarus,Belarus,,TRUE,112,112,Europe,Eastern Europe,Europe,Europe
Belgium,Europe,Western Europe,Belgium,Belgium,Belgium,Belgium,,TRUE,56,56,Europe,Western Europe,Europe,Europe,European Union
Belize,Americas,Latin America and the Caribbean,Belize,Belize,Belize,Belize,,TRUE,84,84,Americas,Latin America and the Caribbean,Central America and the Caribbean,Central and South America
Benin,Africa,Sub-Saharan Africa,Benin,Benin,Benin,Benin,,TRUE,204,204,Africa,Sub-Saharan Africa,Africa,Africa,Sub-Saharan Africa
Bermuda,Americas,Northern America,Bermuda,Bermuda,Bermuda,,United Kingdom,TRUE,60,60,Americas,Northern America,,Central and South America,,Not listed by IRENA
Bhutan,Asia,Southern Asia,Bhutan,Bhutan,Bhutan,Bhutan,,TRUE,64,64,Asia,Southern Asia,Asia,Asia Pacific
Bolivia,Americas,Latin America and the Caribbean,Bolivia (Plurinational State of),Bolivia (Plurinational State of),Plurinational State of Bolivia (Bolivia),Bolivia (Plurinational State of),,FALSE,68,68,Americas,Latin America and the Caribbean,South America,Central and South America
"Bonaire, Sint Eustatius, and Saba",Americas,Latin America and the Caribbean,"Bonaire, Sint Eustatius and Saba","Bonaire, Sint Eustatius and Saba","Bonaire, Saint Eustatius, and Saba",Bonaire sint Eustatius and Saba,Netherlands,FALSE,535,535,Americas,Latin America and the Caribbean,Central America and the Caribbean,Central and South America
Bosnia and Herzegovina,Europe,Southern Europe,Bosnia and Herzegovina,Bosnia and Herzegovina,Bosnia and Herzegovina,Bosnia and Herzegovina,,TRUE,70,70,Europe,Southern Europe,Europe,Europe
Botswana,Africa,Sub-Saharan Africa,Botswana,Botswana,Botswana,Botswana,,TRUE,72,72,Africa,Sub-Saharan Africa,Africa,Africa,Sub-Saharan Africa
Bouvet Island,Americas,Latin America and the Caribbean,Bouvet Island,Bouvet Island,,,Norway,TRUE,74,74,Americas,Latin America and the Caribbean,,,,Not listed by IRENA
Brazil,Americas,Latin America and the Caribbean,Brazil,Brazil,Brazil,Brazil,,TRUE,76,76,Americas,Latin America and the Caribbean,South America,Central and South America
British Indian Ocean Territory,Africa,Sub-Saharan Africa,British Indian Ocean Territory,British Indian Ocean Territory,,,United Kingdom,TRUE,86,86,Africa,Sub-Saharan Africa,,,,Not listed by IRENA
Brunei,Asia,South-eastern Asia,Brunei Darussalam,Brunei Darussalam,Brunei Darussalam,Brunei Darussalam,,FALSE,96,96,Asia,South-eastern Asia,Asia,Asia Pacific,Southeast Asia
Bulgaria,Europe,Eastern Europe,Bulgaria,Bulgaria,Bulgaria,Bulgaria,,TRUE,100,100,Europe,Eastern Europe,Europe,Europe,European Union
Burkina Faso,Africa,Sub-Saharan Africa,Burkina Faso,Burkina Faso,Burkina Faso,Burkina Faso,,TRUE,854,854,Africa,Sub-Saharan Africa,Africa,Africa,Sub-Saharan Africa
Burundi,Africa,Sub-Saharan Africa,Burundi,Burundi,Burundi,Burundi,,TRUE,108,108,Africa,Sub-Saharan Africa,Africa,Africa,Sub-Saharan Africa
Cabo Verde,Africa,Sub-Saharan Africa,Cabo Verde,Cabo Verde,Cabo Verde,Cabo Verde,,TRUE,132,132,Africa,Sub-Saharan Africa,Africa,Africa,Sub-Saharan Africa
Cambodia,Asia,South-eastern Asia,Cambodia,Cambodia,Cambodia,Cambodia,,TRUE,116,116,Asia,South-eastern Asia,Asia,Asia Pacific,Southeast Asia
Cameroon,Africa,Sub-Saharan Africa,Cameroon,Cameroon,Cameroon,Cameroon,,TRUE,120,120,Africa,Sub-Saharan Africa,Africa,Africa,Sub-Saharan Africa
Canada,Americas,Northern America,Canada,Canada,Canada,Canada,,TRUE,124,124,Americas,Northern America,North America,North America
Cayman Islands,Americas,Latin America and the Caribbean,Cayman Islands,Cayman Islands,Cayman Islands,Cayman Islands,United Kingdom,TRUE,136,136,Americas,Latin America and the Caribbean,Central America and the Caribbean,Central and South America
Central African Republic,Africa,Sub-Saharan Africa,Central African Republic,Central African Republic,Central African Republic,Central African Republic,,TRUE,140,140,Africa,Sub-Saharan Africa,Africa,Africa,Sub-Saharan Africa
Chad,Africa,Sub-Saharan Africa,Chad,Chad,Chad,Chad,,TRUE,148,148,Africa,Sub-Saharan Africa,Africa,Africa,Sub-Saharan Africa
Chile,Americas,Latin America and the Caribbean,Chile,Chile,Chile,Chile,,TRUE,152,152,Americas,Latin America and the Caribbean,South America,Central and South America
China,Asia,Eastern Asia,China,China,People’s Republic of China (China),China,,TRUE,156,156,Asia,Eastern Asia,Asia,Asia Pacific
Christmas Island,Oceania,Australia and New Zealand,Christmas Island,Christmas Island,,,Australia,TRUE,162,162,Oceania,Australia and New Zealand,,,,Not listed by IRENA
Cocos (Keeling) Islands,Oceania,Australia and New Zealand,Cocos (Keeling) Islands (the),Cocos (Keeling) Islands,,,Australia,FALSE,166,166,Oceania,Australia and New Zealand,,,,Not listed by IRENA
Colombia,Americas,Latin America and the Caribbean,Colombia,Colombia,Colombia,Colombia,,TRUE,170,170,Americas,Latin America and the Caribbean,South America,Central and South America
Comoros,Africa,Sub-Saharan Africa,Comoros (the),Comoros,Comoros,Comoros,,FALSE,174,174,Africa,Sub-Saharan Africa,Africa,Africa,Sub-Saharan Africa
Republic of the Congo,Africa,Sub-Saharan Africa,Congo (the),Congo,Republic of the Congo (Congo),Congo,,FALSE,178,178,Africa,Sub-Saharan Africa,Africa,Africa,Sub-Saharan Africa
Cook Islands,Oceania,Polynesia,Cook Islands (the),Cook Islands,Cook Islands,Cook Islands,New Zealand,FALSE,184,184,Oceania,Polynesia,Oceania,Asia Pacific
Costa Rica,Americas,Latin America and the Caribbean,Costa Rica,Costa Rica,Costa Rica,Costa Rica,,TRUE,188,188,Americas,Latin America and the Caribbean,Central America and the Caribbean,Central and South America
Côte d'Ivoire,Africa,Sub-Saharan Africa,Côte d'Ivoire,Côte d’Ivoire,Côte d’Ivoire,Côte d'Ivoire,,TRUE,384,384,Africa,Sub-Saharan Africa,Africa,Africa,Sub-Saharan Africa
Croatia,Europe,Southern Europe,Croatia,Croatia,Croatia,Croatia,,TRUE,191,191,Europe,Southern Europe,Europe,Europe,European Union
Cuba,Americas,Latin America and the Caribbean,Cuba,Cuba,Cuba,Cuba,,TRUE,192,192,Americas,Latin America and the Caribbean,Central America and the Caribbean,Central and South America
Curaçao,Americas,Latin America and the Caribbean,Curaçao,Curaçao,Curaçao,,Netherlands,TRUE,531,531,Americas,Latin America and the Caribbean,,Central and South America,,Not listed by IRENA
Cyprus,Asia,Western Asia,Cyprus,Cyprus,Cyprus,Cyprus,,TRUE,196,196,Asia,Western Asia,Europe,Europe,European Union
Czech Republic,Europe,Eastern Europe,Czechia,Czechia,Czech Republic,Czech Republic,,FALSE,203,203,Europe,Eastern Europe,Europe,Europe,European Union
Denmark,Europe,Northern Europe,Denmark,Denmark,Denmark,Denmark,,TRUE,208,208,Europe,Northern Europe,Europe,Europe,European Union
Djibouti,Africa,Sub-Saharan Africa,Djibouti,Djibouti,Djibouti,Djibouti,,TRUE,262,262,Africa,Sub-Saharan Africa,Africa,Africa,Sub-Saharan Africa
Dominica,Americas,Latin America and the Caribbean,Dominica,Dominica,Dominica,Dominica,,TRUE,212,212,Americas,Latin America and the Caribbean,Central America and the Caribbean,Central and South America
Dominican Republic,Americas,Latin America and the Caribbean,Dominican Republic (the),Dominican Republic,Dominican Republic,Dominican Republic,,FALSE,214,214,Americas,Latin America and the Caribbean,Central America and the Caribbean,Central and South America
DR Congo,Africa,Sub-Saharan Africa,Congo (the Democratic Republic of the),Democratic Republic of the Congo,Democratic Republic of the Congo,Democratic Republic of the Congo,,FALSE,180,180,Africa,Sub-Saharan Africa,Africa,Africa,Sub-Saharan Africa
Ecuador,Americas,Latin America and the Caribbean,Ecuador,Ecuador,Ecuador,Ecuador,,TRUE,218,218,Americas,Latin America and the Caribbean,South America,Central and South America
Egypt,Africa,Northern Africa,Egypt,Egypt,Egypt,Egypt,,TRUE,818,818,Africa,Northern Africa,Africa,Africa,North Africa
El Salvador,Americas,Latin America and the Caribbean,El Salvador,El Salvador,El Salvador,El Salvador,,TRUE,222,222,Americas,Latin America and the Caribbean,Central America and the Caribbean,Central and South America
Equatorial Guinea,Africa,Sub-Saharan Africa,Equatorial Guinea,Equatorial Guinea,Equatorial Guinea,Equatorial Guinea,,TRUE,226,226,Africa,Sub-Saharan Africa,Africa,,,"Listed by IEA (https://www.iea.org/countries), but not assigned to a region"
Eritrea,Africa,Sub-Saharan Africa,Eritrea,Eritrea,Eritrea,Eritrea,,TRUE,232,232,Africa,Sub-Saharan Africa,Africa,Africa,Sub-Saharan Africa
Estonia,Europe,Northern Europe,Estonia,Estonia,Estonia,Estonia,,TRUE,233,233,Europe,Northern Europe,Europe,Europe,European Union
Eswatini,Africa,Sub-Saharan Africa,Eswatini,Eswatini,Kingdom of Eswatini,Eswatini,,TRUE,748,748,Africa,Sub-Saharan Africa,Africa,Africa,Sub-Saharan Africa
Ethiopia,Africa,Sub-Saharan Africa,Ethiopia,Ethiopia,Ethiopia,Ethiopia,,TRUE,231,231,Africa,Sub-Saharan Africa,Africa,Africa,Sub-Saharan Africa
Falkland Islands,Americas,Latin America and the Caribbean,Falkland Islands (the) [Malvinas],Falkland Islands (Malvinas),Falkland Islands (Malvinas),,United Kingdom,FALSE,238,238,Americas,Latin America and the Caribbean,,Central and South America,,Not listed by IRENA
Faroe Islands,Europe,Northern Europe,Faroe Islands (the),Faroe Islands,,,Denmark,FALSE,234,234,Europe,Northern Europe,,,,Not listed by IRENA
Fiji,Oceania,Melanesia,Fiji,Fiji,Fiji,Fiji,,TRUE,242,242,Oceania,Melanesia,Oceania,Asia Pacific
Finland,Europe,Northern Europe,Finland,Finland,Finland,Finland,,TRUE,246,246,Europe,Northern Europe,Europe,Europe,European Union
France,Europe,Western Europe,France,France,France,France,,TRUE,250,250,Europe,Western Europe,Europe,Europe,European Union
French Guiana,Americas,Latin America and the Caribbean,French Guiana,French Guiana,French Guiana,French Guiana,France,TRUE,254,254,Americas,Latin America and the Caribbean,South America,Central and South America
French Polynesia,Oceania,Polynesia,French Polynesia,French Polynesia,French Polynesia,French Polynesia,France,TRUE,258,258,Oceania,Polynesia,Oceania,Asia Pacific
French Southern Territories,Africa,Sub-Saharan Africa,French Southern Territories (the),French Southern Territories,,,France,FALSE,260,260,Africa,Sub-Saharan Africa,,,,Not listed by IRENA
Gabon,Africa,Sub-Saharan Africa,Gabon,Gabon,Gabon,Gabon,,TRUE,266,266,Africa,Sub-Saharan Africa,Africa,Africa,Sub-Saharan Africa
Georgia,Asia,Western Asia,Georgia,Georgia,Georgia,Georgia,,TRUE,268,268,Asia,Western Asia,Eurasia,Eurasia,Caspian
Germany,Europe,Western Europe,Germany,Germany,Germany,Germany,,TRUE,276,276,Europe,Western Europe,Europe,Europe,European Union
Ghana,Africa,Sub-Saharan Africa,Ghana,Ghana,Ghana,Ghana,,TRUE,288,288,Africa,Sub-Saharan Africa,Africa,Africa,Sub-Saharan Africa
Gibraltar,Europe,Southern Europe,Gibraltar,Gibraltar,Gibraltar,,United Kingdom,TRUE,292,292,Europe,Southern Europe,,Europe,,Not listed by IRENA
Greece,Europe,Southern Europe,Greece,Greece,Greece,Greece,,TRUE,300,300,Europe,Southern Europe,Europe,Europe,European Union
Greenland,Americas,Northern America,Greenland,Greenland,,Greenland,Denmark,TRUE,304,304,Americas,Northern America,North America,,,Not listed by IEA
Grenada,Americas,Latin America and the Caribbean,Grenada,Grenada,Grenada,Grenada,,TRUE,308,308,Americas,Latin America and the Caribbean,Central America and the Caribbean,Central and South America
Guadeloupe,Americas,Latin America and the Caribbean,Guadeloupe,Guadeloupe,Guadeloupe,Guadeloupe,France,TRUE,312,312,Americas,Latin America and the Caribbean,Central America and the Caribbean,Central and South America
Guam,Oceania,Micronesia,Guam,Guam,,,United States,TRUE,316,316,Oceania,Micronesia,,,,Not listed by IRENA
Guatemala,Americas,Latin America and the Caribbean,Guatemala,Guatemala,Guatemala,Guatemala,,TRUE,320,320,Americas,Latin America and the Caribbean,Central America and the Caribbean,Central and South America
Guernsey,Europe,Northern Europe,Guernsey,Guernsey,,,British Crown,TRUE,831,831,Europe,Northern Europe,,,,Not listed by IRENA
Guinea,Africa,Sub-Saharan Africa,Guinea,Guinea,Guinea,Guinea,,TRUE,324,324,Africa,Sub-Saharan Africa,Africa,Africa,Sub-Saharan Africa
Guinea-Bissau,Africa,Sub-Saharan Africa,Guinea-Bissau,Guinea-Bissau,Guinea‐Bissau,,,TRUE,624,624,Africa,Sub-Saharan Africa,,Africa,Sub-Saharan Africa,Not listed by IRENA
Guyana,Americas,Latin America and the Caribbean,Guyana,Guyana,Guyana,Guyana,,TRUE,328,328,Americas,Latin America and the Caribbean,South America,Central and South America
Haiti,Americas,Latin America and the Caribbean,Haiti,Haiti,Haiti,Haiti,,TRUE,332,332,Americas,Latin America and the Caribbean,Central America and the Caribbean,Central and South America
Heard Island and McDonald Islands,Oceania,Australia and New Zealand,Heard Island and McDonald Islands,Heard Island and McDonald Islands,,,Australia,TRUE,334,334,Oceania,Australia and New Zealand,,,,Not listed by IRENA
Holy See,Europe,Southern Europe,Holy See (the),Holy See,,,,FALSE,336,336,Europe,Southern Europe,,,,Not listed by IRENA
Honduras,Americas,Latin America and the Caribbean,Honduras,Honduras,Honduras,Honduras,,TRUE,340,340,Americas,Latin America and the Caribbean,Central America and the Caribbean,Central and South America
Hong Kong,Asia,Eastern Asia,Hong Kong,"China, Hong Kong Special Administrative Region","Hong Kong, China","China, Hong Kong Special
Administrative Region",China,TRUE,344,344,Asia,Eastern Asia,,Asia Pacific,,Not listed by IRENA in main listings; is included in RE capacity statistics: https://www.irena.org/-/media/Files/IRENA/Agency/Publication/2021/Apr/IRENA_RE_Capacity_Statistics_2021.pdf
Hungary,Europe,Eastern Europe,Hungary,Hungary,Hungary,Hungary,,TRUE,348,348,Europe,Eastern Europe,Europe,Europe,European Union
Iceland,Europe,Northern Europe,Iceland,Iceland,Iceland,Iceland,,TRUE,352,352,Europe,Northern Europe,Europe,Europe
India,Asia,Southern Asia,India,India,India,India,,TRUE,356,356,Asia,Southern Asia,Asia,Asia Pacific
Indonesia,Asia,South-eastern Asia,Indonesia,Indonesia,Indonesia,Indonesia,,TRUE,360,360,Asia,South-eastern Asia,Asia,Asia Pacific,Southeast Asia
Iran,Asia,Southern Asia,Iran (Islamic Republic of),Iran (Islamic Republic of),Islamic Republic of Iran (Iran),Iran (Islamic Republic of),,FALSE,364,364,Asia,Southern Asia,Middle East,Middle East
Iraq,Asia,Western Asia,Iraq,Iraq,Iraq,Iraq,,TRUE,368,368,Asia,Western Asia,Middle East,Middle East
Ireland,Europe,Northern Europe,Ireland,Ireland,Ireland,Ireland,,TRUE,372,372,Europe,Northern Europe,Europe,Europe,European Union
Isle of Man,Europe,Northern Europe,Isle of Man,Isle of Man,,,British Crown,TRUE,833,833,Europe,Northern Europe,,,,Not listed by IRENA
Israel,Asia,Western Asia,Israel,Israel,Israel,Israel,,TRUE,376,376,Asia,Western Asia,Middle East,Europe
Italy,Europe,Southern Europe,Italy,Italy,Italy,Italy,,TRUE,380,380,Europe,Southern Europe,Europe,Europe,European Union
Jamaica,Americas,Latin America and the Caribbean,Jamaica,Jamaica,Jamaica,Jamaica,,TRUE,388,388,Americas,Latin America and the Caribbean,Central America and the Caribbean,Central and South America
Japan,Asia,Eastern Asia,Japan,Japan,Japan,Japan,,TRUE,392,392,Asia,Eastern Asia,Asia,Asia Pacific
Jersey,Europe,Northern Europe,Jersey,Jersey,,,British Crown,TRUE,832,832,Europe,Northern Europe,,,,Not listed by IRENA
Joint Petroleum Development Area,Oceania,Australia and New Zealand,,,,,,FALSE,1000,,,,,,,"Not listed in any of the other sources (UN, ISO, IRENA, IEA)"
Jordan,Asia,Western Asia,Jordan,Jordan,Jordan,Jordan,,TRUE,400,400,Asia,Western Asia,Middle East,Middle East
Kazakhstan,Asia,Central Asia,Kazakhstan,Kazakhstan,Kazakhstan,Kazakhstan,,TRUE,398,398,Asia,Central Asia,Asia,Eurasia,Caspian
Kenya,Africa,Sub-Saharan Africa,Kenya,Kenya,Kenya,Kenya,,TRUE,404,404,Africa,Sub-Saharan Africa,Africa,Africa,Sub-Saharan Africa
Kiribati,Oceania,Micronesia,Kiribati,Kiribati,Kiribati,Kiribati,,TRUE,296,296,Oceania,Micronesia,Oceania,Asia Pacific
Kosovo,Europe,Southern Europe,,,Kosovo,Kosovo,Disputed / Serbia,FALSE,926,,,,Europe,Europe,,Not listed in ISO 3166 or UN.
Kuwait,Asia,Western Asia,Kuwait,Kuwait,Kuwait,Kuwait,,TRUE,414,414,Asia,Western Asia,Middle East,Middle East
Kyrgyzstan,Asia,Central Asia,Kyrgyzstan,Kyrgyzstan,Kyrgyzstan,Kyrgyzstan,,TRUE,417,417,Asia,Central Asia,Asia,Eurasia,Caspian
Laos,Asia,South-eastern Asia,Lao People's Democratic Republic (the),Lao People's Democratic Republic,Lao People’s Democratic Republic (Lao PDR),Lao People's Democratic Republic,,FALSE,418,418,Asia,South-eastern Asia,Asia,Asia Pacific,Southeast Asia
Latvia,Europe,Northern Europe,Latvia,Latvia,Latvia,Latvia,,TRUE,428,428,Europe,Northern Europe,Europe,Europe,European Union
Lebanon,Asia,Western Asia,Lebanon,Lebanon,Lebanon,Lebanon,,TRUE,422,422,Asia,Western Asia,Middle East,Middle East
Lesotho,Africa,Sub-Saharan Africa,Lesotho,Lesotho,Lesotho,Lesotho,,TRUE,426,426,Africa,Sub-Saharan Africa,Africa,Africa,Sub-Saharan Africa
Liberia,Africa,Sub-Saharan Africa,Liberia,Liberia,Liberia,Liberia,,TRUE,430,430,Africa,Sub-Saharan Africa,Africa,Africa,Sub-Saharan Africa
Libya,Africa,Northern Africa,Libya,Libya,Libya,Libya,,TRUE,434,434,Africa,Northern Africa,Africa,Africa,North Africa
Liechtenstein,Europe,Western Europe,Liechtenstein,Liechtenstein,,Liechtenstein,,TRUE,438,438,Europe,Western Europe,Europe,,,"Listed by IEA (https://www.iea.org/countries), but not assigned to a region"
Lithuania,Europe,Northern Europe,Lithuania,Lithuania,Lithuania,Lithuania,,TRUE,440,440,Europe,Northern Europe,Europe,Europe,European Union
Luxembourg,Europe,Western Europe,Luxembourg,Luxembourg,Luxembourg,Luxembourg,,TRUE,442,442,Europe,Western Europe,Europe,Europe,European Union
Macao,Asia,Eastern Asia,Macao,"China, Macao Special Administrative Region",Macau (China),"China, Macao Special
Administrative Region",China,TRUE,446,446,Asia,Eastern Asia,,Asia Pacific,,Not listed by IRENA in main listings; is included in RE capacity statistics: https://www.irena.org/-/media/Files/IRENA/Agency/Publication/2021/Apr/IRENA_RE_Capacity_Statistics_2021.pdf
Madagascar,Africa,Sub-Saharan Africa,Madagascar,Madagascar,Madagascar,Madagascar,,TRUE,450,450,Africa,Sub-Saharan Africa,Africa,Africa,Sub-Saharan Africa
Malawi,Africa,Sub-Saharan Africa,Malawi,Malawi,Malawi,Malawi,,TRUE,454,454,Africa,Sub-Saharan Africa,Africa,Africa,Sub-Saharan Africa
Malaysia,Asia,South-eastern Asia,Malaysia,Malaysia,Malaysia,Malaysia,,TRUE,458,458,Asia,South-eastern Asia,Asia,Asia Pacific,Southeast Asia
Maldives,Asia,Southern Asia,Maldives,Maldives,Maldives,Maldives,,TRUE,462,462,Asia,Southern Asia,Asia,Asia Pacific
Mali,Africa,Sub-Saharan Africa,Mali,Mali,Mali,Mali,,TRUE,466,466,Africa,Sub-Saharan Africa,Africa,Africa,Sub-Saharan Africa
Malta,Europe,Southern Europe,Malta,Malta,Malta,Malta,,TRUE,470,470,Europe,Southern Europe,Europe,Europe,European Union
Marshall Islands,Oceania,Micronesia,Marshall Islands (the),Marshall Islands,,Marshall Islands,,FALSE,584,584,Oceania,Micronesia,Oceania,,,Not listed by IEA
Martinique,Americas,Latin America and the Caribbean,Martinique,Martinique,Martinique,,France,TRUE,474,474,Americas,Latin America and the Caribbean,,Central and South America,,Not listed by IRENA
Mauritania,Africa,Sub-Saharan Africa,Mauritania,Mauritania,Mauritania,Mauritania,,TRUE,478,478,Africa,Sub-Saharan Africa,Africa,Africa,Sub-Saharan Africa
Mauritius,Africa,Sub-Saharan Africa,Mauritius,Mauritius,Mauritius,Mauritius,,TRUE,480,480,Africa,Sub-Saharan Africa,Africa,Africa,Sub-Saharan Africa
Mayotte,Africa,Sub-Saharan Africa,Mayotte,Mayotte,,Mayotte,France,TRUE,175,175,Africa,Sub-Saharan Africa,Africa,,,Not listed by IEA
Mexico,Americas,Latin America and the Caribbean,Mexico,Mexico,Mexico,Mexico,,TRUE,484,484,Americas,Latin America and the Caribbean,North America,North America
Micronesia,Oceania,Micronesia,Micronesia (Federated States of),Micronesia (Federated States of),,Micronesia (Federated States of),,FALSE,583,583,Oceania,Micronesia,Oceania,,,Not listed by IEA
Moldova,Europe,Eastern Europe,Moldova (the Republic of),Republic of Moldova,Republic of Moldova,Republic of Moldova,,FALSE,498,498,Europe,Eastern Europe,Europe,Europe
Monaco,Europe,Western Europe,Monaco,Monaco,Monaco,Monaco,,TRUE,492,492,Europe,Western Europe,Europe,,,"Listed by IEA (https://www.iea.org/countries), but not assigned to a region"
Mongolia,Asia,Eastern Asia,Mongolia,Mongolia,Mongolia,Mongolia,,TRUE,496,496,Asia,Eastern Asia,Asia,Asia Pacific
Montenegro,Europe,Southern Europe,Montenegro,Montenegro,Montenegro,Montenegro,,TRUE,499,499,Europe,Southern Europe,Europe,Europe
Montserrat,Americas,Latin America and the Caribbean,Montserrat,Montserrat,Montserrat,,United Kingdom,TRUE,500,500,Americas,Latin America and the Caribbean,,Central and South America,,Not listed by IRENA
Morocco,Africa,Northern Africa,Morocco,Morocco,Morocco,Morocco,,TRUE,504,504,Africa,Northern Africa,Africa,Africa,North Africa
Mozambique,Africa,Sub-Saharan Africa,Mozambique,Mozambique,Mozambique,Mozambique,,TRUE,508,508,Africa,Sub-Saharan Africa,Africa,Africa,Sub-Saharan Africa
Myanmar,Asia,South-eastern Asia,Myanmar,Myanmar,Myanmar,Myanmar,,TRUE,104,104,Asia,South-eastern Asia,Asia,Asia Pacific,Southeast Asia
Namibia,Africa,Sub-Saharan Africa,Namibia,Namibia,Namibia,Namibia,,TRUE,516,516,Africa,Sub-Saharan Africa,Africa,Africa,Sub-Saharan Africa
Nauru,Oceania,Micronesia,Nauru,Nauru,,Nauru,,TRUE,520,520,Oceania,Micronesia,Oceania,,,Not listed by IEA
Nepal,Asia,Southern Asia,Nepal,Nepal,Nepal,Nepal,,TRUE,524,524,Asia,Southern Asia,Asia,Asia Pacific
Netherlands,Europe,Western Europe,Netherlands (the),Netherlands,Netherlands,Kingdom of the Netherlands,,FALSE,528,528,Europe,Western Europe,Europe,Europe,European Union
New Caledonia,Oceania,Melanesia,New Caledonia,New Caledonia,New Caledonia,New Caledonia,France,TRUE,540,540,Oceania,Melanesia,Oceania,Asia Pacific
New Zealand,Oceania,Australia and New Zealand,New Zealand,New Zealand,New Zealand,New Zealand,,TRUE,554,554,Oceania,Australia and New Zealand,Oceania,Asia Pacific
Nicaragua,Americas,Latin America and the Caribbean,Nicaragua,Nicaragua,Nicaragua,Nicaragua,,TRUE,558,558,Americas,Latin America and the Caribbean,Central America and the Caribbean,Central and South America
Niger,Africa,Sub-Saharan Africa,Niger (the),Niger,Niger,Niger,,FALSE,562,562,Africa,Sub-Saharan Africa,Africa,Africa,Sub-Saharan Africa
Nigeria,Africa,Sub-Saharan Africa,Nigeria,Nigeria,Nigeria,Nigeria,,TRUE,566,566,Africa,Sub-Saharan Africa,Africa,Africa,Sub-Saharan Africa
Niue,Oceania,Polynesia,Niue,Niue,,Niue,New Zealand,TRUE,570,570,Oceania,Polynesia,Oceania,,,Not listed by IEA
Norfolk Island,Oceania,Australia and New Zealand,Norfolk Island,Norfolk Island,,,Australia,TRUE,574,574,Oceania,Australia and New Zealand,,,,Not listed by IRENA
North Korea,Asia,Eastern Asia,Korea (the Democratic People's Republic of),Democratic People's Republic of Korea,Democratic People’s Republic of Korea (North Korea),Democratic Peoples Republic of Korea,,FALSE,408,408,Asia,Eastern Asia,Asia,Asia Pacific
North Macedonia,Europe,Southern Europe,North Macedonia,North Macedonia,North Macedonia,North Macedonia,,TRUE,807,807,Europe,Southern Europe,Europe,Europe
Northern Mariana Islands,Oceania,Micronesia,Northern Mariana Islands (the),Northern Mariana Islands,,,United States,FALSE,580,580,Oceania,Micronesia,,,,Not listed by IRENA
Norway,Europe,Northern Europe,Norway,Norway,Norway,Norway,,TRUE,578,578,Europe,Northern Europe,Europe,Europe
Oman,Asia,Western Asia,Oman,Oman,Oman,Oman,,TRUE,512,512,Asia,Western Asia,Middle East,Middle East
Pakistan,Asia,Southern Asia,Pakistan,Pakistan,Pakistan,Pakistan,,TRUE,586,586,Asia,Southern Asia,Asia,Asia Pacific
Palau,Oceania,Micronesia,Palau,Palau,Palau,Palau,,TRUE,585,585,Oceania,Micronesia,Oceania,Asia Pacific
Palestine,Asia,Western Asia,"Palestine, State of",State of Palestine,,State of Palestine,Disputed / Israel,FALSE,275,275,Asia,Western Asia,Middle East,,,Not listed by IEA
Panama,Americas,Latin America and the Caribbean,Panama,Panama,Panama,Panama,,TRUE,591,591,Americas,Latin America and the Caribbean,Central America and the Caribbean,Central and South America
Papua New Guinea,Oceania,Melanesia,Papua New Guinea,Papua New Guinea,Papua New Guinea,Papua New Guinea,,TRUE,598,598,Oceania,Melanesia,Oceania,Asia Pacific
Paraguay,Americas,Latin America and the Caribbean,Paraguay,Paraguay,Paraguay,Paraguay,,TRUE,600,600,Americas,Latin America and the Caribbean,South America,Central and South America
Peru,Americas,Latin America and the Caribbean,Peru,Peru,Peru,Peru,,TRUE,604,604,Americas,Latin America and the Caribbean,South America,Central and South America
Philippines,Asia,South-eastern Asia,Philippines (the),Philippines,Philippines,Philippines,,FALSE,608,608,Asia,South-eastern Asia,Asia,Asia Pacific,Southeast Asia
Pitcairn,Oceania,Polynesia,Pitcairn,Pitcairn,,,United Kingdom,TRUE,612,612,Oceania,Polynesia,,,,Not listed by IRENA
Poland,Europe,Eastern Europe,Poland,Poland,Poland,Poland,,TRUE,616,616,Europe,Eastern Europe,Europe,Europe,European Union
Portugal,Europe,Southern Europe,Portugal,Portugal,Portugal,Portugal,,TRUE,620,620,Europe,Southern Europe,Europe,Europe,European Union
Puerto Rico,Americas,Latin America and the Caribbean,Puerto Rico,Puerto Rico,,,United States,TRUE,630,630,Americas,Latin America and the Caribbean,,,,Not listed by IRENA
Qatar,Asia,Western Asia,Qatar,Qatar,Qatar,Qatar,,TRUE,634,634,Asia,Western Asia,Middle East,Middle East
Réunion,Africa,Sub-Saharan Africa,Réunion,Réunion,Réunion,Reunion,France,TRUE,638,638,Africa,Sub-Saharan Africa,Africa,Africa,Sub-Saharan Africa
Romania,Europe,Eastern Europe,Romania,Romania,Romania,Romania,,TRUE,642,642,Europe,Eastern Europe,Europe,Europe,European Union
Russia,Europe,Eastern Europe,Russian Federation (the),Russian Federation,Russian Federation (Russia),Russian Federation,,FALSE,643,643,Europe,Eastern Europe,Eurasia,Eurasia
Rwanda,Africa,Sub-Saharan Africa,Rwanda,Rwanda,Rwanda,Rwanda,,TRUE,646,646,Africa,Sub-Saharan Africa,Africa,Africa,Sub-Saharan Africa
Saint Barthélemy,Americas,Latin America and the Caribbean,Saint Barthélemy,Saint Barthélemy,,Saint Barthélemy,France,TRUE,652,652,Americas,Latin America and the Caribbean,Central America and the Caribbean,,,Not listed by IRENA in main listings; is included in RE capacity statistics: https://www.irena.org/-/media/Files/IRENA/Agency/Publication/2021/Apr/IRENA_RE_Capacity_Statistics_2021.pdf
"Saint Helena, Ascension, and Tristan da Cunha",Africa,Sub-Saharan Africa,"Saint Helena, Ascension and Tristan da Cunha",Saint Helena,,"Saint Helena, Ascension and
Tristan da Cunha",United Kingdom,FALSE,654,654,Africa,Sub-Saharan Africa,n/a,,,Not listed by IRENA in main listings; is included in RE capacity statistics: https://www.irena.org/-/media/Files/IRENA/Agency/Publication/2021/Apr/IRENA_RE_Capacity_Statistics_2021.pdf
Saint Kitts and Nevis,Americas,Latin America and the Caribbean,Saint Kitts and Nevis,Saint Kitts and Nevis,Saint Kitts and Nevis,Saint Kitts and Nevis,,TRUE,659,659,Americas,Latin America and the Caribbean,Central America and the Caribbean,Central and South America
Saint Lucia,Americas,Latin America and the Caribbean,Saint Lucia,Saint Lucia,Saint Lucia,Saint Lucia,,TRUE,662,662,Americas,Latin America and the Caribbean,Central America and the Caribbean,Central and South America
Saint Martin (French part),Americas,Latin America and the Caribbean,Saint Martin (French part),Saint Martin (French Part),,Saint Martin,France,TRUE,663,663,Americas,Latin America and the Caribbean,Central America and the Caribbean,,,Not listed by IRENA in main listings; is included in RE capacity statistics: https://www.irena.org/-/media/Files/IRENA/Agency/Publication/2021/Apr/IRENA_RE_Capacity_Statistics_2021.pdf
Saint Pierre and Miquelon,Americas,Northern America,Saint Pierre and Miquelon,Saint Pierre and Miquelon,Saint Pierre and Miquelon,Saint Pierre and Miquelon,France,TRUE,666,666,Americas,Northern America,North America,Central and South America,,Not listed by IRENA in main listings; is included in RE capacity statistics: https://www.irena.org/-/media/Files/IRENA/Agency/Publication/2021/Apr/IRENA_RE_Capacity_Statistics_2021.pdf
Saint Vincent and the Grenadines,Americas,Latin America and the Caribbean,Saint Vincent and the Grenadines,Saint Vincent and the Grenadines,Saint Vincent and Grenadines,Saint Vincent and the Grenadines,,TRUE,670,670,Americas,Latin America and the Caribbean,Central America and the Caribbean,Central and South America
Samoa,Oceania,Polynesia,Samoa,Samoa,Samoa,Samoa,,TRUE,882,882,Oceania,Polynesia,Oceania,Asia Pacific
San Marino,Europe,Southern Europe,San Marino,San Marino,,San Marino,,TRUE,674,674,Europe,Southern Europe,Europe,,,Not listed by IRENA in main listings; is included in RE capacity statistics: https://www.irena.org/-/media/Files/IRENA/Agency/Publication/2021/Apr/IRENA_RE_Capacity_Statistics_2021.pdf
Sao Tome and Principe,Africa,Sub-Saharan Africa,Sao Tome and Principe,Sao Tome and Principe,Sao Tome and Principe,Sao Tome and Principe,,TRUE,678,678,Africa,Sub-Saharan Africa,Africa,Africa,Sub-Saharan Africa
Sark,Europe,Northern Europe,,Sark,,,,,,680,Europe,Northern Europe,,,,"Not listed by ISO, IRENA, or IEA. It is a portion of Guernsey that is self-governing."
Saudi Arabia,Asia,Western Asia,Saudi Arabia,Saudi Arabia,Saudi Arabia,Saudi Arabia,,TRUE,682,682,Asia,Western Asia,Middle East,Middle East
Senegal,Africa,Sub-Saharan Africa,Senegal,Senegal,Senegal,Senegal,,TRUE,686,686,Africa,Sub-Saharan Africa,Africa,Africa,Sub-Saharan Africa
Serbia,Europe,Southern Europe,Serbia,Serbia,Serbia,Serbia,,TRUE,688,688,Europe,Southern Europe,Europe,Europe
Seychelles,Africa,Sub-Saharan Africa,Seychelles,Seychelles,Seychelles,Seychelles,,TRUE,690,690,Africa,Sub-Saharan Africa,Africa,Africa,Sub-Saharan Africa
Sierra Leone,Africa,Sub-Saharan Africa,Sierra Leone,Sierra Leone,Sierra Leone,Sierra Leone,,TRUE,694,694,Africa,Sub-Saharan Africa,Africa,Africa,Sub-Saharan Africa
Singapore,Asia,South-eastern Asia,Singapore,Singapore,Singapore,Singapore,,TRUE,702,702,Asia,South-eastern Asia,Asia,Asia Pacific,Southeast Asia
Sint Maarten (Dutch part),Americas,Latin America and the Caribbean,Sint Maarten (Dutch part),Sint Maarten (Dutch part),Saint Maarten,Sint Maarten,Netherlands,TRUE,534,534,Americas,Latin America and the Caribbean,Central America and the Caribbean,Central and South America,,Not listed by IRENA in main listings; is included in RE capacity statistics: https://www.irena.org/-/media/Files/IRENA/Agency/Publication/2021/Apr/IRENA_RE_Capacity_Statistics_2021.pdf
Slovakia,Europe,Eastern Europe,Slovakia,Slovakia,Slovak Republic,Slovakia,,TRUE,703,703,Europe,Eastern Europe,Europe,Europe,European Union
Slovenia,Europe,Southern Europe,Slovenia,Slovenia,Slovenia,Slovenia,,TRUE,705,705,Europe,Southern Europe,Europe,Europe,European Union
Solomon Islands,Oceania,Melanesia,Solomon Islands,Solomon Islands,Solomon Islands,Solomon Islands,,TRUE,90,90,Oceania,Melanesia,Oceania,Asia Pacific
Somalia,Africa,Sub-Saharan Africa,Somalia,Somalia,Somalia,Somalia,,TRUE,706,706,Africa,Sub-Saharan Africa,Africa,Africa,Sub-Saharan Africa
South Africa,Africa,Sub-Saharan Africa,South Africa,South Africa,South Africa,South Africa,,TRUE,710,710,Africa,Sub-Saharan Africa,Africa,Africa,Sub-Saharan Africa
South Georgia and the South Sandwich Islands,Americas,Latin America and the Caribbean,South Georgia and the South Sandwich Islands,South Georgia and the South Sandwich Islands,,"South Georgia and the South
Sandwich Islands",United Kingdom,TRUE,239,239,Americas,Latin America and the Caribbean,South America,,,Not listed by IRENA in main listings; is included in RE capacity statistics: https://www.irena.org/-/media/Files/IRENA/Agency/Publication/2021/Apr/IRENA_RE_Capacity_Statistics_2021.pdf
South Korea,Asia,Eastern Asia,Korea (the Republic of),Republic of Korea,Korea,Republic of Korea,,FALSE,410,410,Asia,Eastern Asia,Asia,Asia Pacific
South Sudan,Africa,Sub-Saharan Africa,South Sudan,South Sudan,South Sudan,South Sudan,,TRUE,728,728,Africa,Sub-Saharan Africa,Africa,Africa,Sub-Saharan Africa
Spain,Europe,Southern Europe,Spain,Spain,Spain,Spain,,TRUE,724,724,Europe,Southern Europe,Europe,Europe,European Union
Sri Lanka,Asia,Southern Asia,Sri Lanka,Sri Lanka,Sri Lanka,Sri Lanka,,TRUE,144,144,Asia,Southern Asia,Asia,Asia Pacific
Sudan,Africa,Northern Africa,Sudan (the),Sudan,Sudan,Sudan,,FALSE,729,729,Africa,Northern Africa,Africa,Africa,Sub-Saharan Africa
Suriname,Americas,Latin America and the Caribbean,Suriname,Suriname,Suriname,Suriname,,TRUE,740,740,Americas,Latin America and the Caribbean,South America,Central and South America
Svalbard and Jan Mayen,Europe,Northern Europe,Svalbard and Jan Mayen,Svalbard and Jan Mayen Islands,,,Norway,TRUE,744,744,Europe,Northern Europe,,,,Not listed by IRENA
Sweden,Europe,Northern Europe,Sweden,Sweden,Sweden,Sweden,,TRUE,752,752,Europe,Northern Europe,Europe,Europe,European Union
Switzerland,Europe,Western Europe,Switzerland,Switzerland,Switzerland,Switzerland,,TRUE,756,756,Europe,Western Europe,Europe,Europe
Syria,Asia,Western Asia,Syrian Arab Republic (the),Syrian Arab Republic,Syrian Arab Republic (Syria),Syrian Arab Republic,,FALSE,760,760,Asia,Western Asia,Middle East,Middle East
Taiwan,Asia,Eastern Asia,Taiwan (Province of China),,Chinese Taipei,Chinese Taipei,Disputed / China,FALSE,158,,,,,Asia Pacific,,Not listed by UN. Not listed by IRENA in main listings; is included in RE capacity statistics: https://www.irena.org/-/media/Files/IRENA/Agency/Publication/2021/Apr/IRENA_RE_Capacity_Statistics_2021.pdf
Tajikistan,Asia,Central Asia,Tajikistan,Tajikistan,Tajikistan,Tajikistan,,TRUE,762,762,Asia,Central Asia,Asia,Eurasia,Caspian
Tanzania,Africa,Sub-Saharan Africa,"Tanzania, the United Republic of",United Republic of Tanzania,United Republic of Tanzania (Tanzania),United Republic of Tanzania,,FALSE,834,834,Africa,Sub-Saharan Africa,Africa,Africa,Sub-Saharan Africa
Thailand,Asia,South-eastern Asia,Thailand,Thailand,Thailand,Thailand,,TRUE,764,764,Asia,South-eastern Asia,Asia,Asia Pacific,Southeast Asia
The Gambia,Africa,Sub-Saharan Africa,Gambia (the),Gambia,Gambia,Gambia,,FALSE,270,270,Africa,Sub-Saharan Africa,Africa,Africa,Sub-Saharan Africa
Timor-Leste,Asia,South-eastern Asia,Timor-Leste,Timor-Leste,Timor‐Leste,Timor-Leste,,TRUE,626,626,Asia,South-eastern Asia,Asia,Asia Pacific,,IEA country uses a different kind of dash than others
Togo,Africa,Sub-Saharan Africa,Togo,Togo,Togo,Togo,,TRUE,768,768,Africa,Sub-Saharan Africa,Africa,Africa,Sub-Saharan Africa
Tokelau,Oceania,Polynesia,Tokelau,Tokelau,,Tokelau,New Zealand,TRUE,772,772,Oceania,Polynesia,Tokelau,,,Not listed by IRENA in main listings; is included in RE capacity statistics: https://www.irena.org/-/media/Files/IRENA/Agency/Publication/2021/Apr/IRENA_RE_Capacity_Statistics_2021.pdf
Tonga,Oceania,Polynesia,Tonga,Tonga,Tonga,Tonga,,TRUE,776,776,Oceania,Polynesia,Oceania,Asia Pacific
Trinidad and Tobago,Americas,Latin America and the Caribbean,Trinidad and Tobago,Trinidad and Tobago,Trinidad and Tobago,Trinidad and Tobago,,TRUE,780,780,Americas,Latin America and the Caribbean,Central America and the Caribbean,Central and South America
Tunisia,Africa,Northern Africa,Tunisia,Tunisia,Tunisia,Tunisia,,TRUE,788,788,Africa,Northern Africa,Africa,Africa,North Africa
Türkiye,Asia,Western Asia,Turkey,Türkiye,Türkiye,Türkiye,,FALSE,792,792,Asia,Western Asia,Eurasia,Europe
Turkmenistan,Asia,Central Asia,Turkmenistan,Turkmenistan,Turkmenistan,Turkmenistan,,TRUE,795,795,Asia,Central Asia,Asia,Eurasia,Caspian
Turks and Caicos Islands,Americas,Latin America and the Caribbean,Turks and Caicos Islands (the),Turks and Caicos Islands,Turks and Caicos Islands,Turks and Caicos Islands,United Kingdom,FALSE,796,796,Americas,Latin America and the Caribbean,Central America and the Caribbean,Central and South America,,Not listed by IRENA in main listings; is included in RE capacity statistics: https://www.irena.org/-/media/Files/IRENA/Agency/Publication/2021/Apr/IRENA_RE_Capacity_Statistics_2021.pdf
Tuvalu,Oceania,Polynesia,Tuvalu,Tuvalu,,Tuvalu,,TRUE,798,798,Oceania,Polynesia,Oceania,,,Not listed by IEA
Uganda,Africa,Sub-Saharan Africa,Uganda,Uganda,Uganda,Uganda,,TRUE,800,800,Africa,Sub-Saharan Africa,Africa,Africa,Sub-Saharan Africa
Ukraine,Europe,Eastern Europe,Ukraine,Ukraine,Ukraine,Ukraine,,TRUE,804,804,Europe,Eastern Europe,Europe,Europe
United Arab Emirates,Asia,Western Asia,United Arab Emirates (the),United Arab Emirates,United Arab Emirates,United Arab Emirates,,FALSE,784,784,Asia,Western Asia,Middle East,Middle East
United Kingdom,Europe,Northern Europe,United Kingdom of Great Britain and Northern Ireland (the),United Kingdom of Great Britain and Northern Ireland,United Kingdom,United Kingdom of Great Britain and Northern Ireland,,FALSE,826,826,Europe,Northern Europe,Europe,Europe
United States,Americas,Northern America,United States of America (the),United States of America,United States,United States of America,,FALSE,840,840,Americas,Northern America,North America,North America
United States Minor Outlying Islands,Oceania,Micronesia,United States Minor Outlying Islands (the),United States Minor Outlying Islands,,,United States,FALSE,581,581,Oceania,Micronesia,,,,Not listed by IRENA
Uruguay,Americas,Latin America and the Caribbean,Uruguay,Uruguay,Uruguay,Uruguay,,TRUE,858,858,Americas,Latin America and the Caribbean,South America,Central and South America
Uzbekistan,Asia,Central Asia,Uzbekistan,Uzbekistan,Uzbekistan,Uzbekistan,,TRUE,860,860,Asia,Central Asia,Asia,Eurasia,Caspian
Vanuatu,Oceania,Melanesia,Vanuatu,Vanuatu,Vanuatu,Vanuatu,,TRUE,548,548,Oceania,Melanesia,Oceania,Asia Pacific
Venezuela,Americas,Latin America and the Caribbean,Venezuela (Bolivarian Republic of),Venezuela (Bolivarian Republic of),Bolivarian Republic of Venezuela (Venezuela),Venezuela (Bolivarian Republic of),,FALSE,862,862,Americas,Latin America and the Caribbean,South America,Central and South America
Vietnam,Asia,South-eastern Asia,Viet Nam,Viet Nam,VietNam,Viet Nam,,FALSE,704,704,Asia,South-eastern Asia,Asia,Asia Pacific,Southeast Asia
Virgin Islands (British),Americas,Latin America and the Caribbean,Virgin Islands (British),British Virgin Islands,British Virgin Islands,British Virgin Islands,United Kingdom,TRUE,92,92,Americas,Latin America and the Caribbean,Central America and the Caribbean,Central and South America
Virgin Islands (U.S.),Americas,Latin America and the Caribbean,Virgin Islands (U.S.),United States Virgin Islands,,United States Virgin Islands,United States,TRUE,850,850,Americas,Latin America and the Caribbean,Central America and the Caribbean,,,Not listed by IRENA in main listings; is included in RE capacity statistics: https://www.irena.org/-/media/Files/IRENA/Agency/Publication/2021/Apr/IRENA_RE_Capacity_Statistics_2021.pdf
Wallis and Futuna,Oceania,Polynesia,Wallis and Futuna,Wallis and Futuna Islands,,Wallis and Futuna Islands,France,TRUE,876,876,Oceania,Polynesia,Oceania,,,Not listed by IRENA in main listings; is included in RE capacity statistics: https://www.irena.org/-/media/Files/IRENA/Agency/Publication/2021/Apr/IRENA_RE_Capacity_Statistics_2021.pdf
Western Sahara,Africa,Northern Africa,Western Sahara,Western Sahara,,Western Sahara,Disputed / Morocco,TRUE,732,732,Africa,Northern Africa,,,,Not listed by IRENA in main listings; is included in RE capacity statistics: https://www.irena.org/-/media/Files/IRENA/Agency/Publication/2021/Apr/IRENA_RE_Capacity_Statistics_2021.pdf
Yemen,Asia,Western Asia,Yemen,Yemen,Yemen,Yemen,,TRUE,887,887,Asia,Western Asia,Middle East,Middle East
Zambia,Africa,Sub-Saharan Africa,Zambia,Zambia,Zambia,Zambia,,TRUE,894,894,Africa,Sub-Saharan Africa,Africa,Africa,Sub-Saharan Africa
Zimbabwe,Africa,Sub-Saharan Africa,Zimbabwe,Zimbabwe,Zimbabwe,Zimbabwe,,TRUE,716,716,Africa,Sub-Saharan Africa,Africa,Africa,Sub-Saharan Africa
