Country ISO 3166-1 alpha-2,Country ISO 3166-1 numeric,Subdivision ISO 3166-2 code,subdivision_code,GEM Standard Subnational Name,Subdivision ISO 3166-2 name,Subdivision ISO 3166-2 category,GEM notes
AZ,031,NX,AZ-NX,#N/A,Naxçıvan,autonomous republic
BD,050,01,BD-01,#N/A,Bandarban,district
BD,050,02,BD-02,#N/A,Barguna,district
BD,050,03,BD-03,#N/A,Bogura,district
BD,050,04,BD-04,#N/A,Brahmanbaria,district
BD,050,05,BD-05,#N/A,Bagerhat,district
BD,050,06,BD-06,#N/A,Barishal,district
BD,050,07,BD-07,#N/A,Bhola,district
BD,050,08,BD-08,#N/A,Cumilla,district
BD,050,09,BD-09,#N/A,Chandpur,district
BD,050,10,BD-10,#N/A,Chattogram,district
BD,050,11,BD-11,#N/A,Cox's Bazar,district
BD,050,12,BD-12,#N/A,Chuadanga,district
BD,050,13,BD-13,#N/A,Dhaka,district
BD,050,14,BD-14,#N/A,Dinajpur,district
BD,050,15,BD-15,#N/A,Faridpur,district
BD,050,16,BD-16,#N/A,Feni,district
BD,050,17,BD-17,#N/A,Gopalganj,district
BD,050,18,BD-18,#N/A,Gazipur,district
BD,050,19,BD-19,#N/A,Gaibandha,district
BD,050,20,BD-20,#N/A,Habiganj,district
BD,050,21,BD-21,#N/A,Jamalpur,district
BD,050,22,BD-22,#N/A,Jashore,district
BD,050,23,BD-23,#N/A,Jhenaidah,district
BD,050,24,BD-24,#N/A,Joypurhat,district
BD,050,25,BD-25,#N/A,Jhalakathi,district
BD,050,26,BD-26,#N/A,Kishoreganj,district
BD,050,27,BD-27,#N/A,Khulna,district
BD,050,28,BD-28,#N/A,Kurigram,district
BD,050,29,BD-29,#N/A,Khagrachhari,district
BD,050,30,BD-30,#N/A,Kushtia,district
BD,050,31,BD-31,#N/A,Lakshmipur,district
BD,050,32,BD-32,#N/A,Lalmonirhat,district
BD,050,33,BD-33,#N/A,Manikganj,district
BD,050,34,BD-34,#N/A,Mymensingh,district
BD,050,35,BD-35,#N/A,Munshiganj,district
BD,050,36,BD-36,#N/A,Madaripur,district
BD,050,37,BD-37,#N/A,Magura,district
BD,050,38,BD-38,#N/A,Moulvibazar,district
BD,050,39,BD-39,#N/A,Meherpur,district
BD,050,40,BD-40,#N/A,Narayanganj,district
BD,050,41,BD-41,#N/A,Netrakona,district
BD,050,42,BD-42,#N/A,Narsingdi,district
BD,050,43,BD-43,#N/A,Narail,district
BD,050,44,BD-44,#N/A,Natore,district
BD,050,45,BD-45,#N/A,Chapai Nawabganj,district
BD,050,46,BD-46,#N/A,Nilphamari,district
BD,050,47,BD-47,#N/A,Noakhali,district
BD,050,48,BD-48,#N/A,Naogaon,district
BD,050,49,BD-49,#N/A,Pabna,district
BD,050,50,BD-50,#N/A,Pirojpur,district
BD,050,51,BD-51,#N/A,Patuakhali,district
BD,050,52,BD-52,#N/A,Panchagarh,district
BD,050,53,BD-53,#N/A,Rajbari,district
BD,050,54,BD-54,#N/A,Rajshahi,district
BD,050,55,BD-55,#N/A,Rangpur,district
BD,050,56,BD-56,#N/A,Rangamati,district
BD,050,57,BD-57,#N/A,Sherpur,district
BD,050,58,BD-58,#N/A,Satkhira,district
BD,050,59,BD-59,#N/A,Sirajganj,district
BD,050,60,BD-60,#N/A,Sylhet,district
BD,050,61,BD-61,#N/A,Sunamganj,district
BD,050,62,BD-62,#N/A,Shariatpur,district
BD,050,63,BD-63,#N/A,Tangail,district
BD,050,64,BD-64,#N/A,Thakurgaon,district
BE,056,VAN,BE-VAN,#N/A,Antwerpen,province
BE,056,VBR,BE-VBR,#N/A,Vlaams Brabant,province
BE,056,VLI,BE-VLI,#N/A,Limburg,province
BE,056,VOV,BE-VOV,#N/A,Oost-Vlaanderen,province
BE,056,VWV,BE-VWV,#N/A,West-Vlaanderen,province
BE,056,WBR,BE-WBR,#N/A,Brabant wallon,province
BE,056,WHT,BE-WHT,#N/A,Hainaut,province
BE,056,WLG,BE-WLG,#N/A,Liège,province
BE,056,WLX,BE-WLX,#N/A,Luxembourg,province
BE,056,WNA,BE-WNA,#N/A,Namur,province
BF,854,BAL,BF-BAL,#N/A,Balé,province
BF,854,BAM,BF-BAM,#N/A,Bam,province
BF,854,BAN,BF-BAN,#N/A,Banwa,province
BF,854,BAZ,BF-BAZ,#N/A,Bazèga,province
BF,854,BGR,BF-BGR,#N/A,Bougouriba,province
BF,854,BLG,BF-BLG,#N/A,Boulgou,province
BF,854,BLK,BF-BLK,#N/A,Boulkiemdé,province
BF,854,COM,BF-COM,#N/A,Comoé,province
BF,854,GAN,BF-GAN,#N/A,Ganzourgou,province
BF,854,GNA,BF-GNA,#N/A,Gnagna,province
BF,854,GOU,BF-GOU,#N/A,Gourma,province
BF,854,HOU,BF-HOU,#N/A,Houet,province
BF,854,IOB,BF-IOB,#N/A,Ioba,province
BF,854,KAD,BF-KAD,#N/A,Kadiogo,province
BF,854,KEN,BF-KEN,#N/A,Kénédougou,province
BF,854,KMD,BF-KMD,#N/A,Komondjari,province
BF,854,KMP,BF-KMP,#N/A,Kompienga,province
BF,854,KOP,BF-KOP,#N/A,Koulpélogo,province
BF,854,KOS,BF-KOS,#N/A,Kossi,province
BF,854,KOT,BF-KOT,#N/A,Kouritenga,province
BF,854,KOW,BF-KOW,#N/A,Kourwéogo,province
BF,854,LER,BF-LER,#N/A,Léraba,province
BF,854,LOR,BF-LOR,#N/A,Loroum,province
BF,854,MOU,BF-MOU,#N/A,Mouhoun,province
BF,854,NAM,BF-NAM,#N/A,Namentenga,province
BF,854,NAO,BF-NAO,#N/A,Nahouri,province
BF,854,NAY,BF-NAY,#N/A,Nayala,province
BF,854,NOU,BF-NOU,#N/A,Noumbiel,province
BF,854,OUB,BF-OUB,#N/A,Oubritenga,province
BF,854,OUD,BF-OUD,#N/A,Oudalan,province
BF,854,PAS,BF-PAS,#N/A,Passoré,province
BF,854,PON,BF-PON,#N/A,Poni,province
BF,854,SEN,BF-SEN,#N/A,Séno,province
BF,854,SIS,BF-SIS,#N/A,Sissili,province
BF,854,SMT,BF-SMT,#N/A,Sanmatenga,province
BF,854,SNG,BF-SNG,#N/A,Sanguié,province
BF,854,SOM,BF-SOM,#N/A,Soum,province
BF,854,SOR,BF-SOR,#N/A,Sourou,province
BF,854,TAP,BF-TAP,#N/A,Tapoa,province
BF,854,TUI,BF-TUI,#N/A,Tuy,province
BF,854,YAG,BF-YAG,#N/A,Yagha,province
BF,854,YAT,BF-YAT,#N/A,Yatenga,province
BF,854,ZIR,BF-ZIR,#N/A,Ziro,province
BF,854,ZON,BF-ZON,#N/A,Zondoma,province
BF,854,ZOU,BF-ZOU,#N/A,Zoundwéogo,province
CN,156,HK,CN-HK,#N/A,Hong Kong SAR,special administrative region
CN,156,MO,CN-MO,#N/A,Macao SAR,special administrative region
CN,156,TW,CN-TW,#N/A,Taiwan Sheng,province
CU,192,02,CU-02,#N/A,La Habana,province
DO,214,33,DO-33,#N/A,Cibao Nordeste,region
DO,214,34,DO-34,#N/A,Cibao Noroeste,region
DO,214,35,DO-35,#N/A,Cibao Norte,region
DO,214,36,DO-36,#N/A,Cibao Sur,region
DO,214,37,DO-37,#N/A,El Valle,region
DO,214,38,DO-38,#N/A,Enriquillo,region
DO,214,39,DO-39,#N/A,Higuamo,region
DO,214,40,DO-40,#N/A,Ozama,region
DO,214,41,DO-41,#N/A,Valdesia,region
DO,214,42,DO-42,#N/A,Yuma,region
ES,724,A,ES-A,#N/A,Alicante / Alacant,province
ES,724,AB,ES-AB,#N/A,Albacete,province
ES,724,AL,ES-AL,#N/A,Almería,province
ES,724,AV,ES-AV,#N/A,Ávila,province
ES,724,B,ES-B,#N/A,Barcelona [Barcelona],province
ES,724,BA,ES-BA,#N/A,Badajoz,province
ES,724,BI,ES-BI,#N/A,Biskaia,province
ES,724,BU,ES-BU,#N/A,Burgos,province
ES,724,C,ES-C,#N/A,A Coruña [La Coruña],province
ES,724,CA,ES-CA,#N/A,Cádiz,province
ES,724,CC,ES-CC,#N/A,Cáceres,province
ES,724,CO,ES-CO,#N/A,Córdoba,province
ES,724,CR,ES-CR,#N/A,Ciudad Real,province
ES,724,CS,ES-CS,#N/A,Castellón / Castelló,province
ES,724,CU,ES-CU,#N/A,Cuenca,province
ES,724,GC,ES-GC,#N/A,Las Palmas,province
ES,724,GI,ES-GI,#N/A,Girona [Gerona],province
ES,724,GR,ES-GR,#N/A,Granada,province
ES,724,GU,ES-GU,#N/A,Guadalajara,province
ES,724,H,ES-H,#N/A,Huelva,province
ES,724,HU,ES-HU,#N/A,Huesca,province
ES,724,J,ES-J,#N/A,Jaén,province
ES,724,L,ES-L,#N/A,Lleida [Lérida],province
ES,724,LE,ES-LE,#N/A,León,province
ES,724,LO,ES-LO,#N/A,La Rioja,province
ES,724,LU,ES-LU,#N/A,Lugo [Lugo],province
ES,724,M,ES-M,#N/A,Madrid,province
ES,724,MA,ES-MA,#N/A,Málaga,province
ES,724,MU,ES-MU,#N/A,Murcia,province
ES,724,NA,ES-NA,#N/A,Navarra / Nafarroa,province
ES,724,O,ES-O,#N/A,Asturias,province
ES,724,OR,ES-OR,#N/A,Ourense [Orense],province
ES,724,P,ES-P,#N/A,Palencia,province
ES,724,PM,ES-PM,#N/A,Illes Balears [Islas Baleares],province
ES,724,PO,ES-PO,#N/A,Pontevedra [Pontevedra],province
ES,724,S,ES-S,#N/A,Cantabria,province
ES,724,SA,ES-SA,#N/A,Salamanca,province
ES,724,SE,ES-SE,#N/A,Sevilla,province
ES,724,SG,ES-SG,#N/A,Segovia,province
ES,724,SO,ES-SO,#N/A,Soria,province
ES,724,SS,ES-SS,#N/A,Gipuzkoa,province
ES,724,T,ES-T,#N/A,Tarragona [Tarragona],province
ES,724,TE,ES-TE,#N/A,Teruel,province
ES,724,TF,ES-TF,#N/A,Santa Cruz de Tenerife,province
ES,724,TO,ES-TO,#N/A,Toledo,province
ES,724,V,ES-V,#N/A,Valencia / València,province
ES,724,VA,ES-VA,#N/A,Valladolid,province
ES,724,VI,ES-VI,#N/A,Álava / Araba,province
ES,724,Z,ES-Z,#N/A,Zaragoza,province
ES,724,ZA,ES-ZA,#N/A,Zamora,province
FJ,242,01,FJ-01,#N/A,Ba,province
FJ,242,02,FJ-02,#N/A,Bua,province
FJ,242,03,FJ-03,#N/A,Cakaudrove,province
FJ,242,04,FJ-04,#N/A,Kadavu,province
FJ,242,05,FJ-05,#N/A,Lau,province
FJ,242,06,FJ-06,#N/A,Lomaiviti,province
FJ,242,07,FJ-07,#N/A,Macuata,province
FJ,242,08,FJ-08,#N/A,Nadroga and Navosa,province
FJ,242,09,FJ-09,#N/A,Naitasiri,province
FJ,242,10,FJ-10,#N/A,Namosi,province
FJ,242,11,FJ-11,#N/A,Ra,province
FJ,242,12,FJ-12,#N/A,Rewa,province
FJ,242,13,FJ-13,#N/A,Serua,province
FJ,242,14,FJ-14,#N/A,Tailevu,province
FR,250,01,FR-01,#N/A,Ain,metropolitan department
FR,250,02,FR-02,#N/A,Aisne,metropolitan department
FR,250,03,FR-03,#N/A,Allier,metropolitan department
FR,250,04,FR-04,#N/A,Alpes-de-Haute-Provence,metropolitan department
FR,250,05,FR-05,#N/A,Hautes-Alpes,metropolitan department
FR,250,06,FR-06,#N/A,Alpes-Maritimes,metropolitan department
FR,250,07,FR-07,#N/A,Ardèche,metropolitan department
FR,250,08,FR-08,#N/A,Ardennes,metropolitan department
FR,250,09,FR-09,#N/A,Ariège,metropolitan department
FR,250,10,FR-10,#N/A,Aube,metropolitan department
FR,250,11,FR-11,#N/A,Aude,metropolitan department
FR,250,12,FR-12,#N/A,Aveyron,metropolitan department
FR,250,13,FR-13,#N/A,Bouches-du-Rhône,metropolitan department
FR,250,14,FR-14,#N/A,Calvados,metropolitan department
FR,250,15,FR-15,#N/A,Cantal,metropolitan department
FR,250,16,FR-16,#N/A,Charente,metropolitan department
FR,250,17,FR-17,#N/A,Charente-Maritime,metropolitan department
FR,250,18,FR-18,#N/A,Cher,metropolitan department
FR,250,19,FR-19,#N/A,Corrèze,metropolitan department
FR,250,21,FR-21,#N/A,Côte-d'Or,metropolitan department
FR,250,22,FR-22,#N/A,Côtes-d'Armor,metropolitan department
FR,250,23,FR-23,#N/A,Creuse,metropolitan department
FR,250,24,FR-24,#N/A,Dordogne,metropolitan department
FR,250,25,FR-25,#N/A,Doubs,metropolitan department
FR,250,26,FR-26,#N/A,Drôme,metropolitan department
FR,250,27,FR-27,#N/A,Eure,metropolitan department
FR,250,28,FR-28,#N/A,Eure-et-Loir,metropolitan department
FR,250,29,FR-29,#N/A,Finistère,metropolitan department
FR,250,30,FR-30,#N/A,Gard,metropolitan department
FR,250,31,FR-31,#N/A,Haute-Garonne,metropolitan department
FR,250,32,FR-32,#N/A,Gers,metropolitan department
FR,250,33,FR-33,#N/A,Gironde,metropolitan department
FR,250,34,FR-34,#N/A,Hérault,metropolitan department
FR,250,35,FR-35,#N/A,Ille-et-Vilaine,metropolitan department
FR,250,36,FR-36,#N/A,Indre,metropolitan department
FR,250,37,FR-37,#N/A,Indre-et-Loire,metropolitan department
FR,250,38,FR-38,#N/A,Isère,metropolitan department
FR,250,39,FR-39,#N/A,Jura,metropolitan department
FR,250,40,FR-40,#N/A,Landes,metropolitan department
FR,250,41,FR-41,#N/A,Loir-et-Cher,metropolitan department
FR,250,42,FR-42,#N/A,Loire,metropolitan department
FR,250,43,FR-43,#N/A,Haute-Loire,metropolitan department
FR,250,44,FR-44,#N/A,Loire-Atlantique,metropolitan department
FR,250,45,FR-45,#N/A,Loiret,metropolitan department
FR,250,46,FR-46,#N/A,Lot,metropolitan department
FR,250,47,FR-47,#N/A,Lot-et-Garonne,metropolitan department
FR,250,48,FR-48,#N/A,Lozère,metropolitan department
FR,250,49,FR-49,#N/A,Maine-et-Loire,metropolitan department
FR,250,50,FR-50,#N/A,Manche,metropolitan department
FR,250,51,FR-51,#N/A,Marne,metropolitan department
FR,250,52,FR-52,#N/A,Haute-Marne,metropolitan department
FR,250,53,FR-53,#N/A,Mayenne,metropolitan department
FR,250,54,FR-54,#N/A,Meurthe-et-Moselle,metropolitan department
FR,250,55,FR-55,#N/A,Meuse,metropolitan department
FR,250,56,FR-56,#N/A,Morbihan,metropolitan department
FR,250,57,FR-57,#N/A,Moselle,metropolitan department
FR,250,58,FR-58,#N/A,Nièvre,metropolitan department
FR,250,59,FR-59,#N/A,Nord,metropolitan department
FR,250,60,FR-60,#N/A,Oise,metropolitan department
FR,250,61,FR-61,#N/A,Orne,metropolitan department
FR,250,62,FR-62,#N/A,Pas-de-Calais,metropolitan department
FR,250,63,FR-63,#N/A,Puy-de-Dôme,metropolitan department
FR,250,64,FR-64,#N/A,Pyrénées-Atlantiques,metropolitan department
FR,250,65,FR-65,#N/A,Hautes-Pyrénées,metropolitan department
FR,250,66,FR-66,#N/A,Pyrénées-Orientales,metropolitan department
FR,250,67,FR-67,#N/A,Bas-Rhin,metropolitan department
FR,250,68,FR-68,#N/A,Haut-Rhin,metropolitan department
FR,250,69,FR-69,#N/A,Rhône,metropolitan department
FR,250,70,FR-70,#N/A,Haute-Saône,metropolitan department
FR,250,71,FR-71,#N/A,Saône-et-Loire,metropolitan department
FR,250,72,FR-72,#N/A,Sarthe,metropolitan department
FR,250,73,FR-73,#N/A,Savoie,metropolitan department
FR,250,74,FR-74,#N/A,Haute-Savoie,metropolitan department
FR,250,76,FR-76,#N/A,Seine-Maritime,metropolitan department
FR,250,77,FR-77,#N/A,Seine-et-Marne,metropolitan department
FR,250,78,FR-78,#N/A,Yvelines,metropolitan department
FR,250,79,FR-79,#N/A,Deux-Sèvres,metropolitan department
FR,250,80,FR-80,#N/A,Somme,metropolitan department
FR,250,81,FR-81,#N/A,Tarn,metropolitan department
FR,250,82,FR-82,#N/A,Tarn-et-Garonne,metropolitan department
FR,250,83,FR-83,#N/A,Var,metropolitan department
FR,250,84,FR-84,#N/A,Vaucluse,metropolitan department
FR,250,85,FR-85,#N/A,Vendée,metropolitan department
FR,250,86,FR-86,#N/A,Vienne,metropolitan department
FR,250,87,FR-87,#N/A,Haute-Vienne,metropolitan department
FR,250,88,FR-88,#N/A,Vosges,metropolitan department
FR,250,89,FR-89,#N/A,Yonne,metropolitan department
FR,250,90,FR-90,#N/A,Territoire de Belfort,metropolitan department
FR,250,91,FR-91,#N/A,Essonne,metropolitan department
FR,250,92,FR-92,#N/A,Hauts-de-Seine,metropolitan department
FR,250,93,FR-93,#N/A,Seine-Saint-Denis,metropolitan department
FR,250,94,FR-94,#N/A,Val-de-Marne,metropolitan department
FR,250,95,FR-95,#N/A,Val-d'Oise,metropolitan department
FR,250,2A,FR-2A,#N/A,Corse-du-Sud,metropolitan department
FR,250,2B,FR-2B,#N/A,Haute-Corse,metropolitan department
FR,250,69M,FR-69M,#N/A,Métropole de Lyon,metropolitan collectivity with special status
FR,250,6AE,FR-6AE,#N/A,Alsace,European collectivity
FR,250,75C,FR-75C,#N/A,Paris,metropolitan collectivity with special status
FR,250,H,FR-H,#N/A,Corse,metropolitan region
GB,826,ABC,GB-ABC,#N/A,"Armagh City, Banbridge and Craigavon",district
GB,826,ABD,GB-ABD,#N/A,Aberdeenshire,council area
GB,826,ABE,GB-ABE,#N/A,Aberdeen City,council area
GB,826,AGB,GB-AGB,#N/A,Argyll and Bute,council area
GB,826,AGY,GB-AGY,#N/A,Isle of Anglesey [Sir Ynys Môn GB-YNM],unitary authority
GB,826,AND,GB-AND,#N/A,Ards and North Down,district
GB,826,ANN,GB-ANN,#N/A,Antrim and Newtownabbey,district
GB,826,ANS,GB-ANS,#N/A,Angus,council area
GB,826,BAS,GB-BAS,#N/A,Bath and North East Somerset,unitary authority
GB,826,BBD,GB-BBD,#N/A,Blackburn with Darwen,unitary authority
GB,826,BCP,GB-BCP,#N/A,"Bournemouth, Christchurch and Poole",unitary authority
GB,826,BDF,GB-BDF,#N/A,Bedford,council area
GB,826,BDG,GB-BDG,#N/A,Barking and Dagenham,London borough
GB,826,BEN,GB-BEN,#N/A,Brent,council area
GB,826,BEX,GB-BEX,#N/A,Bexley,council area
GB,826,BFS,GB-BFS,#N/A,Belfast City,district
GB,826,BGE,GB-BGE,#N/A,Bridgend [Pen-y-bont ar Ogwr GB-POG],unitary authority
GB,826,BGW,GB-BGW,#N/A,Blaenau Gwent,unitary authority
GB,826,BIR,GB-BIR,#N/A,Birmingham,council area
GB,826,BKM,GB-BKM,#N/A,Buckinghamshire,unitary authority
GB,826,BNE,GB-BNE,#N/A,Barnet,council area
GB,826,BNH,GB-BNH,#N/A,Brighton and Hove,unitary authority
GB,826,BNS,GB-BNS,#N/A,Barnsley,council area
GB,826,BOL,GB-BOL,#N/A,Bolton,council area
GB,826,BPL,GB-BPL,#N/A,Blackpool,unitary authority
GB,826,BRC,GB-BRC,#N/A,Bracknell Forest,unitary authority
GB,826,BRD,GB-BRD,#N/A,Bradford,council area
GB,826,BRY,GB-BRY,#N/A,Bromley,council area
GB,826,BST,GB-BST,#N/A,"Bristol, City of",unitary authority
GB,826,BUR,GB-BUR,#N/A,Bury,council area
GB,826,CAM,GB-CAM,#N/A,Cambridgeshire,county
GB,826,CAY,GB-CAY,#N/A,Caerphilly [Caerffili GB-CAF],unitary authority
GB,826,CBF,GB-CBF,#N/A,Central Bedfordshire,unitary authority
GB,826,CCG,GB-CCG,#N/A,Causeway Coast and Glens,district
GB,826,CGN,GB-CGN,#N/A,Ceredigion [Sir Ceredigion],unitary authority
GB,826,CHE,GB-CHE,#N/A,Cheshire East,unitary authority
GB,826,CHW,GB-CHW,#N/A,Cheshire West and Chester,unitary authority
GB,826,CLD,GB-CLD,#N/A,Calderdale,council area
GB,826,CLK,GB-CLK,#N/A,Clackmannanshire,council area
GB,826,CMA,GB-CMA,#N/A,Cumbria,county
GB,826,CMD,GB-CMD,#N/A,Camden,council area
GB,826,CMN,GB-CMN,#N/A,Carmarthenshire [Sir Gaerfyrddin GB-GFY],unitary authority
GB,826,CON,GB-CON,#N/A,Cornwall,unitary authority
GB,826,COV,GB-COV,#N/A,Coventry,council area
GB,826,CRF,GB-CRF,#N/A,Cardiff [Caerdydd GB-CRD],unitary authority
GB,826,CRY,GB-CRY,#N/A,Croydon,council area
GB,826,CWY,GB-CWY,#N/A,Conwy,unitary authority
GB,826,DAL,GB-DAL,#N/A,Darlington,unitary authority
GB,826,DBY,GB-DBY,#N/A,Derbyshire,county
GB,826,DEN,GB-DEN,#N/A,Denbighshire [Sir Ddinbych GB-DDB],unitary authority
GB,826,DER,GB-DER,#N/A,Derby,unitary authority
GB,826,DEV,GB-DEV,#N/A,Devon,county
GB,826,DGY,GB-DGY,#N/A,Dumfries and Galloway,council area
GB,826,DNC,GB-DNC,#N/A,Doncaster,council area
GB,826,DND,GB-DND,#N/A,Dundee City,council area
GB,826,DOR,GB-DOR,#N/A,Dorset,county
GB,826,DRS,GB-DRS,#N/A,Derry and Strabane,district
GB,826,DUD,GB-DUD,#N/A,Dudley,council area
GB,826,DUR,GB-DUR,#N/A,"Durham, County",unitary authority
GB,826,EAL,GB-EAL,#N/A,Ealing,council area
GB,826,EAY,GB-EAY,#N/A,East Ayrshire,council area
GB,826,EDH,GB-EDH,#N/A,"Edinburgh, City of",council area
GB,826,EDU,GB-EDU,#N/A,East Dunbartonshire,council area
GB,826,ELN,GB-ELN,#N/A,East Lothian,council area
GB,826,ELS,GB-ELS,#N/A,Eilean Siar,council area
GB,826,ENF,GB-ENF,#N/A,Enfield,council area
GB,826,ERW,GB-ERW,#N/A,East Renfrewshire,council area
GB,826,ERY,GB-ERY,#N/A,East Riding of Yorkshire,unitary authority
GB,826,ESS,GB-ESS,#N/A,Essex,county
GB,826,ESX,GB-ESX,#N/A,East Sussex,county
GB,826,FAL,GB-FAL,#N/A,Falkirk,council area
GB,826,FIF,GB-FIF,#N/A,Fife,council area
GB,826,FLN,GB-FLN,#N/A,Flintshire [Sir y Fflint GB-FFL],unitary authority
GB,826,FMO,GB-FMO,#N/A,Fermanagh and Omagh,district
GB,826,GAT,GB-GAT,#N/A,Gateshead,council area
GB,826,GLG,GB-GLG,#N/A,Glasgow City,council area
GB,826,GLS,GB-GLS,#N/A,Gloucestershire,county
GB,826,GRE,GB-GRE,#N/A,Greenwich,council area
GB,826,GWN,GB-GWN,#N/A,Gwynedd,unitary authority
GB,826,HAL,GB-HAL,#N/A,Halton,unitary authority
GB,826,HAM,GB-HAM,#N/A,Hampshire,county
GB,826,HAV,GB-HAV,#N/A,Havering,council area
GB,826,HCK,GB-HCK,#N/A,Hackney,council area
GB,826,HEF,GB-HEF,#N/A,Herefordshire,unitary authority
GB,826,HIL,GB-HIL,#N/A,Hillingdon,council area
GB,826,HLD,GB-HLD,#N/A,Highland,council area
GB,826,HMF,GB-HMF,#N/A,Hammersmith and Fulham,council area
GB,826,HNS,GB-HNS,#N/A,Hounslow,council area
GB,826,HPL,GB-HPL,#N/A,Hartlepool,unitary authority
GB,826,HRT,GB-HRT,#N/A,Hertfordshire,county
GB,826,HRW,GB-HRW,#N/A,Harrow,council area
GB,826,HRY,GB-HRY,#N/A,Haringey,council area
GB,826,IOS,GB-IOS,#N/A,Isles of Scilly,unitary authority
GB,826,IOW,GB-IOW,#N/A,Isle of Wight,unitary authority
GB,826,ISL,GB-ISL,#N/A,Islington,council area
GB,826,IVC,GB-IVC,#N/A,Inverclyde,council area
GB,826,KEC,GB-KEC,#N/A,Kensington and Chelsea,council area
GB,826,KEN,GB-KEN,#N/A,Kent,county
GB,826,KHL,GB-KHL,#N/A,Kingston upon Hull,unitary authority
GB,826,KIR,GB-KIR,#N/A,Kirklees,council area
GB,826,KTT,GB-KTT,#N/A,Kingston upon Thames,council area
GB,826,KWL,GB-KWL,#N/A,Knowsley,council area
GB,826,LAN,GB-LAN,#N/A,Lancashire,county
GB,826,LBC,GB-LBC,#N/A,Lisburn and Castlereagh,district
GB,826,LBH,GB-LBH,#N/A,Lambeth,council area
GB,826,LCE,GB-LCE,#N/A,Leicester,unitary authority
GB,826,LDS,GB-LDS,#N/A,Leeds,council area
GB,826,LEC,GB-LEC,#N/A,Leicestershire,county
GB,826,LEW,GB-LEW,#N/A,Lewisham,council area
GB,826,LIN,GB-LIN,#N/A,Lincolnshire,county
GB,826,LIV,GB-LIV,#N/A,Liverpool,council area
GB,826,LND,GB-LND,#N/A,"London, City of",city corporation
GB,826,LUT,GB-LUT,#N/A,Luton,unitary authority
GB,826,MAN,GB-MAN,#N/A,Manchester,council area
GB,826,MDB,GB-MDB,#N/A,Middlesbrough,unitary authority
GB,826,MDW,GB-MDW,#N/A,Medway,unitary authority
GB,826,MEA,GB-MEA,#N/A,Mid and East Antrim,district
GB,826,MIK,GB-MIK,#N/A,Milton Keynes,unitary authority
GB,826,MLN,GB-MLN,#N/A,Midlothian,council area
GB,826,MON,GB-MON,#N/A,Monmouthshire [Sir Fynwy GB-FYN],unitary authority
GB,826,MRT,GB-MRT,#N/A,Merton,council area
GB,826,MRY,GB-MRY,#N/A,Moray,council area
GB,826,MTY,GB-MTY,#N/A,Merthyr Tydfil [Merthyr Tudful GB-MTU],unitary authority
GB,826,MUL,GB-MUL,#N/A,Mid-Ulster,district
GB,826,NAY,GB-NAY,#N/A,North Ayrshire,council area
GB,826,NBL,GB-NBL,#N/A,Northumberland,unitary authority
GB,826,NEL,GB-NEL,#N/A,North East Lincolnshire,unitary authority
GB,826,NET,GB-NET,#N/A,Newcastle upon Tyne,council area
GB,826,NFK,GB-NFK,#N/A,Norfolk,county
GB,826,NGM,GB-NGM,#N/A,Nottingham,unitary authority
GB,826,NLK,GB-NLK,#N/A,North Lanarkshire,council area
GB,826,NLN,GB-NLN,#N/A,North Lincolnshire,unitary authority
GB,826,NMD,GB-NMD,#N/A,"Newry, Mourne and Down",district
GB,826,NNH,GB-NNH,#N/A,North Northamptonshire,unitary authority
GB,826,NSM,GB-NSM,#N/A,North Somerset,unitary authority
GB,826,NTL,GB-NTL,#N/A,Neath Port Talbot [Castell-nedd Port Talbot GB-CTL],unitary authority
GB,826,NTT,GB-NTT,#N/A,Nottinghamshire,county
GB,826,NTY,GB-NTY,#N/A,North Tyneside,council area
GB,826,NWM,GB-NWM,#N/A,Newham,council area
GB,826,NWP,GB-NWP,#N/A,Newport [Casnewydd GB-CNW],unitary authority
GB,826,NYK,GB-NYK,#N/A,North Yorkshire,county
GB,826,OLD,GB-OLD,#N/A,Oldham,council area
GB,826,ORK,GB-ORK,#N/A,Orkney Islands,council area
GB,826,OXF,GB-OXF,#N/A,Oxfordshire,county
GB,826,PEM,GB-PEM,#N/A,Pembrokeshire [Sir Benfro GB-BNF],unitary authority
GB,826,PKN,GB-PKN,#N/A,Perth and Kinross,council area
GB,826,PLY,GB-PLY,#N/A,Plymouth,unitary authority
GB,826,POR,GB-POR,#N/A,Portsmouth,unitary authority
GB,826,POW,GB-POW,#N/A,Powys,unitary authority
GB,826,PTE,GB-PTE,#N/A,Peterborough,unitary authority
GB,826,RCC,GB-RCC,#N/A,Redcar and Cleveland,unitary authority
GB,826,RCH,GB-RCH,#N/A,Rochdale,council area
GB,826,RCT,GB-RCT,#N/A,Rhondda Cynon Taff [Rhondda CynonTaf],unitary authority
GB,826,RDB,GB-RDB,#N/A,Redbridge,council area
GB,826,RDG,GB-RDG,#N/A,Reading,unitary authority
GB,826,RFW,GB-RFW,#N/A,Renfrewshire,council area
GB,826,RIC,GB-RIC,#N/A,Richmond upon Thames,council area
GB,826,ROT,GB-ROT,#N/A,Rotherham,council area
GB,826,RUT,GB-RUT,#N/A,Rutland,unitary authority
GB,826,SAW,GB-SAW,#N/A,Sandwell,council area
GB,826,SAY,GB-SAY,#N/A,South Ayrshire,council area
GB,826,SCB,GB-SCB,#N/A,Scottish Borders,council area
GB,826,SFK,GB-SFK,#N/A,Suffolk,county
GB,826,SFT,GB-SFT,#N/A,Sefton,council area
GB,826,SGC,GB-SGC,#N/A,South Gloucestershire,unitary authority
GB,826,SHF,GB-SHF,#N/A,Sheffield,council area
GB,826,SHN,GB-SHN,#N/A,St. Helens,council area
GB,826,SHR,GB-SHR,#N/A,Shropshire,unitary authority
GB,826,SKP,GB-SKP,#N/A,Stockport,council area
GB,826,SLF,GB-SLF,#N/A,Salford,council area
GB,826,SLG,GB-SLG,#N/A,Slough,unitary authority
GB,826,SLK,GB-SLK,#N/A,South Lanarkshire,council area
GB,826,SND,GB-SND,#N/A,Sunderland,council area
GB,826,SOL,GB-SOL,#N/A,Solihull,council area
GB,826,SOM,GB-SOM,#N/A,Somerset,county
GB,826,SOS,GB-SOS,#N/A,Southend-on-Sea,unitary authority
GB,826,SRY,GB-SRY,#N/A,Surrey,county
GB,826,STE,GB-STE,#N/A,Stoke-on-Trent,unitary authority
GB,826,STG,GB-STG,#N/A,Stirling,council area
GB,826,STH,GB-STH,#N/A,Southampton,unitary authority
GB,826,STN,GB-STN,#N/A,Sutton,council area
GB,826,STS,GB-STS,#N/A,Staffordshire,county
GB,826,STT,GB-STT,#N/A,Stockton-on-Tees,unitary authority
GB,826,STY,GB-STY,#N/A,South Tyneside,council area
GB,826,SWA,GB-SWA,#N/A,Swansea [Abertawe GB-ATA],unitary authority
GB,826,SWD,GB-SWD,#N/A,Swindon,unitary authority
GB,826,SWK,GB-SWK,#N/A,Southwark,council area
GB,826,TAM,GB-TAM,#N/A,Tameside,council area
GB,826,TFW,GB-TFW,#N/A,Telford and Wrekin,unitary authority
GB,826,THR,GB-THR,#N/A,Thurrock,unitary authority
GB,826,TOB,GB-TOB,#N/A,Torbay,unitary authority
GB,826,TOF,GB-TOF,#N/A,Torfaen [Tor-faen],unitary authority
GB,826,TRF,GB-TRF,#N/A,Trafford,council area
GB,826,TWH,GB-TWH,#N/A,Tower Hamlets,council area
GB,826,VGL,GB-VGL,#N/A,"Vale of Glamorgan, The [Bro Morgannwg GB-BMG]",unitary authority
GB,826,WAR,GB-WAR,#N/A,Warwickshire,county
GB,826,WBK,GB-WBK,#N/A,West Berkshire,unitary authority
GB,826,WDU,GB-WDU,#N/A,West Dunbartonshire,council area
GB,826,WFT,GB-WFT,#N/A,Waltham Forest,council area
GB,826,WGN,GB-WGN,#N/A,Wigan,council area
GB,826,WIL,GB-WIL,#N/A,Wiltshire,unitary authority
GB,826,WKF,GB-WKF,#N/A,Wakefield,council area
GB,826,WLL,GB-WLL,#N/A,Walsall,council area
GB,826,WLN,GB-WLN,#N/A,West Lothian,council area
GB,826,WLV,GB-WLV,#N/A,Wolverhampton,council area
GB,826,WND,GB-WND,#N/A,Wandsworth,council area
GB,826,WNH,GB-WNH,#N/A,West Northamptonshire,unitary authority
GB,826,WNM,GB-WNM,#N/A,Windsor and Maidenhead,unitary authority
GB,826,WOK,GB-WOK,#N/A,Wokingham,unitary authority
GB,826,WOR,GB-WOR,#N/A,Worcestershire,county
GB,826,WRL,GB-WRL,#N/A,Wirral,council area
GB,826,WRT,GB-WRT,#N/A,Warrington,unitary authority
GB,826,WRX,GB-WRX,#N/A,Wrexham [Wrecsam GB-WRC],unitary authority
GB,826,WSM,GB-WSM,#N/A,Westminster,council area
GB,826,WSX,GB-WSX,#N/A,West Sussex,county
GB,826,YOR,GB-YOR,#N/A,York,unitary authority
GB,826,ZET,GB-ZET,#N/A,Shetland Islands,council area
GN,324,BE,GN-BE,#N/A,Beyla,prefecture
GN,324,BF,GN-BF,#N/A,Boffa,prefecture
GN,324,BK,GN-BK,#N/A,Boké,prefecture
GN,324,CO,GN-CO,#N/A,Coyah,prefecture
GN,324,DB,GN-DB,#N/A,Dabola,prefecture
GN,324,DI,GN-DI,#N/A,Dinguiraye,prefecture
GN,324,DL,GN-DL,#N/A,Dalaba,prefecture
GN,324,DU,GN-DU,#N/A,Dubréka,prefecture
GN,324,FA,GN-FA,#N/A,Faranah,prefecture
GN,324,FO,GN-FO,#N/A,Forécariah,prefecture
GN,324,FR,GN-FR,#N/A,Fria,prefecture
GN,324,GA,GN-GA,#N/A,Gaoual,prefecture
GN,324,GU,GN-GU,#N/A,Guékédou,prefecture
GN,324,KA,GN-KA,#N/A,Kankan,prefecture
GN,324,KB,GN-KB,#N/A,Koubia,prefecture
GN,324,KD,GN-KD,#N/A,Kindia,prefecture
GN,324,KE,GN-KE,#N/A,Kérouané,prefecture
GN,324,KN,GN-KN,#N/A,Koundara,prefecture
GN,324,KO,GN-KO,#N/A,Kouroussa,prefecture
GN,324,KS,GN-KS,#N/A,Kissidougou,prefecture
GN,324,LA,GN-LA,#N/A,Labé,prefecture
GN,324,LE,GN-LE,#N/A,Lélouma,prefecture
GN,324,LO,GN-LO,#N/A,Lola,prefecture
GN,324,MC,GN-MC,#N/A,Macenta,prefecture
GN,324,MD,GN-MD,#N/A,Mandiana,prefecture
GN,324,ML,GN-ML,#N/A,Mali,prefecture
GN,324,MM,GN-MM,#N/A,Mamou,prefecture
GN,324,NZ,GN-NZ,#N/A,Nzérékoré,prefecture
GN,324,PI,GN-PI,#N/A,Pita,prefecture
GN,324,SI,GN-SI,#N/A,Siguiri,prefecture
GN,324,TE,GN-TE,#N/A,Télimélé,prefecture
GN,324,TO,GN-TO,#N/A,Tougué,prefecture
GN,324,YO,GN-YO,#N/A,Yomou,prefecture
HU,348,BC,HU-BC,#N/A,Békéscsaba,city with county rights
HU,348,DE,HU-DE,#N/A,Debrecen,city with county rights
HU,348,DU,HU-DU,#N/A,Dunaújváros,city with county rights
HU,348,EG,HU-EG,#N/A,Eger,city with county rights
HU,348,ER,HU-ER,#N/A,Érd,city with county rights
HU,348,GY,HU-GY,#N/A,Győr,city with county rights
HU,348,HV,HU-HV,#N/A,Hódmezővásárhely,city with county rights
HU,348,KM,HU-KM,#N/A,Kecskemét,city with county rights
HU,348,KV,HU-KV,#N/A,Kaposvár,city with county rights
HU,348,MI,HU-MI,#N/A,Miskolc,city with county rights
HU,348,NK,HU-NK,#N/A,Nagykanizsa,city with county rights
HU,348,NY,HU-NY,#N/A,Nyíregyháza,city with county rights
HU,348,PS,HU-PS,#N/A,Pécs,city with county rights
HU,348,SD,HU-SD,#N/A,Szeged,city with county rights
HU,348,SF,HU-SF,#N/A,Székesfehérvár,city with county rights
HU,348,SH,HU-SH,#N/A,Szombathely,city with county rights
HU,348,SK,HU-SK,#N/A,Szolnok,city with county rights
HU,348,SN,HU-SN,#N/A,Sopron,city with county rights
HU,348,SS,HU-SS,#N/A,Szekszárd,city with county rights
HU,348,ST,HU-ST,#N/A,Salgótarján,city with county rights
HU,348,TB,HU-TB,#N/A,Tatabánya,city with county rights
HU,348,VM,HU-VM,#N/A,Veszprém,city with county rights
HU,348,ZE,HU-ZE,#N/A,Zalaegerszeg,city with county rights
ID,360,AC,ID-AC,#N/A,Aceh,province
ID,360,BA,ID-BA,#N/A,Bali,province
ID,360,BB,ID-BB,#N/A,Kepulauan Bangka Belitung,province
ID,360,BE,ID-BE,#N/A,Bengkulu,province
ID,360,BT,ID-BT,#N/A,Banten,province
ID,360,GO,ID-GO,#N/A,Gorontalo,province
ID,360,JA,ID-JA,#N/A,Jambi,province
ID,360,JB,ID-JB,#N/A,Jawa Barat,province
ID,360,JI,ID-JI,#N/A,Jawa Timur,province
ID,360,JK,ID-JK,#N/A,Jakarta Raya,capital district
ID,360,JT,ID-JT,#N/A,Jawa Tengah,province
ID,360,KB,ID-KB,#N/A,Kalimantan Barat,province
ID,360,KI,ID-KI,#N/A,Kalimantan Timur,province
ID,360,KR,ID-KR,#N/A,Kepulauan Riau,province
ID,360,KS,ID-KS,#N/A,Kalimantan Selatan,province
ID,360,KT,ID-KT,#N/A,Kalimantan Tengah,province
ID,360,KU,ID-KU,#N/A,Kalimantan Utara,province
ID,360,LA,ID-LA,#N/A,Lampung,province
ID,360,MA,ID-MA,#N/A,Maluku,province
ID,360,MU,ID-MU,#N/A,Maluku Utara,province
ID,360,NB,ID-NB,#N/A,Nusa Tenggara Barat,province
ID,360,NT,ID-NT,#N/A,Nusa Tenggara Timur,province
ID,360,PA,ID-PA,#N/A,Papua,province
ID,360,PB,ID-PB,#N/A,Papua Barat,province
ID,360,PE,ID-PE,#N/A,Papua Pengunungan,province
ID,360,PS,ID-PS,#N/A,Papua Selatan,province
ID,360,PT,ID-PT,#N/A,Papua Tengah,province
ID,360,RI,ID-RI,#N/A,Riau,province
ID,360,SA,ID-SA,#N/A,Sulawesi Utara,province
ID,360,SB,ID-SB,#N/A,Sumatera Barat,province
ID,360,SG,ID-SG,#N/A,Sulawesi Tenggara,province
ID,360,SN,ID-SN,#N/A,Sulawesi Selatan,province
ID,360,SR,ID-SR,#N/A,Sulawesi Barat,province
ID,360,SS,ID-SS,#N/A,Sumatera Selatan,province
ID,360,ST,ID-ST,#N/A,Sulawesi Tengah,province
ID,360,SU,ID-SU,#N/A,Sumatera Utara,province
ID,360,YO,ID-YO,#N/A,Yogyakarta,special region
IE,372,CE,IE-CE,#N/A,Clare,county
IE,372,CN,IE-CN,#N/A,Cavan,county
IE,372,CO,IE-CO,#N/A,Cork,county
IE,372,CW,IE-CW,#N/A,Carlow,county
IE,372,D,IE-D,#N/A,Dublin,county
IE,372,DL,IE-DL,#N/A,Donegal,county
IE,372,G,IE-G,#N/A,Galway,county
IE,372,KE,IE-KE,#N/A,Kildare,county
IE,372,KK,IE-KK,#N/A,Kilkenny,county
IE,372,KY,IE-KY,#N/A,Kerry,county
IE,372,LD,IE-LD,#N/A,Longford,county
IE,372,LH,IE-LH,#N/A,Louth,county
IE,372,LK,IE-LK,#N/A,Limerick,county
IE,372,LM,IE-LM,#N/A,Leitrim,county
IE,372,LS,IE-LS,#N/A,Laois,county
IE,372,MH,IE-MH,#N/A,Meath,county
IE,372,MN,IE-MN,#N/A,Monaghan,county
IE,372,MO,IE-MO,#N/A,Mayo,county
IE,372,OY,IE-OY,#N/A,Offaly,county
IE,372,RN,IE-RN,#N/A,Roscommon,county
IE,372,SO,IE-SO,#N/A,Sligo,county
IE,372,TA,IE-TA,#N/A,Tipperary,county
IE,372,WD,IE-WD,#N/A,Waterford,county
IE,372,WH,IE-WH,#N/A,Westmeath,county
IE,372,WW,IE-WW,#N/A,Wicklow,county
IE,372,WX,IE-WX,#N/A,Wexford,county
IN,356,CT,IN-CT,#N/A,Chhattīsgarh,state
IN,356,OR,IN-OR,#N/A,Odisha,state
IN,356,TG,IN-TG,#N/A,Telangāna,state
IN,356,UT,IN-UT,#N/A,Uttarākhand,state
IT,380,AG,IT-AG,#N/A,Agrigento,free communal consortia
IT,380,AL,IT-AL,#N/A,Alessandria,province
IT,380,AN,IT-AN,#N/A,Ancona,province
IT,380,AP,IT-AP,#N/A,Ascoli Piceno,province
IT,380,AQ,IT-AQ,#N/A,L'Aquila,province
IT,380,AR,IT-AR,#N/A,Arezzo,province
IT,380,AT,IT-AT,#N/A,Asti,province
IT,380,AV,IT-AV,#N/A,Avellino,province
IT,380,BA,IT-BA,#N/A,Bari,metropolitan city
IT,380,BG,IT-BG,#N/A,Bergamo,province
IT,380,BI,IT-BI,#N/A,Biella,province
IT,380,BL,IT-BL,#N/A,Belluno,province
IT,380,BN,IT-BN,#N/A,Benevento,province
IT,380,BO,IT-BO,#N/A,Bologna,metropolitan city
IT,380,BR,IT-BR,#N/A,Brindisi,province
IT,380,BS,IT-BS,#N/A,Brescia,province
IT,380,BT,IT-BT,#N/A,Barletta-Andria-Trani,province
IT,380,BZ,IT-BZ,#N/A,Bolzano / Bozen (de),autonomous province
IT,380,CA,IT-CA,#N/A,Cagliari,metropolitan city
IT,380,CB,IT-CB,#N/A,Campobasso,province
IT,380,CE,IT-CE,#N/A,Caserta,province
IT,380,CH,IT-CH,#N/A,Chieti,province
IT,380,CL,IT-CL,#N/A,Caltanissetta,province
IT,380,CN,IT-CN,#N/A,Cuneo,province
IT,380,CO,IT-CO,#N/A,Como,province
IT,380,CR,IT-CR,#N/A,Cremona,province
IT,380,CS,IT-CS,#N/A,Cosenza,province
IT,380,CT,IT-CT,#N/A,Catania,metropolitan city
IT,380,CZ,IT-CZ,#N/A,Catanzaro,province
IT,380,EN,IT-EN,#N/A,Enna,free communal consortia
IT,380,FC,IT-FC,#N/A,Forlì-Cesena,province
IT,380,FE,IT-FE,#N/A,Ferrara,province
IT,380,FG,IT-FG,#N/A,Foggia,province
IT,380,FI,IT-FI,#N/A,Firenze,metropolitan city
IT,380,FM,IT-FM,#N/A,Fermo,province
IT,380,FR,IT-FR,#N/A,Frosinone,province
IT,380,GE,IT-GE,#N/A,Genova,metropolitan city
IT,380,GO,IT-GO,#N/A,Gorizia,decentralized regional entity
IT,380,GR,IT-GR,#N/A,Grosseto,province
IT,380,IM,IT-IM,#N/A,Imperia,province
IT,380,IS,IT-IS,#N/A,Isernia,province
IT,380,KR,IT-KR,#N/A,Crotone,province
IT,380,LC,IT-LC,#N/A,Lecco,province
IT,380,LE,IT-LE,#N/A,Lecce,province
IT,380,LI,IT-LI,#N/A,Livorno,province
IT,380,LO,IT-LO,#N/A,Lodi,province
IT,380,LT,IT-LT,#N/A,Latina,province
IT,380,LU,IT-LU,#N/A,Lucca,province
IT,380,MB,IT-MB,#N/A,Monza e Brianza,province
IT,380,MC,IT-MC,#N/A,Macerata,province
IT,380,ME,IT-ME,#N/A,Messina,metropolitan city
IT,380,MI,IT-MI,#N/A,Milano,metropolitan city
IT,380,MN,IT-MN,#N/A,Mantova,province
IT,380,MO,IT-MO,#N/A,Modena,province
IT,380,MS,IT-MS,#N/A,Massa-Carrara,province
IT,380,MT,IT-MT,#N/A,Matera,province
IT,380,NA,IT-NA,#N/A,Napoli,metropolitan city
IT,380,NO,IT-NO,#N/A,Novara,province
IT,380,NU,IT-NU,#N/A,Nuoro,province
IT,380,OR,IT-OR,#N/A,Oristano,province
IT,380,PA,IT-PA,#N/A,Palermo,metropolitan city
IT,380,PC,IT-PC,#N/A,Piacenza,province
IT,380,PD,IT-PD,#N/A,Padova,province
IT,380,PE,IT-PE,#N/A,Pescara,province
IT,380,PG,IT-PG,#N/A,Perugia,province
IT,380,PI,IT-PI,#N/A,Pisa,province
IT,380,PN,IT-PN,#N/A,Pordenone,decentralized regional
IT,380,PO,IT-PO,#N/A,Prato,province
IT,380,PR,IT-PR,#N/A,Parma,province
IT,380,PT,IT-PT,#N/A,Pistoia,province
IT,380,PU,IT-PU,#N/A,Pesaro e Urbino,province
IT,380,PV,IT-PV,#N/A,Pavia,province
IT,380,PZ,IT-PZ,#N/A,Potenza,province
IT,380,RA,IT-RA,#N/A,Ravenna,province
IT,380,RC,IT-RC,#N/A,Reggio Calabria,metropolitan city
IT,380,RE,IT-RE,#N/A,Reggio Emilia,province
IT,380,RG,IT-RG,#N/A,Ragusa,free communal consortia
IT,380,RI,IT-RI,#N/A,Rieti,province
IT,380,RM,IT-RM,#N/A,Roma,metropolitan city
IT,380,RN,IT-RN,#N/A,Rimini,province
IT,380,RO,IT-RO,#N/A,Rovigo,province
IT,380,SA,IT-SA,#N/A,Salerno,province
IT,380,SI,IT-SI,#N/A,Siena,province
IT,380,SO,IT-SO,#N/A,Sondrio,province
IT,380,SP,IT-SP,#N/A,La Spezia,province
IT,380,SR,IT-SR,#N/A,Siracusa,free communal consortia
IT,380,SS,IT-SS,#N/A,Sassari,province
IT,380,SU,IT-SU,#N/A,Sud Sardegna,province
IT,380,SV,IT-SV,#N/A,Savona,province
IT,380,TA,IT-TA,#N/A,Taranto,province
IT,380,TE,IT-TE,#N/A,Teramo,province
IT,380,TN,IT-TN,#N/A,Trento,autonomous province
IT,380,TO,IT-TO,#N/A,Torino,metropolitan city
IT,380,TP,IT-TP,#N/A,Trapani,free communal consortia
IT,380,TR,IT-TR,#N/A,Terni,province
IT,380,TS,IT-TS,#N/A,Trieste,decentralized regional
IT,380,TV,IT-TV,#N/A,Treviso,province
IT,380,UD,IT-UD,#N/A,Udine,decentralized regional
IT,380,VA,IT-VA,#N/A,Varese,province
IT,380,VB,IT-VB,#N/A,Verbano-Cusio-Ossola,province
IT,380,VC,IT-VC,#N/A,Vercelli,province
IT,380,VE,IT-VE,#N/A,Venezia,metropolitan city
IT,380,VI,IT-VI,#N/A,Vicenza,province
IT,380,VR,IT-VR,#N/A,Verona,province
IT,380,VT,IT-VT,#N/A,Viterbo,province
IT,380,VV,IT-VV,#N/A,Vibo Valentia,province
LK,144,11,LK-11,#N/A,Colombo,district
LK,144,12,LK-12,#N/A,Gampaha,district
LK,144,13,LK-13,#N/A,Kalutara,district
LK,144,21,LK-21,#N/A,Kandy,district
LK,144,22,LK-22,#N/A,Matale,district
LK,144,23,LK-23,#N/A,Nuwara Eliya,district
LK,144,31,LK-31,#N/A,Galle,district
LK,144,32,LK-32,#N/A,Matara,district
LK,144,33,LK-33,#N/A,Hambantota,district
LK,144,41,LK-41,#N/A,Jaffna,district
LK,144,42,LK-42,#N/A,Kilinochchi,district
LK,144,43,LK-43,#N/A,Mannar,district
LK,144,44,LK-44,#N/A,Vavuniya,district
LK,144,45,LK-45,#N/A,Mullaittivu,district
LK,144,51,LK-51,#N/A,Batticaloa,district
LK,144,52,LK-52,#N/A,Ampara,district
LK,144,53,LK-53,#N/A,Trincomalee,district
LK,144,61,LK-61,#N/A,Kurunegala,district
LK,144,62,LK-62,#N/A,Puttalam,district
LK,144,71,LK-71,#N/A,Anuradhapura,district
LK,144,72,LK-72,#N/A,Polonnaruwa,district
LK,144,81,LK-81,#N/A,Badulla,district
LK,144,82,LK-82,#N/A,Monaragala,district
LK,144,91,LK-91,#N/A,Ratnapura,district
LK,144,92,LK-92,#N/A,Kegalla,district
LT,440,01,LT-01,#N/A,Akmenė,district municipality
LT,440,02,LT-02,#N/A,Alytaus miestas,city municipality
LT,440,03,LT-03,#N/A,Alytus,district municipality
LT,440,04,LT-04,#N/A,Anykščiai,district municipality
LT,440,05,LT-05,#N/A,Birštonas,municipality
LT,440,06,LT-06,#N/A,Biržai,district municipality
LT,440,07,LT-07,#N/A,Druskininkai,municipality
LT,440,08,LT-08,#N/A,Elektrénai,municipality
LT,440,09,LT-09,#N/A,Ignalina,district municipality
LT,440,10,LT-10,#N/A,Jonava,district municipality
LT,440,11,LT-11,#N/A,Joniškis,district municipality
LT,440,12,LT-12,#N/A,Jurbarkas,district municipality
LT,440,13,LT-13,#N/A,Kaišiadorys,district municipality
LT,440,14,LT-14,#N/A,Kalvarija,municipality
LT,440,15,LT-15,#N/A,Kauno miestas,city municipality
LT,440,16,LT-16,#N/A,Kaunas,district municipality
LT,440,17,LT-17,#N/A,Kazlų Rūdos,municipality
LT,440,18,LT-18,#N/A,Kėdainiai,district municipality
LT,440,19,LT-19,#N/A,Kelmė,district municipality
LT,440,20,LT-20,#N/A,Klaipėdos miestas,city municipality
LT,440,21,LT-21,#N/A,Klaipėda,district municipality
LT,440,22,LT-22,#N/A,Kretinga,district municipality
LT,440,23,LT-23,#N/A,Kupiškis,district municipality
LT,440,24,LT-24,#N/A,Lazdijai,district municipality
LT,440,25,LT-25,#N/A,Marijampolė,district municipality
LT,440,26,LT-26,#N/A,Mažeikiai,district municipality
LT,440,27,LT-27,#N/A,Molėtai,district municipality
LT,440,28,LT-28,#N/A,Neringa,municipality
LT,440,29,LT-29,#N/A,Pagégiai,municipality
LT,440,30,LT-30,#N/A,Pakruojis,district municipality
LT,440,31,LT-31,#N/A,Palangos miestas,city municipality
LT,440,32,LT-32,#N/A,Panevėžio miestas,city municipality
LT,440,33,LT-33,#N/A,Panevėžys,district municipality
LT,440,34,LT-34,#N/A,Pasvalys,district municipality
LT,440,35,LT-35,#N/A,Plungė,district municipality
LT,440,36,LT-36,#N/A,Prienai,district municipality
LT,440,37,LT-37,#N/A,Radviliškis,district municipality
LT,440,38,LT-38,#N/A,Raseiniai,district municipality
LT,440,39,LT-39,#N/A,Rietavas,municipality
LT,440,40,LT-40,#N/A,Rokiškis,district municipality
LT,440,41,LT-41,#N/A,Šakiai,district municipality
LT,440,42,LT-42,#N/A,Šalčininkai,district municipality
LT,440,43,LT-43,#N/A,Šiaulių miestas,city municipality
LT,440,44,LT-44,#N/A,Šiauliai,district municipality
LT,440,45,LT-45,#N/A,Šilalė,district municipality
LT,440,46,LT-46,#N/A,Šilutė,district municipality
LT,440,47,LT-47,#N/A,Širvintos,district municipality
LT,440,48,LT-48,#N/A,Skuodas,district municipality
LT,440,49,LT-49,#N/A,Švenčionys,district municipality
LT,440,50,LT-50,#N/A,Tauragė,district municipality
LT,440,51,LT-51,#N/A,Telšiai,district municipality
LT,440,52,LT-52,#N/A,Trakai,district municipality
LT,440,53,LT-53,#N/A,Ukmergė,district municipality
LT,440,54,LT-54,#N/A,Utena,district municipality
LT,440,55,LT-55,#N/A,Varėna,district municipality
LT,440,56,LT-56,#N/A,Vilkaviškis,district municipality
LT,440,57,LT-57,#N/A,Vilniaus miestas,city municipality
LT,440,58,LT-58,#N/A,Vilnius,district municipality
LT,440,59,LT-59,#N/A,Visaginas,municipality
LT,440,60,LT-60,#N/A,Zarasai,district municipality
MA,504,12,MA-12,#N/A,Dakhla-Oued Ed-Dahab (EH),region
MA,504,AGD,MA-AGD,#N/A,Agadir-Ida-Ou-Tanane,prefecture
MA,504,AOU,MA-AOU,#N/A,Aousserd,prefecture
MA,504,ASZ,MA-ASZ,#N/A,Assa-Zag (EH-partial),province
MA,504,AZI,MA-AZI,#N/A,Azilal,province
MA,504,BEM,MA-BEM,#N/A,Beni Mellal,province
MA,504,BER,MA-BER,#N/A,Berkane,province
MA,504,BES,MA-BES,#N/A,Benslimane,province
MA,504,BOD,MA-BOD,#N/A,Boujdour (EH),province
MA,504,BOM,MA-BOM,#N/A,Boulemane,province
MA,504,BRR,MA-BRR,#N/A,Berrechid,province
MA,504,CAS,MA-CAS,#N/A,Casablanca [Dar el Beïda]*,prefecture
MA,504,CHE,MA-CHE,#N/A,Chefchaouene,province
MA,504,CHI,MA-CHI,#N/A,Chichaoua,province
MA,504,CHT,MA-CHT,#N/A,Chtouka-Ait Baha,province
MA,504,CHT,MA-CHT,#N/A,Chtouka-Ait Baha,province
MA,504,DRI,MA-DRI,#N/A,Driouch,province
MA,504,ERR,MA-ERR,#N/A,Errachidia,province
MA,504,ESI,MA-ESI,#N/A,Essaouira,province
MA,504,ESM,MA-ESM,#N/A,Es-Semara (EH-partial),province
MA,504,FAH,MA-FAH,#N/A,Fahs-Anjra,prefecture
MA,504,FES,MA-FES,#N/A,Fès,prefecture
MA,504,FIG,MA-FIG,#N/A,Figuig,province
MA,504,FQH,MA-FQH,#N/A,Fquih Ben Salah,province
MA,504,GUE,MA-GUE,#N/A,Guelmim,province
MA,504,GUF,MA-GUF,#N/A,Guercif,province
MA,504,HAJ,MA-HAJ,#N/A,El Hajeb,province
MA,504,HAO,MA-HAO,#N/A,Al Haouz,province
MA,504,HOC,MA-HOC,#N/A,Al Hoceïma,province
MA,504,IFR,MA-IFR,#N/A,Ifrane,province
MA,504,INE,MA-INE,#N/A,Inezgane-Ait Melloul,prefecture
MA,504,JDI,MA-JDI,#N/A,El Jadida,province
MA,504,JRA,MA-JRA,#N/A,Jerada,province
MA,504,KEN,MA-KEN,#N/A,Kénitra,province
MA,504,KES,MA-KES,#N/A,El Kelâa des Sraghna,province
MA,504,KES,MA-KES,#N/A,Kelaat Sraghna,province
MA,504,KHE,MA-KHE,#N/A,Khémisset,province
MA,504,KHN,MA-KHN,#N/A,Khénifra,province
MA,504,KHO,MA-KHO,#N/A,Khouribga,province
MA,504,LAA,MA-LAA,#N/A,Laâyoune,province
MA,504,LAR,MA-LAR,#N/A,Larache,province
MA,504,MAR,MA-MAR,#N/A,Marrakech,prefecture
MA,504,MDF,MA-MDF,#N/A,M’diq-Fnideq,prefecture
MA,504,MED,MA-MED,#N/A,Médiouna,province
MA,504,MEK,MA-MEK,#N/A,Meknès*,prefecture
MA,504,MID,MA-MID,#N/A,Midelt,province
MA,504,MMD,MA-MMD,#N/A,Marrakech-Medina,prefecture
MA,504,MMN,MA-MMN,#N/A,Marrakech-Menara,prefecture
MA,504,MOH,MA-MOH,#N/A,Mohammadia,prefecture
MA,504,MOU,MA-MOU,#N/A,Moulay Yacoub,province
MA,504,NAD,MA-NAD,#N/A,Nador,province
MA,504,NOU,MA-NOU,#N/A,Nouaceur,province
MA,504,OUA,MA-OUA,#N/A,Ouarzazate,province
MA,504,OUD,MA-OUD,#N/A,Oued Ed-Dahab (EH),province
MA,504,OUJ,MA-OUJ,#N/A,Oujda‐Angad,prefecture
MA,504,OUZ,MA-OUZ,#N/A,Ouezzane,province
MA,504,RAB,MA-RAB,#N/A,Rabat,prefecture
MA,504,REH,MA-REH,#N/A,Rehamna,province
MA,504,SAF,MA-SAF,#N/A,Safi,province
MA,504,SAL,MA-SAL,#N/A,Salé,prefecture
MA,504,SEF,MA-SEF,#N/A,Sefrou,province
MA,504,SET,MA-SET,#N/A,Settat,province
MA,504,SIB,MA-SIB,#N/A,Sidi Bennour,province
MA,504,SIF,MA-SIF,#N/A,Sidi Ifni,province
MA,504,SIK,MA-SIK,#N/A,Sidi Kacem,province
MA,504,SIL,MA-SIL,#N/A,Sidi Slimane,province
MA,504,SKH,MA-SKH,#N/A,Skhirate-Témara,prefecture
MA,504,SYB,MA-SYB,#N/A,Sidi Youssef Ben Ali,prefecture
MA,504,TAF,MA-TAF,#N/A,Tarfaya (EH-partial),province
MA,504,TAI,MA-TAI,#N/A,Taourirt,province
MA,504,TAO,MA-TAO,#N/A,Taounate,province
MA,504,TAR,MA-TAR,#N/A,Taroudannt,province
MA,504,TAT,MA-TAT,#N/A,Tata,province
MA,504,TAZ,MA-TAZ,#N/A,Taza,province
MA,504,TET,MA-TET,#N/A,Tétouan*,prefecture
MA,504,TIN,MA-TIN,#N/A,Tinghir,province
MA,504,TIZ,MA-TIZ,#N/A,Tiznit,province
MA,504,TNG,MA-TNG,#N/A,Tanger‐Assilah,prefecture
MA,504,TNT,MA-TNT,#N/A,Tan-Tan,province
MA,504,YUS,MA-YUS,#N/A,Youssoufia,province
MA,504,ZAG,MA-ZAG,#N/A,Zagora,province
MC,492,CL,MC-CL,#N/A,La Colle,quarter
MC,492,CO,MC-CO,#N/A,La Condamine,quarter
MC,492,FO,MC-FO,#N/A,Fontvieille,quarter
MC,492,GA,MC-GA,#N/A,La Gare,quarter
MC,492,JE,MC-JE,#N/A,Jardin Exotique,quarter
MC,492,LA,MC-LA,#N/A,Larvotto,quarter
MC,492,MA,MC-MA,#N/A,Malbousquet,quarter
MC,492,MC,MC-MC,#N/A,Monte‐Carlo,quarter
MC,492,MG,MC-MG,#N/A,Moneghetti,quarter
MC,492,MO,MC-MO,#N/A,Monaco‐Ville,quarter
MC,492,MU,MC-MU,#N/A,Moulins,quarter
MC,492,PH,MC-PH,#N/A,Port‐Hercule,quarter
MC,492,SD,MC-SD,#N/A,Sainte‐Dévote,quarter
MC,492,SO,MC-SO,#N/A,La Source,quarter
MC,492,SP,MC-SP,#N/A,Spélugues,quarter
MC,492,SR,MC-SR,#N/A,Saint‐Roman,quarter
MC,492,VR,MC-VR,#N/A,Vallon de la Rousse,quarter
MH,584,KIL,MH-KIL,#N/A,Bikini & Kili,municipality
MH,584,L,MH-L,#N/A,Ralik chain,chains (of islands)
MH,584,T,MH-T,#N/A,Ratak chain,chains (of islands)
MW,454,C,MW-C,#N/A,Central,region
MW,454,N,MW-N,#N/A,Northern,region
MW,454,S,MW-S,#N/A,Southern,region
NO,578,03,NO-03,#N/A,Oslo,county
NO,578,11,NO-11,#N/A,Rogaland,county
NO,578,15,NO-15,#N/A,Møre og Romsdal,county
NO,578,18,NO-18,#N/A,Nordland,county
NO,578,21,NO-21,#N/A,Svalbard (Arctic Region) (See also country code SJ),Arctic region
NO,578,22,NO-22,#N/A,Jan Mayen (Arctic Region) (See also country code SJ),Arctic region
NO,578,30,NO-30,#N/A,Viken,county
NO,578,34,NO-34,#N/A,Innlandet,county
NO,578,38,NO-38,#N/A,Vestfold og Telemark,county
NO,578,42,NO-42,#N/A,Agder,county
NO,578,46,NO-46,#N/A,Vestland,county
NO,578,50,NO-50,#N/A,Trøndelag,county
NO,578,54,NO-54,#N/A,Troms og Finnmark,county
PH,608,ABR,PH-ABR,#N/A,Abra,province
PH,608,AGN,PH-AGN,#N/A,Agusan del Norte,province
PH,608,AGS,PH-AGS,#N/A,Agusan del Sur,province
PH,608,AKL,PH-AKL,#N/A,Aklan,province
PH,608,ALB,PH-ALB,#N/A,Albay,province
PH,608,ANT,PH-ANT,#N/A,Antique,province
PH,608,APA,PH-APA,#N/A,Apayao,province
PH,608,AUR,PH-AUR,#N/A,Aurora,province
PH,608,BAN,PH-BAN,#N/A,Bataan,province
PH,608,BAS,PH-BAS,#N/A,Basilan,province
PH,608,BEN,PH-BEN,#N/A,Benguet,province
PH,608,BIL,PH-BIL,#N/A,Biliran,province
PH,608,BOH,PH-BOH,#N/A,Bohol,province
PH,608,BTG,PH-BTG,#N/A,Batangas,province
PH,608,BTN,PH-BTN,#N/A,Batanes,province
PH,608,BUK,PH-BUK,#N/A,Bukidnon,province
PH,608,BUL,PH-BUL,#N/A,Bulacan,province
PH,608,CAG,PH-CAG,#N/A,Cagayan,province
PH,608,CAM,PH-CAM,#N/A,Camiguin,province
PH,608,CAN,PH-CAN,#N/A,Camarines Norte,province
PH,608,CAP,PH-CAP,#N/A,Capiz,province
PH,608,CAS,PH-CAS,#N/A,Camarines Sur,province
PH,608,CAT,PH-CAT,#N/A,Catanduanes,province
PH,608,CAV,PH-CAV,#N/A,Cavite,province
PH,608,CEB,PH-CEB,#N/A,Cebu,province
PH,608,COM,PH-COM,#N/A,Davao de Oro,province
PH,608,DAO,PH-DAO,#N/A,Davao Oriental,province
PH,608,DAS,PH-DAS,#N/A,Davao del Sur,province
PH,608,DAV,PH-DAV,#N/A,Davao del Norte,province
PH,608,DIN,PH-DIN,#N/A,Dinagat Islands,province
PH,608,DVO,PH-DVO,#N/A,Kanlurang Dabaw,province
PH,608,EAS,PH-EAS,#N/A,Eastern Samar,province
PH,608,GUI,PH-GUI,#N/A,Guimaras,province
PH,608,IFU,PH-IFU,#N/A,Ifugao,province
PH,608,ILI,PH-ILI,#N/A,Iloilo,province
PH,608,ILN,PH-ILN,#N/A,Ilocos Norte,province
PH,608,ILS,PH-ILS,#N/A,Ilocos Sur,province
PH,608,ISA,PH-ISA,#N/A,Isabela,province
PH,608,KAL,PH-KAL,#N/A,Kalinga-Apayao,province
PH,608,LAG,PH-LAG,#N/A,Laguna,province
PH,608,LAN,PH-LAN,#N/A,Lanao del Norte,province
PH,608,LAS,PH-LAS,#N/A,Lanao del Sur,province
PH,608,LEY,PH-LEY,#N/A,Leyte,province
PH,608,LUN,PH-LUN,#N/A,La Union,province
PH,608,MAD,PH-MAD,#N/A,Marinduque,province
PH,608,MAG,PH-MAG,#N/A,Maguindanao,province
PH,608,MAS,PH-MAS,#N/A,Masbate,province
PH,608,MDC,PH-MDC,#N/A,Mindoro Occidental,province
PH,608,MDR,PH-MDR,#N/A,Mindoro Oriental,province
PH,608,MOU,PH-MOU,#N/A,Mountain Province,province
PH,608,MSC,PH-MSC,#N/A,Misamis Occidental,province
PH,608,MSR,PH-MSR,#N/A,Misamis Oriental,province
PH,608,NCO,PH-NCO,#N/A,Kotabato,province
PH,608,NEC,PH-NEC,#N/A,Negros occidental,province
PH,608,NER,PH-NER,#N/A,Negros oriental,province
PH,608,NSA,PH-NSA,#N/A,Northern Samar,province
PH,608,NUE,PH-NUE,#N/A,Nueva Ecija,province
PH,608,NUV,PH-NUV,#N/A,Nueva Vizcaya,province
PH,608,PAM,PH-PAM,#N/A,Pampanga,province
PH,608,PAN,PH-PAN,#N/A,Pangasinan,province
PH,608,PLW,PH-PLW,#N/A,Palawan,province
PH,608,QUE,PH-QUE,#N/A,Quezon,province
PH,608,QUI,PH-QUI,#N/A,Quirino,province
PH,608,RIZ,PH-RIZ,#N/A,Rizal,province
PH,608,ROM,PH-ROM,#N/A,Romblon,province
PH,608,SAR,PH-SAR,#N/A,Sarangani,province
PH,608,SCO,PH-SCO,#N/A,South Cotabato,province
PH,608,SIG,PH-SIG,#N/A,Siquijor,province
PH,608,SLE,PH-SLE,#N/A,Southern Leyte,province
PH,608,SLU,PH-SLU,#N/A,Sulu,province
PH,608,SOR,PH-SOR,#N/A,Sorsogon,province
PH,608,SUK,PH-SUK,#N/A,Sultan Kudarat,province
PH,608,SUN,PH-SUN,#N/A,Surigao del Norte,province
PH,608,SUR,PH-SUR,#N/A,Surigao del Sur,province
PH,608,TAR,PH-TAR,#N/A,Tarlac,province
PH,608,TAW,PH-TAW,#N/A,Tawi-Tawi,province
PH,608,WSA,PH-WSA,#N/A,Western Samar,province
PH,608,ZAN,PH-ZAN,#N/A,Zamboanga del Norte,province
PH,608,ZAS,PH-ZAS,#N/A,Zamboanga del Sur,province
PH,608,ZMB,PH-ZMB,#N/A,Zambales,province
PH,608,ZSI,PH-ZSI,#N/A,Zamboanga Sibuguey [Zamboanga Sibugay],province
RS,688,25,RS-25,#N/A,Kosovski okrug,district
RS,688,26,RS-26,#N/A,Pećki okrug,district
RS,688,27,RS-27,#N/A,Prizrenski okrug,district
RS,688,28,RS-28,#N/A,Kosovsko‐Mitrovački okrug,district
RS,688,29,RS-29,#N/A,Kosovsko‐Pomoravski okrug,district
RS,688,KM,RS-KM,#N/A,Kosovo-Metohija,autonomous province
RS,688,VO,RS-VO,#N/A,Vojvodina,autonomous province
SC,690,26,SC-26,#N/A,Île Persévérance I,district
SC,690,27,SC-27,#N/A,II,district
TH,764,S,TH-S,#N/A,Phatthaya,special administrative city
TV,798,NIU,TV-NIU,#N/A,Nui,island council
UG,800,244,UG-244,#N/A,Mayuge,district
US,840,AS,US-AS,#N/A,American Samoa (see also separate entry under AS),outlying area
US,840,GU,US-GU,#N/A,Guam (see also separate entry under GU),outlying area
US,840,MP,US-MP,#N/A,Northern Mariana Islands (see also separate entry MP),outlying area
US,840,PR,US-PR,#N/A,Puerto Rico (see also separate entry under PR),outlying area
US,840,UM,US-UM,#N/A,U.S. Minor Outlying Islands (cf. separate entry UM),outlying area
US,840,VI,US-VI,#N/A,Virgin Islands of the U.S. (see also separate entry VI),outlying area
UZ,860,KH,UZ-KH,#N/A,Khorazm,region
