pid,name,seg,status,lu,countries,start_sheet,end_sheet,geo_start,geo_end,reg_start,reg_end,region,units,carried
P0734,Power of Siberia 2 Gas Pipeline,,proposed,2025-08-14,Russia,Yamalo-Nenets Autonomous Okrug,Kyakhta,Selenge Province,Yamalo-Nenets Autonomous Okrug,MN,Urals,MN,16,False
P0736,Blue Stream Gas Pipeline,,operating,2023-08-08,"Russia, Türkiye",Stavropol Krai,,Çorum Province,Amasya Province,TR,TR,TR,14,False
P0737,Bovanenkovo-Ukhta Gas Pipeline,Pipeline 1,operating,2025-08-05,Russia,Yamalo-Nenets Autonomous Okrug,Komi Republic,Komi Republic,Komi Republic,Northwestern,Northwestern,Northwestern,15,False
P0738,Bovanenkovo-Ukhta Gas Pipeline,Pipeline 2,operating,2025-08-05,Russia,Yamalo-Nenets Autonomous Okrug,Komi Republic,Yamalo-Nenets Autonomous Okrug,Komi Republic,Urals,Northwestern,Urals,15,False
P0740,Caspian Coastal Gas Pipeline,,cancelled,2022-07-21,"Turkmenistan, Uzbekistan, Kazakhstan, Russia",,,Mary Province,Saratov Oblast,TM,Volga,TM,16,True
P0743,Dzhubga-Lazarevskoye-Sochi Gas Pipeline,,operating,2025-08-22,Russia,Krasnodar Krai,Krasnodar Krai,Krasnodar Krai,Krasnodar Krai,Volga,Volga,Volga,15,False
P0744,Dzuarikau-Tskhinvali Gas Pipeline,,operating,2023-08-11,Russia,Republic of North Ossetia,Republic of South Ossetia,Republic of North Ossetia-Alania,Shida Kartli,Volga,GE,Volga,15,False
P0746,Gryazovets-Vyborg Gas Pipeline,I,operating,2024-07-23,Russia,Vologda Oblast,Leningrad,Vologda Oblast,Leningrad Oblast,Northwestern,Northwestern,Northwestern,15,False
P0750,Minsk-Kaliningrad Interconnection Gas Pipeline,,operating,2024-09-16,"Belarus, Lithuania, Russia",,Kaliningrad Oblast,Minsk,Kaliningrad Oblast,BY,Northwestern,BY,15,False
P0751,Hajigabul-Shirvanovka-Mozdok Pipeline,,operating,2024-09-20,"Russia, Azerbaijan",,North Ossetia,Hajigabul District,Republic of North Ossetia-Alania,AZ,Volga,AZ,15,False
P0752,Nord Stream 2 Gas Pipeline,,mothballed,2023-07-20,"Russia, Finland, Sweden, Denmark, Germany",Leningrad Oblast,Mecklenburg-Vorpommern,Leningrad Oblast,Leningrad Oblast,Northwestern,Northwestern,Northwestern,16,False
P0753,Nord Stream Gas Pipeline,,mothballed,2023-07-20,"Russia, Germany",Leningrad Oblast,Mecklenburg-Vorpommern,Leningrad Oblast~off,Leningrad Oblast~off,Northwestern,Northwestern,Northwestern,15,False
P0755,Northern Tyumen Regions (SRTO)–Torzhok Gas Pipeline,,operating,2025-08-08,Russia,Yamalo-Nenets Autonomous Okrug,Tver Oblast,Khanty-Mansi Autonomous Okrug,Komi Republic,Urals,Northwestern,Urals,15,False
P0756,Pochinki-Gryazovets Gas Pipeline,,operating,2023-08-08,Russia,Nizhny Novgorod Oblast,Vologda Oblast,Nizhny Novgorod Oblast,Vologda Oblast,Volga,Northwestern,Volga,15,False
P0758,Sakhalin-Khabarovsk-Vladivostok Gas Pipeline,,operating,2025-08-14,Russia,Sakhalin region,Primorsky territory,Sakhalin Oblast,Primorsky Krai,Far Eastern,Far Eastern,Far Eastern,15,False
P0760,South Stream Gas Pipeline,,cancelled,2025-09-06,"Russia, Bulgaria, Serbia, Hungary, Croatia, Slovakia, Slovenia, Austria, Greece, Italy",Krasnodar Krai,Udine and Lower Austria,Stavropol Krai,Carinthia,Volga,AT,Volga,16,False
P0761,Soyuz Gas Pipeline,,mothballed,2024-08-23,"Russia, Ukraine, Kazakhstan",Orenburg,,Orenburg Oblast,Zakarpattia Oblast,Volga,UA,Volga,15,True
P0765,TurkStream Gas Pipeline,1,operating,2023-08-11,"Russia, Türkiye",Krasnodar Krai,Kırklareli,Kırklareli Province,Kırklareli Province~off,TR,TR,TR,14,False
P0767,Ukhta-Torzhok (Yamal) Gas Pipeline,,operating,2025-08-05,Russia,Republic of Komi,Vologda Oblast,Komi Republic,Vologda Oblast,Northwestern,Northwestern,Northwestern,15,False
P0768,Urengoy-Pomary-Uzhgorod Gas Pipeline,,operating,2023-08-09,"Russia, Ukraine",Yamalo-Nenets Autonomous Okrug,Zakarpattia Oblast,Ivano-Frankivsk Oblast,Khanty-Mansi Autonomous Okrug,UA,Urals,UA,15,True
P0769,Yamal-Europe Gas Pipeline,,idle,2024-09-16,"Russia, Belarus, Germany, Poland",Tver,,Tver Oblast,Brandenburg,Central,DE,Central,15,False
P0774,Progress Gas Pipeline,,operating,2023-08-10,"Russia, Ukraine",Tyumen region,,Yamalo-Nenets Autonomous Okrug,Zakarpattia Oblast,Urals,UA,Urals,15,True
P0775,Yelets-Kursk-Dykanka Gas Pipeline,,operating,2023-09-11,"Russia, Ukraine",Lipetsk Oblast,Poltava Oblast,Lipetsk Oblast,Poltava Oblast,Central,UA,Central,15,True
P0776,Yelets-Kursk-Kyiv Gas Pipeline,,operating,2023-09-11,"Russia, Ukraine",Lipetsk Oblast,,Lipetsk Oblast,Kiev,Central,UA,Central,15,True
P0779,Torzhok-Smolensk-Mazyr-Dolyna Gas Pipeline,,operating,2024-09-16,"Russia, Belarus, Ukraine",,,Tver Oblast,Ivano-Frankivsk Oblast,Central,UA,Central,15,True
P0783,Yelets-Kremenchuk–Kryvyi Rih Gas Pipeline,,operating,2023-09-11,"Russia, Ukraine",Lipetsk Oblast,Dnipropetrovsk Oblast,Lipetsk Oblast,Dnipropetrovsk Oblast,Central,UA,Central,15,True
P0788,Ostrogozhsk-Shebelinka Gas Pipeline,,mothballed,2023-09-11,"Ukraine, Russia",Voronezh,Kharkiv,Voronezh Oblast,Kharkiv Oblast,Central,UA,Central,15,True
P0789,Urengoy-Novopskov Gas Pipeline,,operating,2023-07-27,"Russia, Ukraine",Yamalo-Nenets Autonomous Okrug,Luhansk,Yamalo-Nenets Autonomous Okrug,Luhansk Oblast,Urals,UA,Urals,15,True
P0790,Petrovsk-Novopskov Gas Pipeline,,operating,2023-08-15,"Ukraine, Russia",Saratov Oblast,Luhansk,Saratov Oblast,Luhansk Oblast,Volga,UA,Volga,15,True
P0791,Orenburg-Novopskov Gas Pipeline,,operating,2023-08-25,"Ukraine, Kazakhstan, Russia",Orenburg,Luhansk,Orenburg Oblast,Luhansk Oblast,Volga,UA,Volga,15,True
P0793,Stavropol-Moscow Gas Pipeline,,retired,2022-08-04,"Ukraine, Russia",,,Rostov Oblast,Moscow,Volga,Central,Volga,15,True
P0828,Sakhalin-Hokkaido Gas Pipeline,,cancelled,2025-07-31,"Russia, Japan",,Hokkaido,Sakhalin Oblast,Chiba Prefecture,Far Eastern,JP,Far Eastern,15,False
P1368,TurkStream Gas Pipeline,2,operating,2023-08-11,"Russia, Türkiye",Krasnodar Krai,Kırklareli,Krasnodar Krai~off,Kırklareli Province,Volga,TR,Volga,14,False
P1439,Ukhta-Torzhok (Yamal) 2 Gas Pipeline,,operating,2025-08-05,Russia,Republic of Komi,Vologda Oblast,Komi Republic,Vologda Oblast,Northwestern,Northwestern,Northwestern,15,False
P1440,Trans-Korea Gas Pipeline,,shelved,2025-08-29,"Russia, North Korea, South Korea",,,Primorsky Krai,South Gyeongsang Province,Far Eastern,KR,Far Eastern,15,False
P1446,Chelyabinsk-Petrovsk Gas Pipeline,,operating,2023-08-14,Russia,Chelyabinsk region,Samara,Chelyabinsk Oblast,Saratov Oblast,Urals,Volga,Urals,15,False
P1455,Tula-Shostka-Kiev Gas Pipeline,,operating,2023-09-11,"Russia, Ukraine",Tula Oblast,,Tula Oblast,Kiev,Central,UA,Central,15,True
P1456,Serpukhov-Kalinin-Leningrad Pipeline,,operating,2023-08-04,Russia,,,Saint Petersburg,Moscow Oblast,Northwestern,Central,Northwestern,15,False
P1457,Taganrog-Mariupol-Berdyansk Gas Pipeline,,retired,2023-09-11,"Russia, Ukraine",Rostov,Zaporizhzhia Oblast,Rostov Oblast,Zaporizhzhya Oblast,Volga,UA,Volga,15,True
P1465,Dashava-Kiev-Bryansk-Moscow Gas Pipeline,,operating,2023-09-12,"Russia, Ukraine",Lviv Oblast,,Lviv Oblast,Moscow,UA,Central,UA,15,True
P1466,Petrovsk-Elets Gas Pipeline,,operating,2023-08-14,Russia,Saratov Oblast,Lipetsk,Saratov Oblast,Lipetsk Oblast,Volga,Central,Volga,15,False
P1470,Krasnodar Krai-Serpukhov Gas Pipeline,I,operating,2023-08-03,Russia,Krasnodar Krai,Moscow Oblast,Krasnodar Krai,Moscow Oblast,Volga,Central,Volga,15,False
P1471,Novopskov-Aksai-Mozdok Pipeline,,operating,2022-08-02,"Russia, Ukraine",,,Republic of North Ossetia-Alania,Luhansk Oblast,Volga,UA,Volga,14,True
P1472,North Caucasus-Transcaucasia Gas Pipeline,Tiblisi-Yerevan,operating,2024-09-25,"Russia, Georgia",,,Tbilisi,Ararat Province,GE,AM,GE,15,False
P1475,Maykop-Samur-Sochi Pipeline,,operating,2023-08-02,Russia,Republic of Adygea,Krasnodar Krai,Republic of Adygea,Krasnodar Krai,Volga,Volga,Volga,15,False
P1476,Makat–North Caucasus Gas Pipeline,,operating,2026-08-24,"Kazakhstan, Russia",Atyrau Region,Chechen Republic,Chechen Republic,Atyrau Province,Volga,KZ,Volga,15,True
P1477,Kumli-Kizlyar-Babayurt-Aksai Pipeline,,operating,2023-08-15,Russia,Republic of Dagestan,Republic of Dagestan,Republic of Dagestan,Republic of Dagestan,Volga,Volga,Volga,15,False
P1647,Messoyakha-Norilsk Pipeline,I,retired,2024-07-29,Russia,Krasnoyarsk Krai,Krasnoyarsk Krai,Krasnoyarsk Krai,Krasnoyarsk Krai,Siberian,Siberian,Siberian,15,False
P1783,TransSakhalin Gas Pipeline System,,operating,2024-07-03,Russia,Sakhalin Oblast,Sakhalin Oblast,Sakhalin Oblast,Sakhalin Oblast~off,Far Eastern,Far Eastern,Far Eastern,15,False
P1824,Okha-Komsomolsk Gas Pipeline,,operating,2025-08-15,Russia,Sakhalin region,Khabarovsk Territory,Sakhalin Oblast,Khabarovsk Krai,Far Eastern,Far Eastern,Far Eastern,15,False
P2027,Sakhalin-Khabarovsk-Vladivostok Gas Pipeline,Komsomolsk-on-Amur-Khabarovsk II Gas Pipeline,operating,2025-08-14,Russia,Khabarovsk territory,Khabarovsk territory,Khabarovsk Krai,Khabarovsk Krai,Far Eastern,Far Eastern,Far Eastern,15,False
P2227,Russian Federation – Turkey Natural Gas Main Transmission Line,,mothballed,2022-08-02,"Russia, Türkiye",,Ankara,Ankara Province,Kırklareli Province,TR,TR,TR,14,False
P2282,Barnaul-Biysk-Gorno-Altaysk Gas Pipeline,,operating,2023-08-16,Russia,Altai territory,Altai Republic,Altai Republic,Altai Republic,Siberian,Siberian,Siberian,15,False
P2283,Novosibirsk-Barnaul Gas Pipeline,Novosibirsk-Barnaul Segment,operating,2023-07-24,Russia,Novosibirsk Oblast,Altai Krai,Novosibirsk Oblast,Altai Republic,Siberian,Siberian,Siberian,15,False
P2285,Belousovo-Leningrad Gas Pipeline,,operating,2023-08-04,Russia,Kaluga region,Leningrad Oblast,Kaluga Oblast,Saint Petersburg,Central,Northwestern,Central,15,False
P2286,Binaradka-Ulyanovsk Gas Pipeline,,operating,2023-08-16,Russia,Samara Oblast,Ulyanovsk Oblast,Samara Oblast,Ulyanovsk Oblast,Volga,Volga,Volga,15,False
P2287,Bovanenkovo-Ukhta Gas Pipeline,Pipeline 3,construction,2025-08-05,Russia,Yamalo-Nenets Autonomus Okrug,Komi Republic,Yamalo-Nenets Autonomous Okrug,Komi Republic,Urals,Northwestern,Urals,16,False
P2288,Bryansk-Smolensk Gas Pipeline,,operating,2023-08-15,Russia,Bryansk region,Smolensk Oblast,Bryansk Oblast,Smolensk Oblast,Central,Central,Central,15,False
P2289,Bukhara-Ural Gas Pipeline,I,operating,2024-08-14,"Uzbekistan, Turkmenistan, Kazakhstan, Russia",Bukhara Region,Chelyabinsk Oblast,Bukhara Region,Chelyabinsk Oblast,UZ,Urals,UZ,15,True
P2291,Central Asia–Center Gas Pipeline,CAC-2,operating,2024-08-09,"Turkmenistan, Uzbekistan, Kazakhstan, Russia",Mary,Moscow Oblast,Moscow Oblast,Saratov Oblast,Central,Volga,Central,15,True
P2292,Central Asia–Center Gas Pipeline,CAC-3,operating,2024-08-27,"Turkmenistan, Uzbekistan, Kazakhstan, Russia",Mangystau,Belogorodsk Oblast,Mangystau Region,Belgorod Oblast,KZ,Central,KZ,15,True
P2296,Sohranovka-Oktyabrskaya Gas Pipeline,,operating,2023-08-16,Russia,Rostov Oblast,Rostov Oblast,Rostov Oblast,Rostov Oblast,Volga,Volga,Volga,15,False
P2297,Dolgoderevenskoye-Sysert Gas Pipeline,,operating,2023-08-17,Russia,Chelyabinsk region,Sverdlovsk Oblast,Sverdlovsk Oblast,Chelyabinsk Oblast,Urals,Urals,Urals,15,False
P2298,Dombarovka-Orenburg Gas Pipeline,,operating,2023-08-16,Russia,Orenburg Oblast,Orenburg Oblast,Orenburg Oblast,Orenburg Oblast,Volga,Volga,Volga,15,False
P2309,Gorky-Center Gas Pipeline,,operating,2023-08-18,Russia,Nizhny Novgorod Oblast,Kaluga Oblast,Nizhny Novgorod Oblast,Kaluga Oblast,Volga,Central,Volga,15,False
P2310,Gorky-Cherepovets Gas Pipeline,,operating,2023-07-26,Russia,Nizhny Novgorod Oblast,Vologda Oblast,Yaroslavl Oblast,Vologda Oblast,Central,Northwestern,Central,15,False
P2312,Gryazovets-Ring of the Moscow region (KGMO) Gas Pipeline,,operating,2023-08-09,Russia,Vologda Oblast,Moscow Oblast,Vologda Oblast,Moscow Oblast,Northwestern,Central,Northwestern,15,False
P2313,Gryazovets-Volkhov Gas Pipeline,,construction,2025-08-11,Russia,Vologda Oblast,Leningrad Oblast,Vologda Oblast,Leningrad Oblast,Northwestern,Northwestern,Northwestern,16,False
P2315,Igrim-Serov-Nizhny Tagil Gas Pipeline,,operating,2023-08-17,Russia,Tyumen region,Sverdlovsk Oblast,Khanty-Mansi Autonomous Okrug,Sverdlovsk Oblast,Urals,Urals,Urals,15,False
P2320,Kartaly-Magnitogorsk Gas Pipeline,I,operating,2023-08-18,Russia,Chelyabinsk region,Chelyabinsk Oblast,Chelyabinsk Oblast,Chelyabinsk Oblast,Urals,Urals,Urals,15,False
P2321,Kasimovskoye UGS-KS Voskresensk Gas Pipeline,,operating,2023-08-21,Russia,Ryazan Oblast,Moscow Oblast,Ryazan Oblast,Moscow Oblast,Central,Central,Central,15,False
P2322,Kazan-Gorky Gas Pipeline,,operating,2023-08-18,Russia,Republic of Tatarstan,Nizhny Novgorod Oblast,Republic of Tatarstan,Nizhny Novgorod Oblast,Volga,Volga,Volga,15,False
P2326,Kohtla-Järve-Leningrad Gas Pipeline,I,operating,2025-09-08,"Estonia, Russia",Estonia,Leningrad Oblast,Leningrad Oblast,Ida-Viru County,Northwestern,EE,Northwestern,15,False
P2327,Kovykta-Sayansk-Irkutsk Gas Pipeline,,proposed,2025-08-18,Russia,Irkutsk region,Irkutsk Oblast,Irkutsk Oblast,Irkutsk Oblast,Siberian,Siberian,Siberian,15,False
P2334,Srednevilyuyskoye Gas Condensate Field-Yakutsk Gas Pipeline,Taas-Tumus - Yakutsk I Gas Pipeline,operating,2024-08-01,Russia,Republic of Sakha (Yakutia),Republic of Sakha (Yakutia),Sakha Republic,Sakha Republic,Far Eastern,Far Eastern,Far Eastern,15,False
P2335,Leningrad-Vyborg-State Border Gas Pipeline,I,operating,2023-08-07,Russia,Leningrad Oblast,Leningrad Oblast,Leningrad Oblast,South Karelia,Northwestern,FI,Northwestern,15,False
P2336,Magnitogorsk-Ishimbay Gas Pipeline,,operating,2023-08-18,Russia,Chelyabinsk region,Republic of Bashkortostan,Chelyabinsk Oblast,Republic of Bashkortostan,Urals,Volga,Urals,15,False
P2337,Magnitogorsk-Sterlitamak Gas Pipeline,,operating,2023-08-21,Russia,Chelyabinsk region,Republic of Bashkortostan,Chelyabinsk Oblast,Republic of Bashkortostan,Urals,Volga,Urals,15,False
P2339,Maykop-Nevinnomyssk Gas Pipeline,,operating,2023-08-16,Russia,Reublic of Adygea,Stavropol Krai,Stavropol Krai,Republic of Adygea,Volga,Volga,Volga,15,False
P2340,Minnibaevo-Kazan Gas Pipeline,I,operating,2023-08-21,Russia,Republic of Tatarstan,Republic of Tatarstan,Republic of Tatarstan,Republic of Tatarstan,Volga,Volga,Volga,15,False
P2341,Minnibayevo-Izhevsk Gas Pipeline,,operating,2023-08-21,Russia,Republic of Tatarstan,Republic of Udmurtia,Republic of Tatarstan,Udmurt Republic,Volga,Volga,Volga,15,False
P2342,Mokrous-Samara-Tolyatti Gas Pipeline,,operating,2023-08-21,Russia,Saratov Oblast,Samara Oblast,Saratov Oblast,Samara Oblast,Volga,Volga,Volga,15,False
P2343,Mozdok-Nevinnomyssk Gas Pipeline,,operating,2023-08-15,Russia,Republic of North Ossetia-Alania,Stavropol Krai,Republic of North Ossetia-Alania,Stavropol Krai,Volga,Volga,Volga,15,False
P2346,Murmansk-Volkhov Gas Pipeline,,proposed,2025-08-11,Russia,Murmansk Oblast,Leningrad Oblast,Leningrad Oblast,Murmansk Oblast~off,Northwestern,Northwestern,Northwestern,16,False
P2348,Nadym-Punga Gas Pipeline,I,operating,2025-08-08,Russia,Yamalo-Nenets Autonomus Okrug,Khanty-Mansi Autonomous Okrug,Khanty-Mansi Autonomous Okrug,Khanty-Mansi Autonomous Okrug,Urals,Urals,Urals,15,False
P2350,Nizhnevartovsk-Parabel-Kuzbass Gas Pipeline,I,operating,2025-08-18,Russia,Tyumen region,Kemerovo region,Tomsk Oblast,Kemerovo Oblast,Siberian,Siberian,Siberian,15,False
P2351,Nizhnyaya Tura-Perm-Gorky Gas Pipeline,Nizhnyaya Tura-Perm I Gas Pipeline,operating,2023-08-18,Russia,Sverdlovsk Oblast,Perm Krai,Sverdlovsk Oblast,Perm Krai,Urals,Volga,Urals,15,False
P2352,Power of Siberia Gas Pipeline,Phase I,operating,2025-08-14,Russia,,Amur Oblas,Sakha Republic,Sakha Republic,Far Eastern,Far Eastern,Far Eastern,15,False
P2353,Power of Siberia Gas Pipeline,Phase II Kovykta-Chayanda Gas Pipeline,operating,2025-08-14,Russia,,Yakutia,Sakha Republic,Irkutsk Oblast,Far Eastern,Siberian,Far Eastern,15,False
P2355,SRTO-Surgut-Omsk Gas Pipeline,,operating,2025-08-20,Russia,Yamalo-Nenets Autonomous Okrug,Omsk Oblast,Yamalo-Nenets Autonomous Okrug,Omsk Oblast,Urals,Siberian,Urals,15,False
P2357,SRTO-Ural Gas Pipeline,I,operating,2025-08-20,Russia,Tyumen region,Sverdlovsk Oblast,Khanty-Mansi Autonomous Okrug,Sverdlovsk Oblast,Urals,Urals,Urals,15,False
P2358,Novoportovskoye Oil and Gas Condensate Field-Yamburg Gas Pipeline,,operating,2023-08-21,Russia,Yamalo-Nenets Autonomous Okrug,Yamalo-Nenets Autonomus Okrug,Yamalo-Nenets Autonomous Okrug,Yamalo-Nenets Autonomous Okrug,Urals,Urals,Urals,15,False
P2362,Omsk-Novosibirsk-Kuzbass Gas Pipeline,Omsk-Novosibirsk,operating,2025-08-19,Russia,Omsk Oblast,Novosibirsk Oblast,Omsk Oblast,Kemerovo Oblast,Siberian,Siberian,Siberian,15,False
P2364,Orenburg-Samara Gas Pipeline,,operating,2023-08-16,Russia,Orenburg Oblast,Samara Oblast,Orenburg Oblast,Samara Oblast,Volga,Volga,Volga,15,False
P2365,Orenburg-Zainsk Gas Pipeline,,operating,2023-08-16,Russia,Orenburg Oblast,Republic of Tatarstan,Republic of Tatarstan,Orenburg Oblast,Volga,Volga,Volga,15,False
P2366,Ostrogozhsk-Belousovo Gas Pipeline,,operating,2023-08-21,Russia,Voronezh Oblast,Kaluga Oblast,Voronezh Oblast,Kaluga Oblast,Central,Central,Central,15,False
P2370,Pochinki-Izobilnoe-North Stavropol Underground Gas Storage Pipeline,,operating,2023-08-08,Russia,Nizhny Novgorod Oblast,Stavropol Krai,Nizhny Novgorod Oblast,Stavropol Krai,Volga,Volga,Volga,15,False
P2371,Pochinki-Penza Gas Pipeline,,operating,2023-08-09,Russia,Nizhny Novgorod Oblast,Penza Oblast,Nizhny Novgorod Oblast,Penza Oblast,Volga,Volga,Volga,15,False
P2372,Pochinki-Yaroslavl Gas Pipeline,,operating,2023-08-09,Russia,Nizhny Novgorod Oblast,Yaroslavl Oblast,Nizhny Novgorod Oblast,Yaroslavl Oblast,Volga,Central,Volga,15,False
P2375,Polyana-Underground Gas Storage Compressor Station Pipeline,,operating,2023-08-18,Russia,Republic of Bashkortostan,Orenburg Oblast,Orenburg Oblast,Republic of Bashkortostan,Volga,Volga,Volga,15,False
P2376,Proskokovo-Achinsk-Krasnoyarsk-Kansk-Balagansk Gas Pipeline,,cancelled,2022-08-22,Russia,Kemerovo region,Irkutsk Oblast,Kemerovo Oblast,Irkutsk Oblast,Siberian,Siberian,Siberian,15,False
P2378,Punga-Vuktyl-Ukhta Gas Pipeline,I,operating,2025-08-07,Russia,Khanty-Mansi Autonomus Okrug,Komi Republic,Khanty-Mansi Autonomous Okrug,Komi Republic,Urals,Northwestern,Urals,15,False
P2379,Ring of the Moscow region-Belousovo Gas Pipeline,,operating,2023-08-09,Russia,,Kaluga Oblast,Kaluga Oblast,Moscow,Central,Central,Central,15,False
P2380,Ring of the Moscow Region Gas Pipeline,,operating,2023-08-09,Russia,Moscow Oblast,Moscow Oblast,Moscow Oblast,Moscow Oblast,Central,Central,Central,15,False
P2381,Rostov-Maykop Gas Pipeline,I,operating,2023-08-16,Russia,Yaroslavl Oblast,Republic of Adygea,Republic of Adygea,Rostov Oblast,Volga,Volga,Volga,15,False
P2383,Saratov-Gorky Gas Pipeline,,operating,2023-08-15,Russia,Saratov Oblast,Nizhny Novgorod Oblast,Saratov Oblast,Nizhny Novgorod Oblast,Volga,Volga,Volga,15,False
P2385,Saratov-Moscow Gas Pipeline,,retired,2023-08-17,Russia,Saratov Oblast,Moscow Oblast,Saratov Oblast,Moscow,Volga,Central,Volga,15,False
P2387,Shebelinka-Belgorod-Kursk-Bryansk Gas Pipeline,,operating,2023-09-11,"Russia, Ukraine",Kharkiv Oblast,Bryansk Oblast,Kharkiv Oblast,Bryansk Oblast,UA,Central,UA,15,True
P2388,Shkapovo-Ishimbay Gas Pipeline,,operating,2023-08-18,Russia,Republic of Bashkortostan,Republic of Bashkortostan,Republic of Bashkortostan,Republic of Bashkortostan,Volga,Volga,Volga,15,False
P2390,Shkapovo-Tubankul Gas Pipeline,,operating,2023-08-18,Russia,Republic of Bashkortostan,Republic of Bashkortostan,Republic of Bashkortostan,Republic of Bashkortostan,Volga,Volga,Volga,15,False
P2424,Sobolevo-Petropavlovsk-Kamchatsky Gas Pipeline,,operating,2023-07-26,Russia,Kamchatka territory,Kamchatka Krai,Kamchatka Krai,Kamchatka Krai,Far Eastern,Far Eastern,Far Eastern,15,False
P2425,Pochinki-Anapa Gas Pipeline,,construction,2025-08-20,Russia,Nizhgorod Oblast,Krasnodar Krai,Nizhny Novgorod Oblast,Krasnodar Krai,Volga,Volga,Volga,16,False
P2426,Pisarevka-Anapa Gas Pipeline,,operating,2023-08-03,Russia,Voronezh Oblast,Krasnodar Krai,Voronezh Oblast,Krasnodar Krai,Central,Volga,Central,15,False
P2429,Sverdlovsk-Nizhny Tagil Gas Pipeline,,operating,2023-08-21,Russia,Sverdlovsk Oblast,Sverdlovsk Oblast,Sverdlovsk Oblast,Sverdlovsk Oblast,Urals,Urals,Urals,15,False
P2430,Syzran-Ulyanovsk Gas Pipeline,,operating,2023-08-21,Russia,Samara Oblast,Ulyanovsk Oblast,Samara Oblast,Ulyanovsk Oblast,Volga,Volga,Volga,15,False
P2431,Tas-Yuryakh-Mirny-Udachny Gas Pipeline,Tas-Yuryakh-Mirny-Aykhal Gas Pipeline,operating,2023-07-21,Russia,Respublic of Sakha (Yakutia),Republic of Sakha (Yakutia),Sakha Republic,Sakha Republic,Far Eastern,Far Eastern,Far Eastern,15,False
P2432,Torzhok-Valdai Gas Pipeline,,operating,2023-08-14,Russia,Tver Oblast,Novgorod Oblast,Novgorod Oblast,Tver Oblast,Northwestern,Central,Northwestern,15,False
P2433,Tula-Torzhok Gas Pipeline,,operating,2023-08-09,Russia,Tula Oblast,Tver Oblast,Tver Oblast,Tula Oblast,Central,Central,Central,15,False
P2435,Tuymazy-Ufa Gas Pipeline,,operating,2023-08-18,Russia,Republic of Bashkortostan,Republic of Bashkortostan,Republic of Bashkortostan,Republic of Bashkortostan,Volga,Volga,Volga,15,False
P2437,Ukhta-Cheboksary Gas Pipeline,,shelved,2025-08-21,Russia,Republic of Komi,Republic of Chuvashia,Komi Republic,Chuvash Republic,Northwestern,Volga,Northwestern,16,False
P2440,Urengoy-Chelyabinsk Gas Pipeline,,operating,2023-08-17,Russia,Yamalo-Nenets Autonomus Okrug,Chelyabinsk Oblast,Yamalo-Nenets Autonomous Okrug,Chelyabinsk Oblast,Urals,Urals,Urals,15,False
P2447,Valdai-Pskov-Riga Gas Pipeline,,operating,2023-08-14,"Russia, Estonia, Latvia",Novgorod Oblast,Latvia,Novgorod Oblast,Riga,Northwestern,LV,Northwestern,15,False
P2450,Yamburg-Tula Gas Pipeline,I,operating,2023-07-27,Russia,Yamalo-Nenets Autonomus Okrug,Tula Oblast,Yamalo-Nenets Autonomous Okrug,Tula Oblast,Urals,Central,Urals,15,False
P2458,Yurga-Novosibirsk Gas Pipeline,,operating,2025-08-19,Russia,Kemerovo region,Novosibirsk Oblast,Kemerovo Oblast,Novosibirsk Oblast,Siberian,Siberian,Siberian,15,False
P2459,Zapolyarnoye-Novy Urengoy Gas Pipeline,,operating,2023-07-26,Russia,Yamalo-Nenets Autonomus Okrug,Yamalo-Nenets Oblast,Yamalo-Nenets Autonomous Okrug,Yamalo-Nenets Autonomous Okrug,Urals,Urals,Urals,15,False
P2703,Achinsk-Abakan Gas Pipeline,,cancelled,2022-08-22,Russia,,,Krasnoyarsk Krai,Krasnoyarsk Krai,Siberian,Siberian,Siberian,16,False
P2705,Ust-Kamovskaya - Lesosibirsk - Achinsk Gas Pipeline,,cancelled,2022-07-12,Russia,,,Krasnoyarsk Krai,Krasnoyarsk Krai,Siberian,Siberian,Siberian,14,False
P2706,Yakutsk-Aldan Gas Pipeline,,cancelled,2022-07-12,Russia,,,Sakha Republic,Sakha Republic,Far Eastern,Far Eastern,Far Eastern,14,False
P2707,Ukhta-Torzhok (Yamal) 3 Gas Pipeline,,proposed,2025-08-05,Russia,Republic of Komi,Vologda Oblast,Komi Republic,Vologda Oblast,Northwestern,Northwestern,Northwestern,16,False
P3175,Tas-Yuryakh-Mirny-Udachny Gas Pipeline,Aykhal-Udachny Branch Gas Pipeline,construction,2025-08-20,Russia,Respublic of Sakha (Yakutia),Respublic of Sakha (Yakutia),Sakha Republic,Sakha Republic,Far Eastern,Far Eastern,Far Eastern,16,False
P3176,Gryazovets-Volkhov-Slavyanskaya Gas Pipeline,,operating,2023-07-21,Russia,Vologda Oblast,Leningrad Oblast,Vologda Oblast,Leningrad Oblast,Northwestern,Northwestern,Northwestern,15,False
P3208,Power of Siberia Gas Pipeline,Phase I Expansion,cancelled,2025-08-14,Russia,Amur region,Khabarovsk Krai,Khabarovsk Krai,Amur Oblast,Far Eastern,Far Eastern,Far Eastern,15,False
P3361,Srednevilyuyskoye Gas Condensate Field-Yakutsk Gas Pipeline,Kysyl-Syr - Mastakh III Gas Pipeline,operating,2025-08-19,Russia,Republic of Sakha (Yakutia),Republic of Sakha (Yakutia),Sakha Republic,Sakha Republic,Far Eastern,Far Eastern,Far Eastern,16,False
P3364,Srednevilyuyskoye Gas Condensate Field-Yakutsk Gas Pipeline,Mastakh-Berge I Gas Pipeline,operating,2024-07-31,Russia,Republic of Sakha (Yakutia),Republic of Sakha (Yakutia),Sakha Republic,Sakha Republic,Far Eastern,Far Eastern,Far Eastern,15,False
P3365,Srednevilyuyskoye Gas Condensate Field-Yakutsk Gas Pipeline,Kysyl-Syr - Mastakh I Gas Pipeline,operating,2024-07-31,Russia,Republic of Sakha (Yakutia),Republic of Sakha (Yakutia),Sakha Republic,Sakha Republic,Far Eastern,Far Eastern,Far Eastern,15,False
P3367,Novosibirsk-Barnaul Gas Pipeline,Barnaul-Shakhi Segment,operating,2023-07-24,Russia,Altai territory,Altai Krai,Altai Republic,Altai Republic,Siberian,Siberian,Siberian,15,False
P3368,Novosibirsk-Barnaul Gas Pipeline,Shakhi-Rebrikha Segment,operating,2023-07-24,Russia,Altai territory,Altai Krai,Altai Republic,Altai Republic,Siberian,Siberian,Siberian,15,False
P3369,Novosibirsk-Barnaul Gas Pipeline,Rebrikha-Rubtsovsk Segment,proposed,2024-07-17,Russia,Altai territory,Altai Krai,Altai Republic,Altai Republic,Siberian,Siberian,Siberian,15,False
P3370,Novosibirsk-Barnaul Gas Pipeline,Rebrikha-Slavgorod Segment,proposed,2024-07-17,Russia,Altai territory,Altai Krai,Altai Republic,Altai Republic,Siberian,Siberian,Siberian,15,False
P3483,Torzhok-Minsk-Ivatsevichy Gas Pipeline,I,operating,2024-09-16,"Russia, Belarus",,,Tver Oblast,Brest Region,Central,BY,Central,15,False
P3493,Urengoy-Petrovsk Gas Pipeline,,operating,2023-07-27,Russia,Yamalo-Nenets Autonomous Okrug,Saratov Oblast,Yamalo-Nenets Autonomous Okrug,Saratov Oblast,Urals,Volga,Urals,15,False
P3500,Yamburg-Yelets Gas Pipeline,I,operating,2023-08-10,Russia,Yamalo-Nenets Autonomous Okrug,Lipetsk Oblast,Yamalo-Nenets Autonomous Okrug,Lipetsk Oblast,Urals,Central,Urals,15,False
P3506,Yamburg-Volga Region Gas Pipeline,,operating,2023-08-22,Russia,Yamalo-Nenets Autonomous Okrug,Saratov Oblast,Yamalo-Nenets Autonomous Okrug,Saratov Oblast,Urals,Volga,Urals,15,False
P3507,Urengoy-Center Gas Pipeline,I,operating,2023-08-09,Russia,Yamalo-Nenets Autonomous Okrug,Tambov Oblast,Yamalo-Nenets Autonomous Okrug,Tambov Oblast,Urals,Central,Urals,15,False
P3603,Power of Siberia 2 Gas Pipeline,Sayansk Branch Pipeline,cancelled,2025-08-14,Russia,,,Republic of Buryatia,Irkutsk Oblast,Siberian,Siberian,Siberian,15,False
P3604,Angarskaya Gas Pipeline,,cancelled,2024-07-15,Russia,Krasnoyarsk Krai,Irkutsk Oblast,Irkutsk Oblast,Krasnoyarsk Krai,Siberian,Siberian,Siberian,16,False
P3607,Kharasaveyskoye–Bovanenkovskoye Gas Pipeline,,construction,2025-08-14,Russia,Yamalo-Nenets Autonomus Okrug,Yamalo-Nenets Autonomus Okrug,Yamalo-Nenets Autonomous Okrug~off,Yamalo-Nenets Autonomous Okrug,Urals,Urals,Urals,16,False
P3714,Vladimir Filanovsky Gas Pipeline,,operating,2023-08-18,Russia,,Stavropol Krai,Astrakhan Oblast~off,Stavropol Krai,Volga,Volga,Volga,15,False
P3894,Sakhalin-Khabarovsk-Vladivostok Gas Pipeline,Main Line Capacity Upgrade,proposed,2025-08-14,"Russia, China",Khabarovsk territory,Heilongjiang,,,,,,15,True
P3895,Sakhalin-Khabarovsk-Vladivostok Gas Pipeline,Dalnerechensk-Hulin Gas Pipeline,proposed,2025-08-14,"Russia, China",Primorsky territory,Heilongjiang,Primorsky Krai,Heilongjiang,Far Eastern,CN,Far Eastern,15,False
P3896,Kysyl-Syr-Amga-Ayan Gas Pipeline,,proposed,2025-08-15,Russia,Sakha Republic,Khabarovsk Krai,Sakha Republic,Khabarovsk Krai,Far Eastern,Far Eastern,Far Eastern,16,False
P3955,Kartaly-Rudny-Kostanai Gas Pipeline,,operating,2026-09-24,"Russia, Kazakhstan",Chelyabinsk Region,Kostanay Region,Chelyabinsk Oblast,Kostanay Region,Urals,KZ,Urals,15,True
P3971,Zam'yany-Bugrinskoye Gas Pipeline,,proposed,2023-07-27,Russia,Astrakhan region,Astrakhan Oblast,Astrakhan Oblast,Republic of Kalmykia,Volga,Volga,Volga,15,False
P3972,Kharabali-Akhtubinsk 2-Akhtubinsk 1 Gas Pipeline,,proposed,2023-07-27,Russia,Astrakhan region,Astrakhan Oblast,Astrakhan Oblast,Astrakhan Oblast,Volga,Volga,Volga,15,False
P3973,Puchezh-Yuryevets Gas Pipeline,,proposed,2023-07-26,Russia,Ivanovo region,Ivanovo Oblast,Ivanovo Oblast,Ivanovo Oblast,Central,Central,Central,15,False
P3974,Palekh-Lukh Gas Pipeline,,proposed,2023-07-26,Russia,Ivanovo region,Ivanovo Oblast,Ivanovo Oblast,Ivanovo Oblast,Central,Central,Central,15,False
P3975,Mishkino-Yurgamysh-Kurgan Gas Pipeline,,operating,2023-08-22,Russia,Kurgan Oblast,Kurgan Oblast,Kurgan Oblast,Kurgan Oblast,Urals,Urals,Urals,15,False
P3976,Mishkino-Yurgamysh-Kurgan Gas Pipeline,Yurgamysh-Kurtamysh segment,operating,2023-07-21,Russia,Kurgan Oblast,Kurgan Oblast,Kurgan Oblast,Kurgan Oblast,Urals,Urals,Urals,15,False
P3977,Shumikha-Almenevo Gas Pipeline,,proposed,2023-07-24,Russia,Kurgan Oblast,Kurgan Oblast,Kurgan Oblast,Kurgan Oblast,Urals,Urals,Urals,15,False
P3978,Vargashi-Lebyazhye Gas Pipeline,,proposed,2023-07-25,Russia,Kurgan Oblast,Kurgan Oblast,Kurgan Oblast,Kurgan Oblast,Urals,Urals,Urals,15,False
P3979,Lebyazhye-Makushino Gas Pipeline,,proposed,2023-07-24,Russia,Kurgan Oblast,Kurgan Oblast,Kurgan Oblast,Kurgan Oblast,Urals,Urals,Urals,15,False
P3980,Andreevskaya-Ingaly-Bolsherechenskaya Gas Pipeline,,proposed,2023-07-25,Russia,Omsk Oblast,Omsk Oblast,Omsk Oblast,Omsk Oblast,Siberian,Siberian,Siberian,15,False
P3981,Bolsherechenskaya-Tarskaya Gas Pipeline,,proposed,2023-07-24,Russia,Omsk Oblast,Omsk Oblast,Omsk Oblast,Omsk Oblast,Siberian,Siberian,Siberian,15,False
P3982,Tyukalinsk-Valuevskaya-Nalimovskaya-Nazyvaevsk Gas Pipeline,,construction,2023-07-24,Russia,Omsk Oblast,Omsk Oblast,Omsk Oblast,Omsk Oblast,Siberian,Siberian,Siberian,15,False
P3990,CS-12-Ust-Vym-Chasovo-Zelenets-Syktyvkar Gas Pipeline,,proposed,2023-07-25,Russia,Republic of Komi,Komi Republic,Komi Republic,Komi Republic,Northwestern,Northwestern,Northwestern,16,False
P3991,Vylgort-Pazhga Gas Pipeline,,proposed,2023-07-25,Russia,Republic of Komi,Komi Republic,Komi Republic,Komi Republic,Northwestern,Northwestern,Northwestern,15,False
P3992,Pazhga-Vizinga Gas Pipeline,,proposed,2023-07-25,Russia,Republic of Komi,Komi Republic,Komi Republic,Komi Republic,Northwestern,Northwestern,Northwestern,15,False
P3996,Zaterechny Gas Distribution Station Gas Pipeline,,proposed,2023-07-28,Russia,Stavropol Krai,Stavropol Krai,Stavropol Krai,Stavropol Krai,Volga,Volga,Volga,15,False
P3997,Zaterechny Gas Distribution Station Gas Pipeline,Connecting segment,proposed,2023-07-28,Russia,Stavropol Krai,Stavropol Krai,Stavropol Krai,Stavropol Krai,Volga,Volga,Volga,15,False
P3998,Zaterechny-Velichaevskoe Gas Pipeline,,proposed,2023-07-28,Russia,Stavropol Krai,Stavropol Krai,Stavropol Krai,Stavropol Krai,Volga,Volga,Volga,15,False
P4012,Gorky-Cherepovets Gas Pipeline,Burmakino-Rybinsk Gas Pipeline,proposed,2025-08-19,Russia,Yaroslavl region,Yaroslavl Oblast,Yaroslavl Oblast,Vologda Oblast,Central,Northwestern,Central,15,False
P4013,Borok-Breytovo Gas Pipeline,,proposed,2023-07-26,Russia,Yaroslavl Oblast,Yaroslavl Oblast,Yaroslavl Oblast,Yaroslavl Oblast,Central,Central,Central,15,False
P4056,Novokuznetsk-Prokopyevsk Gas Pipeline,,proposed,2023-07-24,Russia,Kemerovo region,Kemerovo Oblast,Kemerovo Oblast,Kemerovo Oblast,Siberian,Siberian,Siberian,15,False
P4063,Zorkino-Balakovo Gas Pipeline,,proposed,2023-07-31,Russia,Saratov Oblast,Saratov Oblast,Saratov Oblast,Saratov Oblast,Volga,Volga,Volga,16,False
P4076,Sheksna-Kirillov-Lipin Bor-Vytegra-Pudozh Gas Pipeline,Stage I: Sheksna-Kirillov Gas Pipeline,operating,2025-08-12,Russia,Vologda Oblast,Vologda Oblast,Vologda Oblast,Vologda Oblast,Northwestern,Northwestern,Northwestern,15,False
P4077,Sheksna-Kirillov-Lipin Bor-Vytegra-Pudozh Gas Pipeline,Stage II: Kirillov-Lipin Bor Gas Pipeline,operating,2025-08-12,Russia,Vologda Oblast,Vologda Oblast,Vologda Oblast,Vologda Oblast,Northwestern,Northwestern,Northwestern,15,False
P4078,Sheksna-Kirillov-Lipin Bor-Vytegra-Pudozh Gas Pipeline,Stage III: Lipin Bor-Vytegra Gas Pipeline,operating,2025-08-12,Russia,Vologda Oblast,Vologda Oblast,Vologda Oblast,Vologda Oblast,Northwestern,Northwestern,Northwestern,15,False
P4080,Ustyuzhna Gas Pipeline,,proposed,2023-07-21,Russia,Vologda Oblast,Vologda Oblast,Vologda Oblast,Vologda Oblast,Northwestern,Northwestern,Northwestern,15,False
P4083,Sokol-Kharovsk Gas Pipeline,,proposed,2023-07-21,Russia,Vologda Oblast,Vologda Oblast,Vologda Oblast,Vologda Oblast,Northwestern,Northwestern,Northwestern,15,False
P4085,Olonets-Pitkyaranta Gas Pipeline,,construction,2023-08-01,Russia,Republic of Karelia,Republic of Karelia,Republic of Karelia,Republic of Karelia,Northwestern,Northwestern,Northwestern,15,False
P4092,Priozersk-Ikhala Gas Pipeline,,proposed,2023-07-21,Russia,Leningrad Oblast,Republic of Karelia,Leningrad Oblast,Republic of Karelia,Northwestern,Northwestern,Northwestern,15,False
P4093,Ikhala-Sortavala Gas Pipeline,,proposed,2023-07-21,Russia,Republic of Karelia,Republic of Karelia,Republic of Karelia,Republic of Karelia,Northwestern,Northwestern,Northwestern,15,False
P4094,Volkhov-Segezha-Kostomuksha Gas Pipeline,Stage I: Volkhov-Medvezhyegorsk Gas Pipeline,proposed,2025-08-11,Russia,Leningrad Oblast,Republic of Karelia,Leningrad Oblast,Republic of Karelia,Northwestern,Northwestern,Northwestern,15,False
P4095,Volkhov-Segezha-Kostomuksha Gas Pipeline,Stage II: Medvezhyegorsk-Segezha Gas Pipeline,proposed,2025-08-11,Russia,Republic of Karelia,Republic of Karelia,Republic of Karelia,Republic of Karelia,Northwestern,Northwestern,Northwestern,15,False
P4096,Volkhov-Segezha-Kostomuksha Gas Pipeline,Stage III: Segezha-Kostomuksha Gas Pipeline,proposed,2025-08-11,Russia,Republic of Karelia,Republic of Karelia,Republic of Karelia,Republic of Karelia,Northwestern,Northwestern,Northwestern,15,False
P4109,Mannovka-Ust-Luga Gas Pipeline,,proposed,2023-07-21,Russia,Leningrad Oblast,Leningrad Oblast,Leningrad Oblast,Leningrad Oblast,Northwestern,Northwestern,Northwestern,15,False
P4110,Karasuk-Bagan-Kupino-Chistoozernoe-Chany Gas Pipeline,,proposed,2023-07-25,Russia,Novosibirsk Oblast,Novosibirsk Oblast,Novosibirsk Oblast,Novosibirsk Oblast,Siberian,Siberian,Siberian,15,False
P4111,Bolshoy Kamen-Vrangel Gas Pipeline,,construction,2025-08-21,Russia,Primorsky Krai,Primorsky Krai,Primorsky Krai,Primorsky Krai,Far Eastern,Far Eastern,Far Eastern,16,False
P4112,Kokshamary Gas Pipeline,,operating,2023-07-27,Russia,Mari El Republic,Mari El Republic,Mari El Republic,Mari El Republic,Volga,Volga,Volga,15,False
P4130,Stomino-Nikitenki Gas Pipeline,,construction,2023-07-21,Russia,Smolensk Oblast,Smolensk Oblast,Smolensk Oblast,Smolensk Oblast,Central,Central,Central,15,False
P4131,Selivanovo Gas Pipeline,,proposed,2023-07-21,Russia,Smolensk Oblast,Smolensk Oblast,Smolensk Oblast,Smolensk Oblast,Central,Central,Central,15,False
P4132,Smolenskaya GRES-Zharkovskii Gas Pipeline,,operating,2024-07-19,Russia,Smolensk Oblast,Tver Oblast,Smolensk Oblast,Tver Oblast,Central,Central,Central,15,False
P4142,Rzhev-Olenino-Zapadnaya Dvina Gas Pipeline,Rzhev-Olenino-Zapadnaya Dvina Gas Pipeline,proposed,2023-07-26,Russia,Tver Oblast,Tver Oblast,Tver Oblast,Tver Oblast,Central,Central,Central,15,False
P4143,Rzhev-Olenino-Zapadnaya Dvina Gas Pipeline,Nikitino-Nelidovo Segment,proposed,2023-07-26,Russia,Tver Oblast,Tver Oblast,Tver Oblast,Tver Oblast,Central,Central,Central,15,False
P4144,Alkhazurovo-Shatoi Gas Pipeline,,proposed,2023-07-31,Russia,Chechen Republic,Chechen Republic,Chechen Republic,Chechen Republic,Volga,Volga,Volga,15,False
P4145,Nadym-Punga Gas Pipeline,II,operating,2025-08-08,Russia,Yamalo-Nenets Autonomus Okrug,Khanty-Mansi Autonomous Okrug,Khanty-Mansi Autonomous Okrug,Yamalo-Nenets Autonomous Okrug,Urals,Urals,Urals,15,False
P4146,Nadym-Punga Gas Pipeline,III,operating,2025-08-08,Russia,Yamalo-Nenets Autonomus Okrug,Khanty-Mansi Autonomous Okrug,Khanty-Mansi Autonomous Okrug,Yamalo-Nenets Autonomous Okrug,Urals,Urals,Urals,15,False
P4147,Nadym-Punga Gas Pipeline,IV,operating,2025-08-08,Russia,Yamalo-Nenets Autonomus Okrug,Khanty-Mansi Autonomous Okrug,Khanty-Mansi Autonomous Okrug,Yamalo-Nenets Autonomous Okrug,Urals,Urals,Urals,15,False
P4148,Nadym-Punga Gas Pipeline,V,operating,2025-08-08,Russia,Yamalo-Nenets Autonomus Okrug,Khanty-Mansi Autonomous Okrug,Khanty-Mansi Autonomous Okrug,Yamalo-Nenets Autonomous Okrug,Urals,Urals,Urals,15,False
P4149,Bezhanitsy-Novorzhev Gas Pipeline,,proposed,2023-07-21,Russia,Pskov Oblast,Pskov Oblast,Pskov Oblast,Pskov Oblast,Northwestern,Northwestern,Northwestern,15,False
P4150,Novorzhev-Pushkinskiye Gory Gas Pipeline,,proposed,2023-07-21,Russia,Pskov Oblast,Pskov Oblast,Pskov Oblast,Pskov Oblast,Northwestern,Northwestern,Northwestern,15,False
P4156,Pushkinskiye Gory-Opochka Gas Pipeline,,proposed,2023-07-21,Russia,Pskov Oblast,Pskov Oblast,Pskov Oblast,Pskov Oblast,Northwestern,Northwestern,Northwestern,15,False
P4166,Novosokolniki-Pustoshka Gas Pipeline,,proposed,2023-07-31,Russia,Pskov Oblast,Pskov Oblast,Pskov Oblast,Pskov Oblast,Northwestern,Northwestern,Northwestern,15,False
P4167,Pustoshka-Idritsa Gas Pipeline,,proposed,2023-07-31,Russia,Pskov Oblast,Pskov Oblast,Pskov Oblast,Pskov Oblast,Northwestern,Northwestern,Northwestern,15,False
P4171,Pskov-Strugi Krasnye Gas Pipeline,,proposed,2023-07-21,Russia,Pskov Oblast,Pskov Oblast,Pskov Oblast,Pskov Oblast,Northwestern,Northwestern,Northwestern,15,False
P4172,Gdov-Slantsy Gas Pipeline,,proposed,2023-07-21,Russia,Pskov Oblast,Leningrad Oblast,Pskov Oblast,Leningrad Oblast,Northwestern,Northwestern,Northwestern,15,False
P4210,Sheksna-Kirillov-Lipin Bor-Vytegra-Pudozh Gas Pipeline,Stage IV: Vytegra-Pudozh Gas Pipeline,construction,2025-08-12,Russia,Vologda Oblast,Republic of Karelia,Vologda Oblast,Republic of Karelia,Northwestern,Northwestern,Northwestern,15,False
P4311,Yamburg-Tula Gas Pipeline,II,operating,2023-07-27,Russia,Yamalo-Nenets Autonomus Okrug,Tula Oblast,Yamalo-Nenets Autonomous Okrug,Tula Oblast,Urals,Central,Urals,15,False
P4559,China-Russia Binhai-Jilin Overseas Landing  Gas Pipeline,Russia Coastal Region-Jilin Hunchun,shelved,2025-08-20,"Russia, China",,Jilin,Jilin,Jilin,CN,CN,CN,15,False
P5091,Prokopyevsky-Toutunhe Pipeline,,cancelled,2025-09-08,"Russia, China",,Xinjiang,Kemerovo Oblast,Xinjiang,Siberian,CN,Siberian,16,False
P5402,Bovanenkovo-Ukhta Gas Pipeline,Pipeline 4,proposed,2025-08-05,Russia,Yamalo-Nenets Autonomus Okrug,Komi Republic,Yamalo-Nenets Autonomous Okrug,Komi Republic,Urals,Northwestern,Urals,15,False
P5403,Bovanenkovo-Ukhta Gas Pipeline,Pipeline 5,proposed,2025-08-05,Russia,Yamalo-Nenets Autonomus Okrug,Komi Republic,Yamalo-Nenets Autonomous Okrug,Komi Republic,Urals,Northwestern,Urals,15,False
P5404,Bovanenkovo-Ukhta Gas Pipeline,Pipeline 6,construction,2025-08-05,Russia,Yamalo-Nenets Autonomus Okrug,Komi Republic,Yamalo-Nenets Autonomous Okrug,Komi Republic,Urals,Northwestern,Urals,15,False
P5409,Power of Siberia 2 Gas Pipeline,Soyuz Vostok Gas Pipeline,proposed,2025-08-14,"Russia, Mongolia, China",Republic of Buryatia,Shanghai,Shanghai,Selenge Province,CN,MN,CN,16,False
P5410,Russia-Kazakhstan-China Gas Pipeline,,proposed,2026-08-20,"Russia, Kazakhstan",Altai territory,Xinjiang,Altai Republic,East Kazakhstan Region,Siberian,KZ,Siberian,15,True
P5414,Komsomolsk-Surgut-Chelyabinsk Gas Pipeline,,operating,2023-08-17,Russia,Yamalo-Nenets Autonomus Okrug,Chelyabinsk Oblast,Yamalo-Nenets Autonomous Okrug,Chelyabinsk Oblast,Urals,Urals,Urals,15,False
P5510,Kovykta-Sayansk-Irkutsk Gas Pipeline,,proposed,2025-08-18,Russia,Irkutsk region,Irkutsk Oblast,Irkutsk Oblast,Irkutsk Oblast,Siberian,Siberian,Siberian,16,False
P5517,Omsk-Novosibirsk-Kuzbass Gas Pipeline,Novosibirsk-Kuzbass,operating,2025-08-19,Russia,Novosibirsk Oblast,Kemerovo Oblast,Novosibirsk Oblast,Kemerovo Oblast,Siberian,Siberian,Siberian,15,False
P5521,Belogorsk-Khabarovsk Gas Pipeline,,construction,2025-08-15,Russia,Amur region,Khabarovsk Territory,Amur Oblast,Khabarovsk Krai,Far Eastern,Far Eastern,Far Eastern,15,False
P5534,Gryazovets-Leningrad Gas Pipeline,I,operating,2025-08-13,Russia,Vologda Oblast,,Vologda Oblast,Vologda Oblast,Northwestern,Northwestern,Northwestern,15,False
P5535,Gryazovets-Leningrad Gas Pipeline,II,operating,2025-08-13,Russia,Vologda Oblast,,Leningrad Oblast,Leningrad Oblast,Northwestern,Northwestern,Northwestern,15,False
P5537,Punga-Vuktyl-Ukhta Gas Pipeline,II,operating,2025-08-07,Russia,Khanty-Mansi Autonomus Okrug,Komi Republic,Khanty-Mansi Autonomous Okrug,Komi Republic,Urals,Northwestern,Urals,15,False
P5538,Punga-Ukhta-Gryazovets Gas Pipeline,III,operating,2025-08-07,Russia,Khanty-Mansi Autonomus Okrug,Komi Republic,Komi Republic,Khanty-Mansi Autonomous Okrug,Northwestern,Urals,Northwestern,15,False
P5539,Punga-Ukhta-Gryazovets Gas Pipeline,IV,operating,2025-08-07,Russia,Republic of Komi,Vologda Oblast,Komi Republic,Vologda Oblast,Northwestern,Northwestern,Northwestern,15,False
P5540,Vuktyl-Ukhta Gas Pipeline,II,operating,2025-08-06,Russia,Republic of Komi,Komi Republic,Komi Republic,Khanty-Mansi Autonomous Okrug,Northwestern,Urals,Northwestern,15,False
P5541,Ukhta-Torzhok (Vuktyl) Gas Pipeline,I,operating,2025-08-06,Russia,Republic of Komi,Tver Oblast,Tver Oblast,Tver Oblast,Central,Central,Central,15,False
P5542,Ukhta-Torzhok (Vuktyl) Gas Pipeline,II,operating,2025-08-06,Russia,Republic of Komi,Tver Oblast,Arkhangelsk Oblast,Tver Oblast,Northwestern,Central,Northwestern,15,False
P5543,Ukhta-Torzhok (Vuktyl) Gas Pipeline,III,operating,2025-08-06,Russia,Republic of Komi,Tver Oblast,Komi Republic,Tver Oblast,Northwestern,Central,Northwestern,15,False
P5551,Krasnodar Krai-Serpukhov Gas Pipeline,II,operating,2023-08-03,Russia,Krasnodar Krai,Moscow Oblast,Krasnodar Krai,Moscow Oblast,Volga,Central,Volga,15,False
P5584,Belousovo-Leningrad Gas Pipeline,Looping Gas Pipeline,cancelled,2024-07-17,Russia,Leningrad region,Leningrad region,Leningrad Oblast,Saint Petersburg,Northwestern,Northwestern,Northwestern,17,False
P5585,Gryazovets-Vyborg Gas Pipeline,II,operating,2024-07-23,Russia,Vologda Oblast,Leningrad,Leningrad Oblast,Leningrad Oblast,Northwestern,Northwestern,Northwestern,15,False
P5589,Kohtla-Järve-Leningrad Gas Pipeline,II,operating,2025-09-08,"Estonia, Russia",Estonia,Leningrad Oblast,Saint Petersburg,Saint Petersburg,Northwestern,Northwestern,Northwestern,15,False
P5590,Leningrad-Vyborg-State Border Gas Pipeline,II,operating,2025-09-09,Russia,Leningrad Oblast,Leningrad Oblast,Leningrad Oblast,South Karelia,Northwestern,FI,Northwestern,15,False
P5612,Urengoy-Center Gas Pipeline,II,operating,2023-08-09,Russia,Yamalo-Nenets Autonomous Okrug,Tambov Oblast,Yamalo-Nenets Autonomous Okrug,Tambov Oblast,Urals,Central,Urals,15,False
P5621,Yamburg-Yelets Gas Pipeline,II,operating,2023-08-10,Russia,Yamalo-Nenets Autonomous Okrug,Lipetsk Oblast,Yamalo-Nenets Autonomous Okrug,Lipetsk Oblast,Urals,Central,Urals,15,False
P5654,Torzhok-Minsk-Ivatsevichy Gas Pipeline,II,operating,2024-09-16,"Russia, Belarus",,,Tver Oblast,Brest Region,Central,BY,Central,15,False
P5655,Torzhok-Minsk-Ivatsevichy Gas Pipeline,III,operating,2024-09-16,"Russia, Belarus",,,Tver Oblast,Brest Region,Central,BY,Central,15,False
P5656,Petrovsk-Elets Gas Pipeline,Looping,operating,2023-08-15,Russia,,,,,,,,15,False
P5665,Rostov-Maykop Gas Pipeline,II,operating,2023-08-16,Russia,Yaroslavl Oblast,Republic of Adygea,,,,,,15,False
P5666,Messoyakha-Norilsk Pipeline,II,operating,2024-07-29,Russia,Krasnoyarsk Krai,Krasnoyarsk Krai,Krasnoyarsk Krai,Krasnoyarsk Krai,Siberian,Siberian,Siberian,15,False
P5667,Messoyakha-Norilsk Pipeline,III,operating,2024-07-29,Russia,Krasnoyarsk Krai,Krasnoyarsk Krai,Krasnoyarsk Krai,Krasnoyarsk Krai,Siberian,Siberian,Siberian,15,False
P5668,Messoyakha-Norilsk Pipeline,IV,operating,2024-07-29,Russia,Krasnoyarsk Krai,Krasnoyarsk Krai,Krasnoyarsk Krai,Krasnoyarsk Krai,Siberian,Siberian,Siberian,15,False
P5686,Urengoy-Chelyabinsk Gas Pipeline,Dolgoderevenskoye-Krasnogorsk Looping Gas Pipeline,operating,2023-08-17,Russia,Chelyabinsk region,Chelyabinsk Oblast,Chelyabinsk Oblast,Chelyabinsk Oblast,Urals,Urals,Urals,15,False
P5695,Bukhara-Ural Gas Pipeline,II,operating,2024-08-14,"Uzbekistan, Turkmenistan, Kazakhstan, Russia",Bukhara Region,Sverdlovsk Oblast,Bukhara Region,Chelyabinsk Oblast,UZ,Urals,UZ,15,True
P5712,Nizhnyaya Tura-Perm-Gorky Gas Pipeline,Nizhnyaya Tura-Perm II Gas Pipeline,operating,2023-08-18,Russia,Sverdlovsk Oblast,Perm Krai,Sverdlovsk Oblast,Nizhny Novgorod Oblast,Urals,Volga,Urals,15,False
P5714,Nizhnyaya Tura-Perm-Gorky Gas Pipeline,Nizhnyaya Tura-Perm III Gas Pipeline,operating,2023-08-18,Russia,Sverdlovsk Oblast,Perm Krai,Perm Krai,Nizhny Novgorod Oblast,Volga,Volga,Volga,15,False
P5715,Nizhnyaya Tura-Perm-Gorky Gas Pipeline,Perm-Gorky I Gas Pipeline,operating,2023-08-18,Russia,Perm Krai,Nizhny Novgorod Oblast,Perm Krai,Nizhny Novgorod Oblast,Volga,Volga,Volga,15,False
P5716,Nizhnyaya Tura-Perm-Gorky Gas Pipeline,Perm-Gorky II Gas Pipeline,operating,2023-08-18,Russia,Perm Krai,Nizhny Novgorod Oblast,Perm Krai,Nizhny Novgorod Oblast,Volga,Volga,Volga,15,False
P5717,Kartaly-Magnitogorsk Gas Pipeline,II,operating,2023-08-18,Russia,Chelyabinsk region,Chelyabinsk Oblast,Chelyabinsk Oblast,Chelyabinsk Oblast,Urals,Urals,Urals,15,False
P5743,Ishimbay-Ufa Gas Pipeline,,operating,2023-08-21,Russia,Republic of Bashkortostan,Republic of Bashkortostan,Republic of Bashkortostan,Republic of Bashkortostan,Volga,Volga,Volga,15,False
P5744,Minnibaevo-Kazan Gas Pipeline,II,operating,2023-08-21,Russia,Republic of Tatarstan,Republic of Tatarstan,Republic of Tatarstan,Republic of Tatarstan,Volga,Volga,Volga,15,False
P5745,SRTO-Ural Gas Pipeline,II,operating,2025-08-20,Russia,Tyumen region,Sverdlovsk Oblast,Khanty-Mansi Autonomous Okrug,Sverdlovsk Oblast,Urals,Urals,Urals,15,False
P5746,Novospassk-Ulyanovsk Gas Pipeline,,operating,2023-08-21,Russia,Ulyanovsk Oblast,Ulyanovsk Oblast,Ulyanovsk Oblast,Ulyanovsk Oblast,Volga,Volga,Volga,15,False
P5770,Central Asia–Center Gas Pipeline,CAC-4,operating,2024-08-09,"Turkmenistan, Uzbekistan, Kazakhstan, Russia",Mary,,Moscow Oblast,Saratov Oblast,Central,Volga,Central,15,True
P5771,Central Asia–Center Gas Pipeline,CAC-5,operating,2024-08-09,"Turkmenistan, Uzbekistan, Kazakhstan, Russia",Mary,,Moscow Oblast,Saratov Oblast,Central,Volga,Central,15,True
P5875,North Caucasus-Transcaucasia Gas Pipeline,Mozdok-Tbilisi,operating,2024-09-25,"Russia, Georgia, Armenia",North Ossetia,,Stavropol Krai,Tbilisi,Volga,GE,Volga,15,False
P5989,Taganrog-Melitopol-Berdyansk Gas Pipeline,,operating,2025-08-25,"Russia, Ukraine",Rostov,Zaporizhzhia Oblast,Rostov Oblast,Zaporizhzhya Oblast,Volga,UA,Volga,15,True
P6535,Volodino-Krasnoyarsk Gas Pipeline,,proposed,2025-08-18,Russia,Tomsk region,Krasnoyarsk Territory,Tomsk Oblast,Krasnoyarsk Krai,Siberian,Siberian,Siberian,15,False
P6540,Tambeyskoye-Bovanenkovo Gas Pipeline,,proposed,2025-08-21,Russia,Yamalo-Nenets Autonomus Okrug,Yamalo-Nenets Autonomus Okrug,Yamalo-Nenets Autonomous Okrug,Yamalo-Nenets Autonomous Okrug,Urals,Urals,Urals,15,False
P6577,Jilin Gas Pipeline Network,Overseas Natural Gas Landing Path,proposed,2025-09-02,"China, Russia",Primorye-Territory,Jilin,,,,,,15,True
P6635,Vologda-Cherepovets Gas Pipeline,,proposed,2025-08-13,Russia,Vologda Oblast,Vologda Oblast,Vologda Oblast,Vologda Oblast,Northwestern,Northwestern,Northwestern,16,False
P6674,Bratskoye-Bratsk Gas Pipeline,I,operating,2025-08-20,Russia,Irkutsk region,Irkutsk region,Irkutsk Oblast,Irkutsk Oblast,Siberian,Siberian,Siberian,15,False
P6675,Bratskoye-Bratsk Gas Pipeline,II,proposed,2025-08-20,Russia,Irkutsk region,Irkutsk region,Irkutsk Oblast,Irkutsk Oblast,Siberian,Siberian,Siberian,15,False
P6682,Srednebotuobinskoye-Novolenskaya CHP Gas Pipeline,,proposed,2025-08-21,Russia,Sakha Republic,Sakha Republic,Sakha Republic,Sakha Republic,Far Eastern,Far Eastern,Far Eastern,15,False
P6683,Pelyatka-Messoyakha Gas Pipeline,I,operating,2024-07-29,Russia,Krasnoyarsk Krai,Krasnoyarsk Krai,Krasnoyarsk Krai,Krasnoyarsk Krai,Siberian,Siberian,Siberian,15,False
P6684,Pelyatka-Messoyakha Gas Pipeline,II,operating,2024-07-29,Russia,Krasnoyarsk Krai,Krasnoyarsk Krai,Yamalo-Nenets Autonomous Okrug,Krasnoyarsk Krai,Urals,Siberian,Urals,15,False
P6690,Zapadno-Ozernoye–Anadyr Gas Pipeline,,operating,2024-07-30,Russia,Chukotka Autonomus District,Chukotka Autonomus District,Chukotka Autonomous Okrug,Chukotka Autonomous Okrug,Far Eastern,Far Eastern,Far Eastern,15,False
P6691,Srednevilyuyskoye Gas Condensate Field-Yakutsk Gas Pipeline,Mastakh-Berge II Gas Pipeline,operating,2024-07-31,Russia,Republic of Sakha (Yakutia),Republic of Sakha (Yakutia),Sakha Republic,Sakha Republic,Far Eastern,Far Eastern,Far Eastern,15,False
P6694,Srednevilyuyskoye Gas Condensate Field-Yakutsk Gas Pipeline,Mastakh-Yakutsk III Gas Pipeline,operating,2024-07-31,Russia,Republic of Sakha (Yakutia),Republic of Sakha (Yakutia),Sakha Republic,Sakha Republic,Far Eastern,Far Eastern,Far Eastern,15,False
P6695,Srednevilyuyskoye Gas Condensate Field-Yakutsk Gas Pipeline,Kysyl-Syr - Mastakh II Gas Pipeline,operating,2024-07-31,Russia,Republic of Sakha (Yakutia),Republic of Sakha (Yakutia),Sakha Republic,Sakha Republic,Far Eastern,Far Eastern,Far Eastern,15,False
P6696,Srednevilyuyskoye Gas Condensate Field-Yakutsk Gas Pipeline,Taas-Tumus - Yakutsk II Gas Pipeline,operating,2024-08-01,Russia,Republic of Sakha (Yakutia),Republic of Sakha (Yakutia),Sakha Republic,Sakha Republic,Far Eastern,Far Eastern,Far Eastern,15,False
P6710,Srednetyungskoye-Nakyn Gas Pipeline,,construction,2025-08-22,Russia,Republic of Sakha,Republic of Sakha,Sakha Republic,Sakha Republic,Far Eastern,Far Eastern,Far Eastern,15,False
P7104,Russia–Iran Gas Pipeline,,construction,2025-07-18,"Russia, Iran",,,Gilan Province,Atyrau Province,IR,KZ,IR,15,True
P7537,Ukhta-Torzhok (Yamal) 4 Gas Pipeline,,proposed,2025-08-05,Russia,Republic of Komi,Vologda Oblast,Komi Republic,Vologda Oblast,Northwestern,Northwestern,Northwestern,15,False
P7538,Vuktyl-Ukhta Gas Pipeline	,I,operating,2025-08-06,Russia,Republic of Komi,Komi Republic,Komi Republic,Khanty-Mansi Autonomous Okrug,Northwestern,Urals,Northwestern,15,False
P7546,Medvezhye-Nadym Gas Pipeline,I,operating,2025-08-08,Russia,Yamalo-Nenets Autonomus Okrug,Yamalo-Nenets Autonomus Okrug,Yamalo-Nenets Autonomous Okrug,Yamalo-Nenets Autonomous Okrug,Urals,Urals,Urals,15,False
P7547,Medvezhye-Nadym Gas Pipeline,II,operating,2025-08-08,Russia,Yamalo-Nenets Autonomus Okrug,Yamalo-Nenets Autonomus Okrug,Yamalo-Nenets Autonomous Okrug,Yamalo-Nenets Autonomous Okrug,Urals,Urals,Urals,15,False
P7559,Volkhov-Petrozavodsk-Kondopoga Gas Pipeline,Volkhov-Petrozavodsk Gas Pipeline,operating,2025-08-12,Russia,Leningrad region,Republic of Karelia,Leningrad Oblast,Republic of Karelia,Northwestern,Northwestern,Northwestern,15,False
P7560,Volkhov-Petrozavodsk-Kondopoga Gas Pipeline,Petrozavodsk-Kondopoga Gas Pipeline,operating,2025-08-12,Russia,Republic of Karelia,Republic of Karelia,Republic of Karelia,Republic of Karelia,Northwestern,Northwestern,Northwestern,15,False
P7600,Power of Siberia Gas Pipeline,Tas-Yuryakhskoye-Verkhnevilyuchanskoye Gas Pipeline,construction,2025-08-15,Russia,Sakha Republic,Sakha Republic,,,,,,15,False
P7612,Myldzhino-Vertikos Gas Pipeline,,operating,2025-08-18,Russia,Tomsk region,Tomsk region,Tomsk Oblast,Tomsk Oblast,Siberian,Siberian,Siberian,15,False
P7615,Nizhnevartovsk-Parabel-Kuzbass Gas Pipeline,II,operating,2025-08-19,Russia,Tomsk region,Kemerovo region,Tomsk Oblast,Kemerovo Oblast,Siberian,Siberian,Siberian,15,False
P7817,Taganrog-Mariupol-Berdyansk Gas Pipeline,Reconstructed Segment (Taganrog-Mariupol),construction,2025-10-10,"Russia, Ukraine",Rostov,Donetsk,Rostov Oblast,Donetsk Oblast,Volga,UA,Volga,15,True
P7818,Taganrog-Mariupol-Berdyansk Gas Pipeline,Reconstructed Segment (Mariupol-Berdyansk),proposed,2025-10-10,"Russia, Ukraine",Donetsk,Zaporizhzhia,Donetsk Oblast,Zaporizhzhya Oblast,UA,UA,UA,15,True
P8087,Ishim-Astana Gas Pipeline,,proposed,2026-08-28,"Russia, Kazakhstan",Tyumen Region,,,,,,,15,False
