ProjectID,SheetRow,PipelineName,SegmentName,Status,RouteAccuracy,RouteType,route_km,sheet_km,ratio,direction,phase_row
P2509,1291,Texas Eastern Transmission (TETCO) Gas Pipeline,Cameron Expansion Project,operating,high,Mapped route (at any accuracy),33.0,0.32,102.26,route longer,yes
P2617,1351,El Paso Gas Pipeline,South Mainline Expansion Project,operating,high,Mapped route (at any accuracy),891.0,27.36,32.57,route longer,yes
P0260,113,Texas Eastern Transmission (TETCO) Gas Pipeline,Texas Eastern Appalachia to Market (TEAM) 2014 Expansion,operating,high,Mapped route (at any accuracy),1224.0,54.72,22.36,route longer,yes
P0192,51,Garden Banks Gas Pipeline,,operating,low,Mapped route (at any accuracy),629.0,84.0,7.48,route longer,no
P5832,3298,Texas Eastern Transmission (TETCO) Gas Pipeline,Texas Eastern Appalachia to Market (TEAM) 2012 Expansion,operating,high,Mapped route (at any accuracy),208.0,27.84,7.47,route longer,yes
P2008,1060,Texas Eastern Transmission (TETCO) Gas Pipeline,TEMAX Pipeline Expansion,cancelled,very low (straight line/schematic),Mapped route (at any accuracy),390.0,53.1,7.34,route longer,yes
P0152,13,ANR Gas Pipeline,Main Line,operating,high,Mapped route (at any accuracy),11728.0,2896.82,4.05,route longer,no
P0279,132,WB Xpress Gas Pipeline,East and West Phase,operating,medium,Mapped route (at any accuracy),174.0,46.67,3.72,route longer,yes
P2568,1327,Norte Crossing Pipeline,,operating,very low (straight line/schematic),Mapped route (at any accuracy),2.0,0.46,3.52,route longer,no
P0307,157,Mountaineer Gas Pipeline,Phase I,operating,very low (straight line/schematic),Mapped route (at any accuracy),149.0,44.3,3.37,route longer,yes
P0223,80,Nautilus Gas Pipeline,,operating,low,Mapped route (at any accuracy),481.0,154.0,3.12,route longer,no
P3683,1892,Whistler Pipeline,Midland Lateral,operating,very high (within meters),Mapped route (at any accuracy),238.0,80.47,2.96,route longer,yes
P0239,93,Panhandle Eastern Gas Pipeline,,operating,high,Mapped route (at any accuracy),3946.0,1384.04,2.85,route longer,no
P0174,35,Denali Alaskan Natural Gas Pipeline,,cancelled,medium,Mapped route (at any accuracy),2766.0,1126.0,2.46,route longer,no
P0173,34,Delfin Offshore Pipeline,,proposed,medium,Mapped route (at any accuracy),1.0,0.21,2.39,route longer,no
P2551,1314,Leidy South Pipeline,,operating,high,Mapped route (at any accuracy),46.0,19.63,2.35,route longer,no
P3189,1680,Columbia Gas Transmission,Marysville Connector Pipeline,shelved,medium,Mapped route (at any accuracy),8.0,3.51,2.16,route longer,yes
P3190,1681,El Paso Gas Pipeline,Carlsbad South Project,operating,high,Mapped route (at any accuracy),58.0,27.52,2.11,route longer,yes
P3193,1683,Gator Express Gas Pipeline,Phase 2,operating,low,Mapped route (at any accuracy),41.0,19.31,2.11,route longer,yes
P2552,1315,Line 1600 Gas Pipeline,,operating,low,Mapped route (at any accuracy),162.0,80.5,2.01,route longer,no
P0261,114,Texas Eastern Transmission (TETCO) Gas Pipeline,Texas Eastern Appalachian Lease (TEAL) Gas Pipeline,operating,very low (straight line/schematic),Mapped route (at any accuracy),16.0,8.05,1.98,route longer,no
P0146,8,Alaska Pipeline Project,,cancelled,medium,Mapped route (at any accuracy),3287.0,1700.0,1.93,route longer,no
P0259,112,Tennessee Gas Pipeline,,operating,very high (within meters),Mapped route (at any accuracy),36247.0,18925.9,1.92,route longer,no
P2496,1283,Tennessee Gas Pipeline,261 Upgrade Project,operating,very high (within meters),Mapped route (at any accuracy),6.0,3.4,1.9,route longer,yes
P2630,1357,Dominion Gas Pipeline,West Loop Expansion Project,operating,very low (straight line/schematic),Mapped route (at any accuracy),15.0,8.21,1.8,route longer,yes
P0241,95,Port Arthur Gas Pipeline,Louisiana Connector,proposed,medium,Mapped route (at any accuracy),205.0,115.87,1.77,route longer,yes
P6584,3542,ANR Gas Pipeline,Offshore Grand Chenier System,idle,high,Mapped route (at any accuracy),111.0,63.96,1.73,route longer,no
P2578,1333,Northern Natural Gas Pipeline,Northern Lights 2019 Expansion Project,operating,medium,Mapped route (at any accuracy),51.0,30.26,1.7,route longer,yes
P0193,52,Gator Express Gas Pipeline,Phase I,construction,medium,Mapped route (at any accuracy),41.0,24.14,1.68,route longer,yes
P3588,1822,North Bakken Expansion Pipeline,Elkhorn Creek–Northern Border Pipeline,operating,low,Mapped route (at any accuracy),1.0,0.48,1.63,route longer,no
P2498,1285,Agua Blanca Pipeline,,operating,very high (within meters),Mapped route (at any accuracy),422.0,262.32,1.61,route longer,no
P0309,159,Adelphia Pipeline,,operating,medium,Mapped route (at any accuracy),128.0,80.47,1.59,route longer,no
P0282,135,Wyoming Interstate Gas Pipeline,,operating,high,Mapped route (at any accuracy),2027.0,1287.48,1.57,route longer,no
P2603,1342,Northern Natural Gas Pipeline,Rochester Expansion Project,operating,low,Mapped route (at any accuracy),31.0,19.79,1.55,route longer,yes
P2734,1395,Northern Natural Gas Pipeline,Northern Lights 2017 Expansion Project,operating,low,Mapped route (at any accuracy),8.0,5.0,1.53,route longer,yes
P5113,2967,Louisiana Energy Access Project Pipeline,,operating,medium,Mapped route (at any accuracy),367.0,241.4,1.52,route longer,no
P0374,188,B-System Project Pipeline,,cancelled,low,Mapped route (at any accuracy),48.0,33.47,1.45,route longer,no
P0371,186,Blue Mountain Delivery Pipeline,,cancelled,low,Mapped route (at any accuracy),14.0,10.0,1.44,route longer,no
P6005,3457,Kinetica Energy Express,,operating,medium,Mapped route (at any accuracy),1631.0,1139.0,1.43,route longer,no
P2579,1334,Northern Natural Gas Pipeline,Main Line,operating,very high (within meters),Mapped route (at any accuracy),19401.0,23013.6,0.84,route shorter,no
P3220,1705,Eastern Gas Transmission and Storage System (EGTS),Main Line,operating,very high (within meters),Mapped route (at any accuracy),4890.0,6437.38,0.76,route shorter,no
P6898,3737,MountainWest Gas Pipeline,Main Line,operating,high,Mapped route (at any accuracy),2098.0,3006.25,0.7,route shorter,no
P3590,1824,Port Arthur Gas Pipeline,Louisiana Connector Extension Project,shelved,medium,Mapped route (at any accuracy),268.0,405.55,0.66,route shorter,yes
P0222,79,Natural Gas Pipeline Company of America System,,operating,high,Mapped route (at any accuracy),8936.0,14645.0,0.61,route shorter,no
P0185,44,AlaTenn Gas Pipeline,,operating,low,Mapped route (at any accuracy),282.0,475.0,0.59,route shorter,no
P0182,42,Eastern Shore Gas Pipeline,,operating,low,Mapped route (at any accuracy),421.0,732.0,0.57,route shorter,no
P2502,1289,Appalachian Gateway Pipeline,,operating,low,Mapped route (at any accuracy),100.0,177.03,0.57,route shorter,no
P6250,3508,Pacific Gas & Electric Pipeline ,,operating,very high (within meters),Mapped route (at any accuracy),6185.0,11265.4,0.55,route shorter,no
P7823,4203,Spring Creek Gas Infrastructure Expansion Project,Backbone,construction,medium,Mapped route (at any accuracy),19.0,35.41,0.55,route shorter,no
P0176,37,Dominion Gas Pipeline,,operating,low,Mapped route (at any accuracy),3294.0,6059.0,0.54,route shorter,no
P0157,18,BC Gas Pipeline,Westcoast Pipeline,operating,low,Mapped route (at any accuracy),1556.0,2953.0,0.53,route shorter,no
P0258,111,Tejas Gas Pipeline,,operating,low,Mapped route (at any accuracy),2722.0,5221.0,0.52,route shorter,no
P6233,3493,SoCalGas Pipeline,,operating,high,Mapped route (at any accuracy),3070.0,5858.01,0.52,route shorter,no
P0159,20,Bridgeline Gas Pipeline,,operating,low,Mapped route (at any accuracy),793.0,1585.0,0.5,route shorter,no
P0317,167,Montour Lateral Pipeline,,cancelled,very low (straight line/schematic),Mapped route (at any accuracy),12.0,24.1,0.5,route shorter,no
P0306,156,Doosan Bobcat Pipeline,,operating,very low (straight line/schematic),Mapped route (at any accuracy),16.0,33.8,0.48,route shorter,no
P5823,3294,Regency Intrastate Gas (RIGS) Pipeline,Regency Intrastate Enhancement Project,operating,very low (straight line/schematic),Mapped route (at any accuracy),93.0,193.12,0.48,route shorter,yes
P0194,53,Great Lakes Gas Transmission Pipeline,,operating,very high (within meters),Mapped route (at any accuracy),1617.0,3403.76,0.47,route shorter,no
P0150,11,Algonquin Gas Transmission Pipeline,Algonquin Incremental Market (AIM) Gas Pipeline,operating,very low (straight line/schematic),Mapped route (at any accuracy),27.0,59.55,0.46,route shorter,no
P0207,65,Kern River Gas Pipeline,,operating,very high (within meters),Mapped route (at any accuracy),1243.0,2763.24,0.45,route shorter,no
P0231,85,Gas Transmission Northwest,,operating,very high (within meters),Mapped route (at any accuracy),984.0,2177.44,0.45,route shorter,no
P0165,26,Chandeleur Gas Pipeline,,operating,low,Mapped route (at any accuracy),149.0,346.0,0.43,route shorter,no
P0316,166,South Saskatchewan Access Pipeline,,operating,very low (straight line/schematic),Mapped route (at any accuracy),1.0,3.22,0.39,route shorter,no
P0251,104,Sea Robin Gas Pipeline,,operating,low,Mapped route (at any accuracy),268.0,704.89,0.38,route shorter,no
P0180,41,East Texas Gas Pipeline,,operating,low,Mapped route (at any accuracy),218.0,595.0,0.37,route shorter,no
P3158,1662,Traill County Pipeline,,operating,very low (straight line/schematic),Mapped route (at any accuracy),35.0,101.39,0.35,route shorter,no
P0203,62,Houston Gas Pipeline (HPL) System,,operating,low,Mapped route (at any accuracy),2024.0,6115.51,0.33,route shorter,no
P0175,36,Destin Gas Pipeline,,operating,low,Mapped route (at any accuracy),171.0,619.6,0.28,route shorter,no
P0210,68,Louisiana Intrastate Gas (LIG) Pipeline,,operating,low,Mapped route (at any accuracy),725.0,3218.69,0.23,route shorter,no
P0264,117,Texas Intrastate System Gas Pipeline,,operating,low,Mapped route (at any accuracy),1757.0,10895.3,0.16,route shorter,no
P0186,45,KPC Gas Pipeline,,operating,very low (straight line/schematic),Mapped route (at any accuracy),251.0,1817.0,0.14,route shorter,no
P3942,1948,Northern Natural Gas Pipeline,Northern Lights 2021 Expansion Project,operating,medium,Mapped route (at any accuracy),4.0,34.76,0.12,route shorter,yes
P0321,171,Downeast Pipeline,,cancelled,very low (straight line/schematic),Mapped route (at any accuracy),5.0,48.3,0.1,route shorter,no
P7798,4178,Sabine Crossing Gas Pipeline,,proposed,medium,Mapped route (at any accuracy),8.0,89.48,0.09,route shorter,no
