# pid	model	wave	why
P4649	opus	1	10 owed ref units after trqi/thepaper died; demoted evidence to re-source
P4657	opus	1	trunk parent; demoted units; mainline-vs-section rule
P4777	opus	1	MZ's exhaustion example; phase-parent identity
P4788	opus	1	10 relevance re-reads; quannan 321-pp plan
P5866	opus	1	12 relevance re-reads + location drift
P4931	opus	1	HAS_REF units system-only (existing refs)
P4776	sonnet	1	8 fills, 1 ref unit
P4778	sonnet	1	8 fills; redundancy carried
P4779	sonnet	1	unchecked rereads
P4780	sonnet	1	9 fills, 6 rereads
P4781	sonnet	1	9 fills
P4782	sonnet	2	9 fills
P4783	sonnet	2	7 fills
P4784	sonnet	2	6 rereads (three-town branch)
P4785	sonnet	2	proposed; quannan digest; status review
P4786	sonnet	2	shelved; 5 unchecked rereads; status review
P4787	opus	2	construction; 6 rereads; quannan 2021 soft-404 replaced
P4789	sonnet	2	6 ref units; no harvest pool
P4790	sonnet	2	proposed; status review
P4791	sonnet	2	9 second-source
P4792	sonnet	2	proposed; 10 fills; status review
P4793	sonnet	2	7 ref units (WEP2 Gao'an-Yujiang)
P5861	opus	3	10 ref units + reciprocal redundancy with P4778
P5862	opus	3	9 ref units + Phase I/II operator sentinel
P4782	sonnet	2r	relaunch after process exit
P4785	sonnet	2r	relaunch after process exit
P4786	sonnet	2r	relaunch after process exit
P4649	opus	1r	relaunch after user stop
P5866	opus	1r	relaunch after user stop
P5888	opus	3	gate A single-host row
P4944	opus	3	8 relevance rereads
P5859	opus	3	9 fills, 5 rereads
P5860	opus	3	status review, construction
P5863	opus	3	status review, proposed
P5886	opus	3	status review, proposed
P5865	opus	3	status review, construction, 8 second sources
P4777	opus	4	relaunch 09-09 wave 1
P4776	sonnet	4	relaunch 09-09 wave 1
P4649	opus	4	relaunch 09-09 wave 1
P4934	opus	4	trunk parent, never dispatched before
P4947	opus	4	trunk parent, never dispatched before
P4782	sonnet	4	relaunch 09-09 wave 1
P4784	sonnet	4	relaunch 09-09 wave 1
P4791	sonnet	4	relaunch 09-09 wave 1
P5859	opus	4	relaunch 09-09 wave 1
P5866	opus	4	relaunch 09-09 wave 1
P4785	sonnet	5	relaunch wave 2: Ganzhou-south Dayu-Xinfeng, status review, 3 leads
P4786	sonnet	5	relaunch wave 2: Huichang-Xunwu, shelved contradicted by 2024 operator plan, status review
P5860	opus	5	relaunch wave 2: Yudu-Ningdu-Guangchang-Nanfeng construction, status review
P5861	opus	5	relaunch wave 2: WEP2 Xinyu branch, adjudicate P4778 reciprocal redundancy, 10 ref units
P5862	opus	5	relaunch wave 2: Phase I Fengxin branch + cohort Phase I/II operator sentinel
P5863	opus	5	relaunch wave 2: 干洲-奉新 proposed, status review, name mistranscription check
P5865	opus	5	relaunch wave 2: Zhangshu branch construction->operating?, 8 second sources, jxgajc capture
P5886	opus	5	relaunch wave 2: Shenguili-Pengze proposed Phase I, status review
P5888	opus	5	relaunch wave 2: Wanzai-Tonggu gate-A single host, second origin owed
P4944	opus	5	relaunch wave 2: WEP2 Nanchang-Shanghai branch, 8 rereads, no harvest pool
P4946	sonnet	6	relaunch wave 3 (deferred from wave 2: 20-agent cap): WEP2 Zhangshu-Xiangtan branch, no harvest pool
P4661	sonnet	6	relaunch wave 3: 川气东送二线 皖赣支干线 安庆-鄱阳 proposed, status review, 3 leads (2023 开工, 2025 MEE 批复)
P4777	opus	1	shard landed 08:33:55 before the kill
P4649	opus	1	shard landed 08:35 before the kill
P4934	opus	7	relaunch wave 4 (re-dispatch after 08:33 spend-limit kill)
P4947	opus	7	relaunch wave 4 (re-dispatch after 08:33 spend-limit kill)
P5859	opus	7	relaunch wave 4 (re-dispatch after 08:33 spend-limit kill)
P5866	opus	7	relaunch wave 4 (re-dispatch after 08:33 spend-limit kill)
P5860	opus	7	relaunch wave 4 (re-dispatch after 08:33 spend-limit kill)
P5861	opus	7	relaunch wave 4 (re-dispatch after 08:33 spend-limit kill)
P5862	opus	7	relaunch wave 4 (re-dispatch after 08:33 spend-limit kill)
P5863	opus	7	relaunch wave 4 (re-dispatch after 08:33 spend-limit kill)
P5865	opus	7	relaunch wave 4 (re-dispatch after 08:33 spend-limit kill)
P5886	opus	7	relaunch wave 4 (re-dispatch after 08:33 spend-limit kill)
P5888	opus	7	relaunch wave 4 (re-dispatch after 08:33 spend-limit kill)
P4944	opus	7	relaunch wave 4 (re-dispatch after 08:33 spend-limit kill)
P4928	opus	7	relaunch wave 4 (re-dispatch after 08:33 spend-limit kill)
P4784	sonnet	7	relaunch wave 4 (re-dispatch after 08:33 spend-limit kill)
P4791	sonnet	7	relaunch wave 4 (re-dispatch after 08:33 spend-limit kill)
P4785	sonnet	7	relaunch wave 4 (re-dispatch after 08:33 spend-limit kill)
P4786	sonnet	7	relaunch wave 4 (re-dispatch after 08:33 spend-limit kill)
P4946	sonnet	7	relaunch wave 4 (re-dispatch after 08:33 spend-limit kill)
P4661	sonnet	7	relaunch wave 4 (re-dispatch after 08:33 spend-limit kill)
P4752	sonnet	7	relaunch wave 4 (re-dispatch after 08:33 spend-limit kill)
P4794	sonnet	8	relaunch wave 5: WEP2 九高线 (slot freed by P4661)
P4795	sonnet	8	relaunch wave 5: WEP2 黎川支线 + name-defect sentinel (slot freed by P4946)
P4796	sonnet	8	relaunch wave 5: WEP2 余景线 (slot freed by P4791)
P4797	sonnet	8	relaunch wave 5: WEP2 鹰潭支线 (slot freed by P4786)
P5889	sonnet	8	relaunch wave 5: Phase I 蔡岭-都昌支线 (slot freed by P4784)
P5864	sonnet	8	relaunch wave 5: Phase I 宜丰支线 (slot freed by P4785)
