a,a_status,a_name,b,b_status,b_name,b_carried,ratio
P2327,proposed,Kovykta-Sayansk-Irkutsk Gas Pipeline | ,P5510,proposed,Kovykta-Sayansk-Irkutsk Gas Pipeline | ,False,1.0
P2352,operating,Power of Siberia Gas Pipeline | Phase I,P3208,cancelled,Power of Siberia Gas Pipeline | Phase I Expansion,False,1.0
P3365,operating,Srednevilyuyskoye Gas Condensate Field-Yakutsk Gas Pipeline | Kysyl-Syr - Mastakh I Gas Pipeline,P6695,operating,Srednevilyuyskoye Gas Condensate Field-Yakutsk Gas Pipeline | Kysyl-Syr - Mastakh II Gas Pipeline,False,0.992
P2334,operating,Srednevilyuyskoye Gas Condensate Field-Yakutsk Gas Pipeline | Taas-Tumus - Yakutsk I Gas Pipeline,P6696,operating,Srednevilyuyskoye Gas Condensate Field-Yakutsk Gas Pipeline | Taas-Tumus - Yakutsk II Gas Pipeline,False,0.992
P3361,operating,Srednevilyuyskoye Gas Condensate Field-Yakutsk Gas Pipeline | Kysyl-Syr - Mastakh III Gas Pipeline,P6695,operating,Srednevilyuyskoye Gas Condensate Field-Yakutsk Gas Pipeline | Kysyl-Syr - Mastakh II Gas Pipeline,False,0.992
P3364,operating,Srednevilyuyskoye Gas Condensate Field-Yakutsk Gas Pipeline | Mastakh-Berge I Gas Pipeline,P6691,operating,Srednevilyuyskoye Gas Condensate Field-Yakutsk Gas Pipeline | Mastakh-Berge II Gas Pipeline,False,0.991
P5712,operating,Nizhnyaya Tura-Perm-Gorky Gas Pipeline | Nizhnyaya Tura-Perm II Gas Pipeline,P5714,operating,Nizhnyaya Tura-Perm-Gorky Gas Pipeline | Nizhnyaya Tura-Perm III Gas Pipeline,False,0.99
P2351,operating,Nizhnyaya Tura-Perm-Gorky Gas Pipeline | Nizhnyaya Tura-Perm I Gas Pipeline,P5712,operating,Nizhnyaya Tura-Perm-Gorky Gas Pipeline | Nizhnyaya Tura-Perm II Gas Pipeline,False,0.989
P5715,operating,Nizhnyaya Tura-Perm-Gorky Gas Pipeline | Perm-Gorky I Gas Pipeline,P5716,operating,Nizhnyaya Tura-Perm-Gorky Gas Pipeline | Perm-Gorky II Gas Pipeline,False,0.987
P2350,operating,Nizhnevartovsk-Parabel-Kuzbass Gas Pipeline | I,P7615,operating,Nizhnevartovsk-Parabel-Kuzbass Gas Pipeline | II,False,0.985
P3361,operating,Srednevilyuyskoye Gas Condensate Field-Yakutsk Gas Pipeline | Kysyl-Syr - Mastakh III Gas Pipeline,P3365,operating,Srednevilyuyskoye Gas Condensate Field-Yakutsk Gas Pipeline | Kysyl-Syr - Mastakh I Gas Pipeline,False,0.984
P2335,operating,Leningrad-Vyborg-State Border Gas Pipeline | I,P5590,operating,Leningrad-Vyborg-State Border Gas Pipeline | II,False,0.984
P3483,operating,Torzhok-Minsk-Ivatsevichy Gas Pipeline | I,P5654,operating,Torzhok-Minsk-Ivatsevichy Gas Pipeline | II,False,0.982
P5654,operating,Torzhok-Minsk-Ivatsevichy Gas Pipeline | II,P5655,operating,Torzhok-Minsk-Ivatsevichy Gas Pipeline | III,False,0.982
P1470,operating,Krasnodar Krai-Serpukhov Gas Pipeline | I,P5551,operating,Krasnodar Krai-Serpukhov Gas Pipeline | II,False,0.981
P2326,operating,Kohtla-Järve-Leningrad Gas Pipeline | I,P5589,operating,Kohtla-Järve-Leningrad Gas Pipeline | II,False,0.98
P5542,operating,Ukhta-Torzhok (Vuktyl) Gas Pipeline | II,P5543,operating,Ukhta-Torzhok (Vuktyl) Gas Pipeline | III,False,0.979
P2351,operating,Nizhnyaya Tura-Perm-Gorky Gas Pipeline | Nizhnyaya Tura-Perm I Gas Pipeline,P5714,operating,Nizhnyaya Tura-Perm-Gorky Gas Pipeline | Nizhnyaya Tura-Perm III Gas Pipeline,False,0.979
P5534,operating,Gryazovets-Leningrad Gas Pipeline | I,P5535,operating,Gryazovets-Leningrad Gas Pipeline | II,False,0.978
P5541,operating,Ukhta-Torzhok (Vuktyl) Gas Pipeline | I,P5542,operating,Ukhta-Torzhok (Vuktyl) Gas Pipeline | II,False,0.978
P2320,operating,Kartaly-Magnitogorsk Gas Pipeline | I,P5717,operating,Kartaly-Magnitogorsk Gas Pipeline | II,False,0.978
P5666,operating,Messoyakha-Norilsk Pipeline | II,P5667,operating,Messoyakha-Norilsk Pipeline | III,False,0.977
P6683,operating,Pelyatka-Messoyakha Gas Pipeline | I,P6684,operating,Pelyatka-Messoyakha Gas Pipeline | II,False,0.977
P1647,retired,Messoyakha-Norilsk Pipeline | I,P5666,operating,Messoyakha-Norilsk Pipeline | II,False,0.976
P2378,operating,Punga-Vuktyl-Ukhta Gas Pipeline | I,P5537,operating,Punga-Vuktyl-Ukhta Gas Pipeline | II,False,0.976
P1647,retired,Messoyakha-Norilsk Pipeline | I,P5668,operating,Messoyakha-Norilsk Pipeline | IV,False,0.976
P0746,operating,Gryazovets-Vyborg Gas Pipeline | I,P5585,operating,Gryazovets-Vyborg Gas Pipeline | II,False,0.974
P2340,operating,Minnibaevo-Kazan Gas Pipeline | I,P5744,operating,Minnibaevo-Kazan Gas Pipeline | II,False,0.973
P6674,operating,Bratskoye-Bratsk Gas Pipeline | I,P6675,proposed,Bratskoye-Bratsk Gas Pipeline | II,False,0.973
P7546,operating,Medvezhye-Nadym Gas Pipeline | I,P7547,operating,Medvezhye-Nadym Gas Pipeline | II,False,0.971
P3507,operating,Urengoy-Center Gas Pipeline | I,P5612,operating,Urengoy-Center Gas Pipeline | II,False,0.97
P3500,operating,Yamburg-Yelets Gas Pipeline | I,P5621,operating,Yamburg-Yelets Gas Pipeline | II,False,0.97
P2381,operating,Rostov-Maykop Gas Pipeline | I,P5665,operating,Rostov-Maykop Gas Pipeline | II,False,0.968
P4145,operating,Nadym-Punga Gas Pipeline | II,P4146,operating,Nadym-Punga Gas Pipeline | III,False,0.966
P5540,operating,Vuktyl-Ukhta Gas Pipeline | II,P7538,operating,Vuktyl-Ukhta Gas Pipeline	 | I,False,0.966
P2450,operating,Yamburg-Tula Gas Pipeline | I,P4311,operating,Yamburg-Tula Gas Pipeline | II,False,0.966
P3483,operating,Torzhok-Minsk-Ivatsevichy Gas Pipeline | I,P5655,operating,Torzhok-Minsk-Ivatsevichy Gas Pipeline | III,False,0.964
P4147,operating,Nadym-Punga Gas Pipeline | IV,P4148,operating,Nadym-Punga Gas Pipeline | V,False,0.963
P2348,operating,Nadym-Punga Gas Pipeline | I,P4145,operating,Nadym-Punga Gas Pipeline | II,False,0.963
P2348,operating,Nadym-Punga Gas Pipeline | I,P4147,operating,Nadym-Punga Gas Pipeline | IV,False,0.963
P2357,operating,SRTO-Ural Gas Pipeline | I,P5745,operating,SRTO-Ural Gas Pipeline | II,False,0.957
P5541,operating,Ukhta-Torzhok (Vuktyl) Gas Pipeline | I,P5543,operating,Ukhta-Torzhok (Vuktyl) Gas Pipeline | III,False,0.957
P1439,operating,Ukhta-Torzhok (Yamal) 2 Gas Pipeline | ,P2707,proposed,Ukhta-Torzhok (Yamal) 3 Gas Pipeline | ,False,0.952
P5666,operating,Messoyakha-Norilsk Pipeline | II,P5668,operating,Messoyakha-Norilsk Pipeline | IV,False,0.952
P1647,retired,Messoyakha-Norilsk Pipeline | I,P5667,operating,Messoyakha-Norilsk Pipeline | III,False,0.952
P1439,operating,Ukhta-Torzhok (Yamal) 2 Gas Pipeline | ,P7537,proposed,Ukhta-Torzhok (Yamal) 4 Gas Pipeline | ,False,0.952
P2707,proposed,Ukhta-Torzhok (Yamal) 3 Gas Pipeline | ,P7537,proposed,Ukhta-Torzhok (Yamal) 4 Gas Pipeline | ,False,0.952
P0767,operating,Ukhta-Torzhok (Yamal) Gas Pipeline | ,P7537,proposed,Ukhta-Torzhok (Yamal) 4 Gas Pipeline | ,False,0.95
P0767,operating,Ukhta-Torzhok (Yamal) Gas Pipeline | ,P2707,proposed,Ukhta-Torzhok (Yamal) 3 Gas Pipeline | ,False,0.95
P0767,operating,Ukhta-Torzhok (Yamal) Gas Pipeline | ,P1439,operating,Ukhta-Torzhok (Yamal) 2 Gas Pipeline | ,False,0.95
P0737,operating,Bovanenkovo-Ukhta Gas Pipeline | Pipeline 1,P5404,construction,Bovanenkovo-Ukhta Gas Pipeline | Pipeline 6,False,0.947
P0738,operating,Bovanenkovo-Ukhta Gas Pipeline | Pipeline 2,P2287,construction,Bovanenkovo-Ukhta Gas Pipeline | Pipeline 3,False,0.947
P0738,operating,Bovanenkovo-Ukhta Gas Pipeline | Pipeline 2,P5402,proposed,Bovanenkovo-Ukhta Gas Pipeline | Pipeline 4,False,0.947
P0738,operating,Bovanenkovo-Ukhta Gas Pipeline | Pipeline 2,P5403,proposed,Bovanenkovo-Ukhta Gas Pipeline | Pipeline 5,False,0.947
P0738,operating,Bovanenkovo-Ukhta Gas Pipeline | Pipeline 2,P5404,construction,Bovanenkovo-Ukhta Gas Pipeline | Pipeline 6,False,0.947
P0737,operating,Bovanenkovo-Ukhta Gas Pipeline | Pipeline 1,P5402,proposed,Bovanenkovo-Ukhta Gas Pipeline | Pipeline 4,False,0.947
P0737,operating,Bovanenkovo-Ukhta Gas Pipeline | Pipeline 1,P5403,proposed,Bovanenkovo-Ukhta Gas Pipeline | Pipeline 5,False,0.947
P5403,proposed,Bovanenkovo-Ukhta Gas Pipeline | Pipeline 5,P5404,construction,Bovanenkovo-Ukhta Gas Pipeline | Pipeline 6,False,0.947
P5402,proposed,Bovanenkovo-Ukhta Gas Pipeline | Pipeline 4,P5404,construction,Bovanenkovo-Ukhta Gas Pipeline | Pipeline 6,False,0.947
P5402,proposed,Bovanenkovo-Ukhta Gas Pipeline | Pipeline 4,P5403,proposed,Bovanenkovo-Ukhta Gas Pipeline | Pipeline 5,False,0.947
P2287,construction,Bovanenkovo-Ukhta Gas Pipeline | Pipeline 3,P5404,construction,Bovanenkovo-Ukhta Gas Pipeline | Pipeline 6,False,0.947
P2287,construction,Bovanenkovo-Ukhta Gas Pipeline | Pipeline 3,P5403,proposed,Bovanenkovo-Ukhta Gas Pipeline | Pipeline 5,False,0.947
P0737,operating,Bovanenkovo-Ukhta Gas Pipeline | Pipeline 1,P2287,construction,Bovanenkovo-Ukhta Gas Pipeline | Pipeline 3,False,0.947
P2287,construction,Bovanenkovo-Ukhta Gas Pipeline | Pipeline 3,P5402,proposed,Bovanenkovo-Ukhta Gas Pipeline | Pipeline 4,False,0.947
P0737,operating,Bovanenkovo-Ukhta Gas Pipeline | Pipeline 1,P0738,operating,Bovanenkovo-Ukhta Gas Pipeline | Pipeline 2,False,0.947
P5538,operating,Punga-Ukhta-Gryazovets Gas Pipeline | III,P5539,operating,Punga-Ukhta-Gryazovets Gas Pipeline | IV,False,0.941
P5667,operating,Messoyakha-Norilsk Pipeline | III,P5668,operating,Messoyakha-Norilsk Pipeline | IV,False,0.93
P4145,operating,Nadym-Punga Gas Pipeline | II,P4147,operating,Nadym-Punga Gas Pipeline | IV,False,0.929
P2348,operating,Nadym-Punga Gas Pipeline | I,P4146,operating,Nadym-Punga Gas Pipeline | III,False,0.929
P2348,operating,Nadym-Punga Gas Pipeline | I,P4148,operating,Nadym-Punga Gas Pipeline | V,False,0.923
P0765,operating,TurkStream Gas Pipeline | 1,P1368,operating,TurkStream Gas Pipeline | 2,False,0.917
P0752,mothballed,Nord Stream 2 Gas Pipeline | ,P0753,mothballed,Nord Stream Gas Pipeline | ,False,0.917
P6694,operating,Srednevilyuyskoye Gas Condensate Field-Yakutsk Gas Pipeline | Mastakh-Yakutsk III Gas Pipeline,P6696,operating,Srednevilyuyskoye Gas Condensate Field-Yakutsk Gas Pipeline | Taas-Tumus - Yakutsk II Gas Pipeline,False,0.905
