pid,sheet_row,status,lu,name,seg,fuel,ptype,start_state,end_state,start_country,end_country,countries,route_type,route_acc,geo_first,geo_last,traversed,verdict,typos,unknown,multi_cell,cross_border,derived,district,group,units,batch,manual
P0734,355,proposed,2025-08-14,Power of Siberia 2 Gas Pipeline,,Gas,transmission,Yamalo-Nenets Autonomous Okrug,Kyakhta,Russia,Russia,Russia,Mapped route (at any accuracy),medium,Selenge Province (MN),Yamalo-Nenets Autonomous Okrug,"Irkutsk Oblast, Khanty-Mansi Autonomous Okrug, Krasnoyarsk Krai, Republic of Buryatia, Selenge Province (MN), Tomsk Oblast, Yamalo-Nenets Autonomous Okrug",OK,Kyakhta->Republic of Buryatia,,False,Selenge Province (MN),Yamalo-Nenets Autonomous Okrug,Ural,in-dev,16,r4a-urals-yanao,
P0736,357,operating,2023-08-08,Blue Stream Gas Pipeline,,Gas,,Stavropol Krai,,Russia,Türkiye,"Russia, Türkiye",Mapped route (at any accuracy),very high (within meters),Çorum Province (TR),Amasya Province (TR),"Amasya Province (TR), Ankara Province (TR), Krasnodar Krai, Kırıkkale Province (TR), Republic of Adygea, Samsun Province (TR), Stavropol Krai, Çorum Province (TR)",OK_INTERIOR,,,False,Amasya Province (TR); Çorum Province (TR),Stavropol Krai,North Caucasian,op/idle,14,r7-central-south,
P0737,358,operating,2025-08-05,Bovanenkovo-Ukhta Gas Pipeline,Pipeline 1,Gas,transmission,Yamalo-Nenets Autonomous Okrug,Komi Republic,Russia,Russia,Russia,Mapped route (at any accuracy),very high (within meters),Komi Republic,Komi Republic,"Komi Republic, Yamalo-Nenets Autonomous Okrug",OK_INTERIOR,,,False,,Yamalo-Nenets Autonomous Okrug,Ural,op/idle,15,r4a-urals-yanao,
P0738,359,operating,2025-08-05,Bovanenkovo-Ukhta Gas Pipeline,Pipeline 2,Gas,transmission,Yamalo-Nenets Autonomous Okrug,Komi Republic,Russia,Russia,Russia,Mapped route (at any accuracy),very high (within meters),Yamalo-Nenets Autonomous Okrug,Komi Republic,"Komi Republic, Yamalo-Nenets Autonomous Okrug",OK,,,False,,Yamalo-Nenets Autonomous Okrug,Ural,op/idle,15,r4a-urals-yanao,
P0743,363,operating,2025-08-22,Dzhubga-Lazarevskoye-Sochi Gas Pipeline,,Gas,transmission,Krasnodar Krai,Krasnodar Krai,Russia,Russia,Russia,Mapped route (at any accuracy),medium,Krasnodar Krai,Krasnodar Krai,Krasnodar Krai,OK,,,False,,Krasnodar Krai,Southern,op/idle,15,r7-central-south,
P0744,364,operating,2023-08-11,Dzuarikau-Tskhinvali Gas Pipeline,,Gas,transmission,Republic of North Ossetia,Republic of South Ossetia,Russia,Russia,Russia,Mapped route (at any accuracy),medium,Republic of North Ossetia-Alania,Shida Kartli (GE),"Racha-Lechkhumi and Kvemo Svaneti (GE), Republic of North Ossetia-Alania, Shida Kartli (GE)",END_MISMATCH,Republic of North Ossetia->Republic of North Ossetia-Alania,,False,Republic of South Ossetia (GE); Shida Kartli (GE),Republic of North Ossetia-Alania,North Caucasian,op/idle,15,r7-central-south,
P0746,366,operating,2024-07-23,Gryazovets-Vyborg Gas Pipeline,I,Gas,transmission,Vologda Oblast,Leningrad,Russia,Russia,Russia,Mapped route (at any accuracy),very high (within meters),Vologda Oblast,Leningrad Oblast,"Leningrad Oblast, Vologda Oblast",OK,Leningrad->Leningrad Oblast,,False,,Vologda Oblast,Northwestern,op/idle,15,r2-nw-operating,
P0750,370,operating,2024-09-16,Minsk-Kaliningrad Interconnection Gas Pipeline,,Gas,transmission,,Kaliningrad Oblast,Belarus,Russia,"Belarus, Lithuania, Russia",Mapped route (at any accuracy),high,Minsk (BY),Kaliningrad Oblast,"Grodno Region (BY), Kaliningrad Oblast, Kaunas County (LT), Marijampolė County (LT), Minsk (BY), Minsk Region (BY), Vilnius County (LT)",BLANK_START,,,False,Minsk (BY),Kaliningrad Oblast,Northwestern,op/idle,15,r2-nw-operating,
P0751,371,operating,2024-09-20,Hajigabul-Shirvanovka-Mozdok Pipeline,,Gas,transmission,,North Ossetia,Azerbaijan,Russia,"Russia, Azerbaijan",Mapped route (at any accuracy),high,Hajigabul District (AZ),Republic of North Ossetia-Alania,"Absheron District (AZ), Baku (AZ), Chechen Republic, Hajigabul District (AZ), Khachmaz District (AZ), Khizi District (AZ), Qusar District (AZ), Republic of Dagestan, Republic of North Ossetia-Alania, Shabran District (AZ), Siazan District (AZ), Stavropol Krai, Sumqayit (AZ)",BLANK_START,North Ossetia->Republic of North Ossetia-Alania,,False,Hajigabul District (AZ),Republic of North Ossetia-Alania,North Caucasian,op/idle,15,r7-central-south,
P0752,372,mothballed,2023-07-20,Nord Stream 2 Gas Pipeline,,Gas,,Leningrad Oblast,Mecklenburg-Vorpommern,Russia,Germany,"Russia, Finland, Sweden, Denmark, Germany",Mapped route (at any accuracy),very high (within meters),Leningrad Oblast,Leningrad Oblast,"Leningrad Oblast, Mecklenburg-Western Pomerania (DE)",END_MISMATCH,,,False,Mecklenburg-Vorpommern (DE),Leningrad Oblast,Northwestern,op/idle,16,r2-nw-operating,
P0753,373,mothballed,2023-07-20,Nord Stream Gas Pipeline,,Gas,,Leningrad Oblast,Mecklenburg-Vorpommern,Russia,Germany,"Russia, Germany",Mapped route (at any accuracy),very high (within meters),Leningrad Oblast~offshore,Leningrad Oblast~offshore,"Leningrad Oblast, Mecklenburg-Western Pomerania (DE)",END_MISMATCH,,,False,Mecklenburg-Vorpommern (DE),Leningrad Oblast,Northwestern,op/idle,15,r2-nw-operating,
P0755,374,operating,2025-08-08,Northern Tyumen Regions (SRTO)–Torzhok Gas Pipeline,,Gas,transmission,Yamalo-Nenets Autonomous Okrug,Tver Oblast,Russia,Russia,Russia,Mapped route (at any accuracy),very high (within meters),Khanty-Mansi Autonomous Okrug,Komi Republic,"Arkhangelsk Oblast, Khanty-Mansi Autonomous Okrug, Komi Republic, Tver Oblast, Vologda Oblast, Yamalo-Nenets Autonomous Okrug, Yaroslavl Oblast",OK_INTERIOR,,,False,,Yamalo-Nenets Autonomous Okrug,Ural,op/idle,15,r4a-urals-yanao,
P0756,375,operating,2023-08-08,Pochinki-Gryazovets Gas Pipeline,,Gas,transmission,Nizhny Novgorod Oblast,Vologda Oblast,Russia,Russia,Russia,Mapped route (at any accuracy),high,Nizhny Novgorod Oblast,Vologda Oblast,"Ivanovo Oblast, Nizhny Novgorod Oblast, Vladimir Oblast, Vologda Oblast, Yaroslavl Oblast",OK,,,False,,Nizhny Novgorod Oblast,Volga,op/idle,15,r5-volga,
P0758,376,operating,2025-08-14,Sakhalin-Khabarovsk-Vladivostok Gas Pipeline,,Gas,transmission,Sakhalin region,Primorsky territory,Russia,Russia,Russia,Mapped route (at any accuracy),very high (within meters),Sakhalin Oblast,Primorsky Krai,"Khabarovsk Krai, Primorsky Krai, Sakhalin Oblast",OK,Sakhalin region->Sakhalin Oblast; Primorsky territory->Primorsky Krai,,False,,Sakhalin Oblast,Far Eastern,op/idle,15,r1-fareast,
P0760,378,cancelled,2025-09-06,South Stream Gas Pipeline,,Gas,transmission,Krasnodar Krai,Udine and Lower Austria,Russia,Italy,"Russia, Bulgaria, Serbia, Hungary, Croatia, Slovakia, Slovenia, Austria, Greece, Italy",Mapped route (at any accuracy),medium,Stavropol Krai,Carinthia (AT),"Blagoevgrad Province (BG), Bled Municipality (SI), Bor District (RS), Braničevo District (RS), Braslovče Municipality (SI), Bratislava Region (SK), Burgenland (AT), Bács-Kiskun County (HU), Carinthia (AT), Central Banat District (RS), Central Macedonia (GR), City Municipality of Celje (SI), Domžale Municipality (SI), Dornava Municipality (SI), Epirus Region (GR), Fejér County (HU), Győr (HU), Győr-Moson-Sopron County (HU), Hajdina Municipality (SI), Ionian Islands Region (GR), Jesenice Municipality (SI), Kamnik Municipality (SI), Kidričevo Municipality (SI), Komárom-Esztergom County (HU), Kranj (SI), Kranjska Gora Municipality (SI), Krasnodar Krai, Lendava (SI), Ljubljana City Municipality (SI), Ljutomer Municipality (SI), Lovech Province (BG), Lukovica Municipality (SI), Medvode Municipality (SI), Mengeš Municipality (SI), Međimurje County (HR), Montana Province (BG), Naklo Municipality (SI), North Bačka District (RS), Ormož (SI), Pazardzhik Province (BG), Pleven Province (BG), Podunavlje District (RS), Polzela Municipality (SI), Prebold Municipality (SI), Province of Brindisi (IT), Ptuj (SI), Radovljica Municipality (SI), Republic of Adygea, Shumen Province (BG), Slovenska Bistrica (SI), Slovenske Konjice (SI), Sofia Province (BG), Somogy County (HU), South Banat District (RS), South Bačka District (RS), Stavropol Krai, Tabor (SI), Targovishte Province (BG), Thessaly (GR), Tolna County (HU), Varna Province (BG), Veliko Tarnovo Province (BG), Veszprém County (HU), Vidin Province (BG), Vodice (SI), Vojnik Municipality (SI), Vransko (SI), Vratsa Province (BG), West Macedonia Region (GR), Zaječar District (RS), Zala County (HU), Šenčur Municipality (SI), Žalec Municipality (SI)",END_MISMATCH,,Udine; Lower Austria,True,Carinthia (AT); Lower Austria; Udine,Krasnodar Krai,Southern,cancelled,16,r7-central-south,
P0765,383,operating,2023-08-11,TurkStream Gas Pipeline,1,Gas,,Krasnodar Krai,Kırklareli,Russia,Türkiye,"Russia, Türkiye",Mapped route (at any accuracy),very high (within meters),Kırklareli Province (TR),Kırklareli Province (TR)~offshore,"Krasnodar Krai, Kırklareli Province (TR), Tekirdağ Province (TR)",END_MISMATCH,,,False,Kırklareli (TR); Kırklareli Province (TR),Krasnodar Krai,Southern,op/idle,14,r7-central-south,
P0767,385,operating,2025-08-05,Ukhta-Torzhok (Yamal) Gas Pipeline,,Gas,transmission,Republic of Komi,Vologda Oblast,Russia,Russia,Russia,Mapped route (at any accuracy),very high (within meters),Komi Republic,Vologda Oblast,"Arkhangelsk Oblast, Komi Republic, Vologda Oblast",OK,Republic of Komi->Komi Republic,,False,,Komi Republic,Northwestern,op/idle,15,r2-nw-operating,
P0769,387,idle,2024-09-16,Yamal-Europe Gas Pipeline,,Gas,transmission,Tver,,Russia,Germany,"Russia, Belarus, Germany, Poland",Mapped route (at any accuracy),high,Tver Oblast,Brandenburg (DE),"Brandenburg (DE), Brest Region (BY), Greater Poland Voivodeship (PL), Grodno Region (BY), Kuyavian-Pomeranian Voivodeship (PL), Lubusz Voivodeship (PL), Masovian Voivodeship (PL), Minsk Region (BY), Podlaskie Voivodeship (PL), Smolensk Oblast, Tver Oblast, Vitebsk Region (BY)",OK,Tver->Tver Oblast,,False,Brandenburg (DE),Tver Oblast,Central,op/idle,15,r7-central-south,
P0828,417,cancelled,2025-07-31,Sakhalin-Hokkaido Gas Pipeline,,Gas,,,Hokkaido,Russia,Japan,"Russia, Japan",Mapped route (at any accuracy),medium,Sakhalin Oblast,Chiba Prefecture (JP),"Aomori Prefecture (JP), Chiba Prefecture (JP), Fukushima Prefecture (JP), Hokkaidō (JP), Ibaraki Prefecture (JP), Iwate Prefecture (JP), Miyagi Prefecture (JP), Sakhalin Oblast",BLANK_START,,,False,Chiba Prefecture (JP); Hokkaido (JP),Sakhalin Oblast,Far Eastern,cancelled,15,r1-fareast,
P1368,799,operating,2023-08-11,TurkStream Gas Pipeline,2,Gas,,Krasnodar Krai,Kırklareli,Russia,Türkiye,"Russia, Türkiye",Mapped route (at any accuracy),very high (within meters),Krasnodar Krai~offshore,Kırklareli Province (TR),"Krasnodar Krai, Kırklareli Province (TR)",END_MISMATCH,,,False,Kırklareli (TR); Kırklareli Province (TR),Krasnodar Krai,Southern,op/idle,14,r7-central-south,
P1439,816,operating,2025-08-05,Ukhta-Torzhok (Yamal) 2 Gas Pipeline,,Gas,transmission,Republic of Komi,Vologda Oblast,Russia,Russia,Russia,Mapped route (at any accuracy),very high (within meters),Komi Republic,Vologda Oblast,"Arkhangelsk Oblast, Komi Republic, Vologda Oblast",OK,Republic of Komi->Komi Republic,,False,,Komi Republic,Northwestern,op/idle,15,r2-nw-operating,
P1440,817,shelved,2025-08-29,Trans-Korea Gas Pipeline,,Gas,transmission,,,Russia,South Korea,"Russia, North Korea, South Korea",Mapped route (at any accuracy),medium,Primorsky Krai,South Gyeongsang Province (KR),"Gangwon Province (KR), Gyeonggi Province (KR), Kangwon Province (KP), North Chungcheong Province (KR), North Hamgyong Province (KP), North Jeolla Province (KR), Primorsky Krai, Rason (KP), Ryanggang Province (KP), South Gyeongsang Province (KR), South Hamgyong Province (KP)",BLANK_BOTH,,,False,South Gyeongsang Province (KR),Primorsky Krai,Far Eastern,in-dev,15,r1-fareast,
P1446,819,operating,2023-08-14,Chelyabinsk-Petrovsk Gas Pipeline,,Gas,transmission,Chelyabinsk region,Samara,Russia,Russia,Russia,Mapped route (at any accuracy),very low (straight line/schematic),Chelyabinsk Oblast,Saratov Oblast,"Chelyabinsk Oblast, Orenburg Oblast, Penza Oblast, Republic of Bashkortostan, Samara Oblast, Saratov Oblast, Ulyanovsk Oblast",OK,Chelyabinsk region->Chelyabinsk Oblast; Samara->Samara Oblast,,False,,Chelyabinsk Oblast,Ural,op/idle,15,r4b-urals-south,
P1456,825,operating,2023-08-04,Serpukhov-Kalinin-Leningrad Pipeline,,Gas,transmission,,,Russia,Russia,Russia,Mapped route (at any accuracy),high,Saint Petersburg,Moscow Oblast,"Kaluga Oblast, Leningrad Oblast, Moscow Oblast, Novgorod Oblast, Saint Petersburg, Tver Oblast",BLANK_BOTH,,,False,,Saint Petersburg,Northwestern,op/idle,15,r2-nw-operating,
P1466,831,operating,2023-08-14,Petrovsk-Elets Gas Pipeline,,Gas,transmission,Saratov Oblast,Lipetsk,Russia,Russia,Russia,Mapped route (at any accuracy),medium,Saratov Oblast,Lipetsk Oblast,"Lipetsk Oblast, Penza Oblast, Ryazan Oblast, Saratov Oblast, Tambov Oblast",OK,Lipetsk->Lipetsk Oblast,,False,,Saratov Oblast,Volga,op/idle,15,r5-volga,
P1470,832,operating,2023-08-03,Krasnodar Krai-Serpukhov Gas Pipeline,I,Gas,transmission,Krasnodar Krai,Moscow Oblast,Russia,Russia,Russia,Mapped route (at any accuracy),medium,Krasnodar Krai,Moscow Oblast,"Belgorod Oblast, Krasnodar Krai, Kursk Oblast, Lipetsk Oblast, Luhansk Oblast (UA), Moscow Oblast, Rostov Oblast, Tula Oblast, Voronezh Oblast",OK,,,False,,Krasnodar Krai,Southern,op/idle,15,r7-central-south,
P1472,834,operating,2024-09-25,North Caucasus-Transcaucasia Gas Pipeline,Tiblisi-Yerevan,Gas,transmission,,,Georgia,Armenia,"Russia, Georgia",Mapped route (at any accuracy),medium,Tbilisi (GE),Ararat Province (AM),"Ararat Province (AM), Kotayk Region (AM), Kvemo Kartli (GE), Lori Region (AM), Tavush Region (AM), Tbilisi (GE)",BLANK_BOTH,,,False,Ararat Province (AM); Tbilisi (GE),Tbilisi (GE),FOREIGN,op/idle,15,r7-central-south,North Caucasus–Transcaucasus trunk (Mozdok–Tbilisi–Yerevan): Russian leg is Stavropol/N. Ossetia
P1475,835,operating,2023-08-02,Maykop-Samur-Sochi Pipeline,,Gas,transmission,Republic of Adygea,Krasnodar Krai,Russia,Russia,Russia,Mapped route (at any accuracy),high,Republic of Adygea,Krasnodar Krai,"Krasnodar Krai, Republic of Adygea",OK,,,False,,Republic of Adygea,Southern,op/idle,15,r7-central-south,
P1477,837,operating,2023-08-15,Kumli-Kizlyar-Babayurt-Aksai Pipeline,,Gas,transmission,Republic of Dagestan,Republic of Dagestan,Russia,Russia,Russia,Mapped route (at any accuracy),high,Republic of Dagestan,Republic of Dagestan,Republic of Dagestan,OK,,,False,,Republic of Dagestan,North Caucasian,op/idle,15,r7-central-south,
P1647,922,retired,2024-07-29,Messoyakha-Norilsk Pipeline,I,Gas,transmission,Krasnoyarsk Krai,Krasnoyarsk Krai,Russia,Russia,Russia,Mapped route (at any accuracy),high,Krasnoyarsk Krai,Krasnoyarsk Krai,Krasnoyarsk Krai,OK,,,False,,Krasnoyarsk Krai,Siberian,op/idle,15,r6-siberia,
P1783,961,operating,2024-07-03,TransSakhalin Gas Pipeline System,,Gas,transmission,Sakhalin Oblast,Sakhalin Oblast,Russia,Russia,Russia,Mapped route (at any accuracy),high,Sakhalin Oblast,Sakhalin Oblast~offshore,Sakhalin Oblast,OK,,,False,,Sakhalin Oblast,Far Eastern,op/idle,15,r1-fareast,
P1824,964,operating,2025-08-15,Okha-Komsomolsk Gas Pipeline,,Gas,transmission,Sakhalin region,Khabarovsk Territory,Russia,Russia,Russia,Mapped route (at any accuracy),high,Sakhalin Oblast,Khabarovsk Krai,"Khabarovsk Krai, Sakhalin Oblast",OK,Sakhalin region->Sakhalin Oblast; Khabarovsk Territory->Khabarovsk Krai,,False,,Sakhalin Oblast,Far Eastern,op/idle,15,r1-fareast,
P2027,1065,operating,2025-08-14,Sakhalin-Khabarovsk-Vladivostok Gas Pipeline,Komsomolsk-on-Amur-Khabarovsk II Gas Pipeline,Gas,transmission,Khabarovsk territory,Khabarovsk territory,Russia,Russia,Russia,Mapped route (at any accuracy),high,Khabarovsk Krai,Khabarovsk Krai,Khabarovsk Krai,OK,Khabarovsk territory->Khabarovsk Krai; Khabarovsk territory->Khabarovsk Krai,,False,,Khabarovsk Krai,Far Eastern,op/idle,15,r1-fareast,
P2227,1141,mothballed,2022-08-02,Russian Federation – Turkey Natural Gas Main Transmission Line,,Gas,,,Ankara,Russia,Türkiye,"Russia, Türkiye",Mapped route (at any accuracy),high,Ankara Province (TR),Kırklareli Province (TR),"Ankara Province (TR), Bilecik Province (TR), Bursa Province (TR), Eskişehir Province (TR), Istanbul Province (TR), Kocaeli Province (TR), Kırklareli Province (TR), Tekirdağ Province (TR)",BLANK_START,,,False,Ankara (TR); Ankara Province (TR); Kırklareli Province (TR),Ankara Province (TR),FOREIGN,op/idle,14,r7-central-south,Blue Stream onshore Turkish leg — researched with the Blue Stream family (Stavropol)
P2282,1178,operating,2023-08-16,Barnaul-Biysk-Gorno-Altaysk Gas Pipeline,,Gas,transmission,Altai territory,Altai Republic,Russia,Russia,Russia,Mapped route (at any accuracy),high,Altai Krai,Altai Republic,"Altai Krai, Altai Republic",OK,Altai territory->Altai Krai,,False,,Altai Krai,Siberian,op/idle,15,r6-siberia,
P2283,1179,operating,2023-07-24,Novosibirsk-Barnaul Gas Pipeline,Novosibirsk-Barnaul Segment,Gas,transmission,Novosibirsk Oblast,Altai Krai,Russia,Russia,Russia,Mapped route (at any accuracy),high,Novosibirsk Oblast,Altai Krai,"Altai Krai, Novosibirsk Oblast",OK,,,False,,Novosibirsk Oblast,Siberian,op/idle,15,r6-siberia,
P2285,1180,operating,2023-08-04,Belousovo-Leningrad Gas Pipeline,,Gas,transmission,Kaluga region,Leningrad Oblast,Russia,Russia,Russia,Mapped route (at any accuracy),medium,Kaluga Oblast,Saint Petersburg,"Kaluga Oblast, Leningrad Oblast, Moscow Oblast, Novgorod Oblast, Saint Petersburg, Tver Oblast",OK,Kaluga region->Kaluga Oblast,,False,,Kaluga Oblast,Central,op/idle,15,r7-central-south,
P2286,1181,operating,2023-08-16,Binaradka-Ulyanovsk Gas Pipeline,,Gas,transmission,Samara Oblast,Ulyanovsk Oblast,Russia,Russia,Russia,Mapped route (at any accuracy),medium,Samara Oblast,Ulyanovsk Oblast,"Samara Oblast, Ulyanovsk Oblast",OK,,,False,,Samara Oblast,Volga,op/idle,15,r5-volga,
P2287,1182,construction,2025-08-05,Bovanenkovo-Ukhta Gas Pipeline,Pipeline 3,Gas,transmission,Yamalo-Nenets Autonomus Okrug,Komi Republic,Russia,Russia,Russia,Mapped route (at any accuracy),medium,Yamalo-Nenets Autonomous Okrug,Komi Republic,"Komi Republic, Yamalo-Nenets Autonomous Okrug",OK,Yamalo-Nenets Autonomus Okrug->Yamalo-Nenets Autonomous Okrug,,False,,Yamalo-Nenets Autonomous Okrug,Ural,in-dev,16,r4a-urals-yanao,
P2288,1183,operating,2023-08-15,Bryansk-Smolensk Gas Pipeline,,Gas,transmission,Bryansk region,Smolensk Oblast,Russia,Russia,Russia,Mapped route (at any accuracy),high,Bryansk Oblast,Smolensk Oblast,"Bryansk Oblast, Smolensk Oblast",OK,Bryansk region->Bryansk Oblast,,False,,Bryansk Oblast,Central,op/idle,15,r7-central-south,
P2296,1188,operating,2023-08-16,Sohranovka-Oktyabrskaya Gas Pipeline,,Gas,transmission,Rostov Oblast,Rostov Oblast,Russia,Russia,Russia,Mapped route (at any accuracy),high,Rostov Oblast,Rostov Oblast,Rostov Oblast,OK,,,False,,Rostov Oblast,Southern,op/idle,15,r7-central-south,
P2297,1189,operating,2023-08-17,Dolgoderevenskoye-Sysert Gas Pipeline,,Gas,transmission,Chelyabinsk region,Sverdlovsk Oblast,Russia,Russia,Russia,Mapped route (at any accuracy),high,Sverdlovsk Oblast,Chelyabinsk Oblast,"Chelyabinsk Oblast, Sverdlovsk Oblast",OK_REVERSED,Chelyabinsk region->Chelyabinsk Oblast,,False,,Chelyabinsk Oblast,Ural,op/idle,15,r4b-urals-south,
P2298,1190,operating,2023-08-16,Dombarovka-Orenburg Gas Pipeline,,Gas,transmission,Orenburg Oblast,Orenburg Oblast,Russia,Russia,Russia,Mapped route (at any accuracy),high,Orenburg Oblast,Orenburg Oblast,Orenburg Oblast,OK,,,False,,Orenburg Oblast,Volga,op/idle,15,r5-volga,
P2309,1193,operating,2023-08-18,Gorky-Center Gas Pipeline,,Gas,transmission,Nizhny Novgorod Oblast,Kaluga Oblast,Russia,Russia,Russia,Mapped route (at any accuracy),high,Nizhny Novgorod Oblast,Kaluga Oblast,"Kaluga Oblast, Moscow Oblast, Nizhny Novgorod Oblast, Ryazan Oblast, Tula Oblast, Vladimir Oblast",OK,,,False,,Nizhny Novgorod Oblast,Volga,op/idle,15,r5-volga,
P2310,1194,operating,2023-07-26,Gorky-Cherepovets Gas Pipeline,,Gas,transmission,Nizhny Novgorod Oblast,Vologda Oblast,Russia,Russia,Russia,Mapped route (at any accuracy),very high (within meters),Yaroslavl Oblast,Vologda Oblast,"Ivanovo Oblast, Nizhny Novgorod Oblast, Vladimir Oblast, Vologda Oblast, Yaroslavl Oblast",OK_INTERIOR,,,False,,Nizhny Novgorod Oblast,Volga,op/idle,15,r5-volga,
P2312,1195,operating,2023-08-09,Gryazovets-Ring of the Moscow region (KGMO) Gas Pipeline,,Gas,transmission,Vologda Oblast,Moscow Oblast,Russia,Russia,Russia,Mapped route (at any accuracy),high,Vologda Oblast,Moscow Oblast,"Ivanovo Oblast, Moscow Oblast, Vladimir Oblast, Vologda Oblast, Yaroslavl Oblast",OK,,,False,,Vologda Oblast,Northwestern,op/idle,15,r2-nw-operating,
P2313,1196,construction,2025-08-11,Gryazovets-Volkhov Gas Pipeline,,Gas,transmission,Vologda Oblast,Leningrad Oblast,Russia,Russia,Russia,Mapped route (at any accuracy),medium,Vologda Oblast,Leningrad Oblast,"Leningrad Oblast, Vologda Oblast",OK,,,False,,Vologda Oblast,Northwestern,in-dev,16,r3-nw-indev,
P2315,1197,operating,2023-08-17,Igrim-Serov-Nizhny Tagil Gas Pipeline,,Gas,transmission,Tyumen region,Sverdlovsk Oblast,Russia,Russia,Russia,Mapped route (at any accuracy),low,Khanty-Mansi Autonomous Okrug,Sverdlovsk Oblast,"Khanty-Mansi Autonomous Okrug, Sverdlovsk Oblast",OK,Tyumen region->Tyumen Oblast,,False,,Tyumen Oblast,Ural,op/idle,15,r4b-urals-south,
P2320,1198,operating,2023-08-18,Kartaly-Magnitogorsk Gas Pipeline,I,Gas,transmission,Chelyabinsk region,Chelyabinsk Oblast,Russia,Russia,Russia,Mapped route (at any accuracy),high,Chelyabinsk Oblast,Chelyabinsk Oblast,Chelyabinsk Oblast,OK,Chelyabinsk region->Chelyabinsk Oblast,,False,,Chelyabinsk Oblast,Ural,op/idle,15,r4b-urals-south,
P2321,1199,operating,2023-08-21,Kasimovskoye UGS-KS Voskresensk Gas Pipeline,,Gas,transmission,Ryazan Oblast,Moscow Oblast,Russia,Russia,Russia,Mapped route (at any accuracy),high,Ryazan Oblast,Moscow Oblast,"Moscow Oblast, Ryazan Oblast, Vladimir Oblast",OK,,,False,,Ryazan Oblast,Central,op/idle,15,r7-central-south,
P2322,1200,operating,2023-08-18,Kazan-Gorky Gas Pipeline,,Gas,transmission,Republic of Tatarstan,Nizhny Novgorod Oblast,Russia,Russia,Russia,Mapped route (at any accuracy),high,Republic of Tatarstan,Nizhny Novgorod Oblast,"Chuvash Republic, Mari El Republic, Nizhny Novgorod Oblast, Republic of Tatarstan",OK,,,False,,Republic of Tatarstan,Volga,op/idle,15,r5-volga,
P2326,1201,operating,2025-09-08,Kohtla-Järve-Leningrad Gas Pipeline,I,Gas,transmission,Estonia,Leningrad Oblast,Estonia,Russia,"Estonia, Russia",Mapped route (at any accuracy),high,Leningrad Oblast,Ida-Viru County (EE),"Ida-Viru County (EE), Leningrad Oblast, Saint Petersburg",START_MISMATCH,,,False,Estonia (EE); Ida-Viru County (EE),Leningrad Oblast,Northwestern,op/idle,15,r2-nw-operating,
P2327,1202,proposed,2025-08-18,Kovykta-Sayansk-Irkutsk Gas Pipeline,,Gas,transmission,Irkutsk region,Irkutsk Oblast,Russia,Russia,Russia,Mapped route (at any accuracy),medium,Irkutsk Oblast,Irkutsk Oblast,Irkutsk Oblast,OK,Irkutsk region->Irkutsk Oblast,,False,,Irkutsk Oblast,Siberian,in-dev,15,r6-siberia,
P2334,1203,operating,2024-08-01,Srednevilyuyskoye Gas Condensate Field-Yakutsk Gas Pipeline,Taas-Tumus - Yakutsk I Gas Pipeline,Gas,transmission,Republic of Sakha (Yakutia),Republic of Sakha (Yakutia),Russia,Russia,Russia,Mapped route (at any accuracy),high,Sakha Republic,Sakha Republic,Sakha Republic,OK,Republic of Sakha (Yakutia)->Sakha Republic; Republic of Sakha (Yakutia)->Sakha Republic,,False,,Sakha Republic,Far Eastern,op/idle,15,r1-fareast,
P2335,1204,operating,2023-08-07,Leningrad-Vyborg-State Border Gas Pipeline,I,Gas,transmission,Leningrad Oblast,Leningrad Oblast,Russia,Russia,Russia,Mapped route (at any accuracy),high,Leningrad Oblast,South Karelia (FI),"Leningrad Oblast, Saint Petersburg, South Karelia (FI)",OK,,,False,South Karelia (FI),Leningrad Oblast,Northwestern,op/idle,15,r2-nw-operating,
P2336,1205,operating,2023-08-18,Magnitogorsk-Ishimbay Gas Pipeline,,Gas,transmission,Chelyabinsk region,Republic of Bashkortostan,Russia,Russia,Russia,Mapped route (at any accuracy),high,Chelyabinsk Oblast,Republic of Bashkortostan,"Chelyabinsk Oblast, Republic of Bashkortostan",OK,Chelyabinsk region->Chelyabinsk Oblast,,False,,Chelyabinsk Oblast,Ural,op/idle,15,r4b-urals-south,
P2337,1206,operating,2023-08-21,Magnitogorsk-Sterlitamak Gas Pipeline,,Gas,transmission,Chelyabinsk region,Republic of Bashkortostan,Russia,Russia,Russia,Mapped route (at any accuracy),high,Chelyabinsk Oblast,Republic of Bashkortostan,"Chelyabinsk Oblast, Republic of Bashkortostan",OK,Chelyabinsk region->Chelyabinsk Oblast,,False,,Chelyabinsk Oblast,Ural,op/idle,15,r4b-urals-south,
P2339,1207,operating,2023-08-16,Maykop-Nevinnomyssk Gas Pipeline,,Gas,transmission,Reublic of Adygea,Stavropol Krai,Russia,Russia,Russia,Mapped route (at any accuracy),high,Stavropol Krai,Republic of Adygea,"Krasnodar Krai, Republic of Adygea, Stavropol Krai",OK_REVERSED,Reublic of Adygea->Republic of Adygea,,False,,Republic of Adygea,Southern,op/idle,15,r7-central-south,
P2340,1208,operating,2023-08-21,Minnibaevo-Kazan Gas Pipeline,I,Gas,transmission,Republic of Tatarstan,Republic of Tatarstan,Russia,Russia,Russia,Mapped route (at any accuracy),high,Republic of Tatarstan,Republic of Tatarstan,Republic of Tatarstan,OK,,,False,,Republic of Tatarstan,Volga,op/idle,15,r5-volga,
P2341,1209,operating,2023-08-21,Minnibayevo-Izhevsk Gas Pipeline,,Gas,transmission,Republic of Tatarstan,Republic of Udmurtia,Russia,Russia,Russia,Mapped route (at any accuracy),high,Republic of Tatarstan,Udmurt Republic,"Republic of Tatarstan, Udmurt Republic",OK,Republic of Udmurtia->Udmurt Republic,,False,,Republic of Tatarstan,Volga,op/idle,15,r5-volga,
P2342,1210,operating,2023-08-21,Mokrous-Samara-Tolyatti Gas Pipeline,,Gas,transmission,Saratov Oblast,Samara Oblast,Russia,Russia,Russia,Mapped route (at any accuracy),high,Saratov Oblast,Samara Oblast,"Samara Oblast, Saratov Oblast",OK,,,False,,Saratov Oblast,Volga,op/idle,15,r5-volga,
P2343,1211,operating,2023-08-15,Mozdok-Nevinnomyssk Gas Pipeline,,Gas,transmission,Republic of North Ossetia-Alania,Stavropol Krai,Russia,Russia,Russia,Mapped route (at any accuracy),high,Republic of North Ossetia-Alania,Stavropol Krai,"Kabardino-Balkar Republic, Republic of North Ossetia-Alania, Stavropol Krai",OK,,,False,,Republic of North Ossetia-Alania,North Caucasian,op/idle,15,r7-central-south,
P2346,1212,proposed,2025-08-11,Murmansk-Volkhov Gas Pipeline,,Gas,transmission,Murmansk Oblast,Leningrad Oblast,Russia,Russia,Russia,Mapped route (at any accuracy),medium,Leningrad Oblast,Murmansk Oblast~offshore,"Leningrad Oblast, Murmansk Oblast, Republic of Karelia",OK_REVERSED,,,False,,Murmansk Oblast,Northwestern,in-dev,16,r3-nw-indev,
P2348,1213,operating,2025-08-08,Nadym-Punga Gas Pipeline,I,Gas,transmission,Yamalo-Nenets Autonomus Okrug,Khanty-Mansi Autonomous Okrug,Russia,Russia,Russia,Mapped route (at any accuracy),high,Khanty-Mansi Autonomous Okrug,Khanty-Mansi Autonomous Okrug,"Khanty-Mansi Autonomous Okrug, Yamalo-Nenets Autonomous Okrug",OK_INTERIOR,Yamalo-Nenets Autonomus Okrug->Yamalo-Nenets Autonomous Okrug,,False,,Yamalo-Nenets Autonomous Okrug,Ural,op/idle,15,r4a-urals-yanao,
P2350,1214,operating,2025-08-18,Nizhnevartovsk-Parabel-Kuzbass Gas Pipeline,I,Gas,transmission,Tyumen region,Kemerovo region,Russia,Russia,Russia,Mapped route (at any accuracy),high,Tomsk Oblast,Kemerovo Oblast,"Kemerovo Oblast, Khanty-Mansi Autonomous Okrug, Novosibirsk Oblast, Tomsk Oblast",OK_INTERIOR,Tyumen region->Tyumen Oblast; Kemerovo region->Kemerovo Oblast,,False,,Tyumen Oblast,Ural,op/idle,15,r4b-urals-south,
P2351,1215,operating,2023-08-18,Nizhnyaya Tura-Perm-Gorky Gas Pipeline,Nizhnyaya Tura-Perm I Gas Pipeline,Gas,transmission,Sverdlovsk Oblast,Perm Krai,Russia,Russia,Russia,Mapped route (at any accuracy),high,Sverdlovsk Oblast,Perm Krai,"Perm Krai, Sverdlovsk Oblast",OK,,,False,,Sverdlovsk Oblast,Ural,op/idle,15,r4b-urals-south,
P2352,1216,operating,2025-08-14,Power of Siberia Gas Pipeline,Phase I,Gas,transmission,,Amur Oblas,Russia,Russia,Russia,Mapped route (at any accuracy),very high (within meters),Sakha Republic,Sakha Republic,"Amur Oblast, Sakha Republic",BLANK_START,Amur Oblas->Amur Oblast,,False,,Sakha Republic,Far Eastern,op/idle,15,r1-fareast,
P2353,1217,operating,2025-08-14,Power of Siberia Gas Pipeline,Phase II Kovykta-Chayanda Gas Pipeline,Gas,transmission,,Yakutia,Russia,Russia,Russia,Mapped route (at any accuracy),very high (within meters),Sakha Republic,Irkutsk Oblast,"Irkutsk Oblast, Sakha Republic",BLANK_START,Yakutia->Sakha Republic,,False,,Sakha Republic,Far Eastern,op/idle,15,r1-fareast,
P2355,1218,operating,2025-08-20,SRTO-Surgut-Omsk Gas Pipeline,,Gas,transmission,Yamalo-Nenets Autonomous Okrug,Omsk Oblast,Russia,Russia,Russia,Mapped route (at any accuracy),high,Yamalo-Nenets Autonomous Okrug,Omsk Oblast,"Khanty-Mansi Autonomous Okrug, Omsk Oblast, Tyumen Oblast, Yamalo-Nenets Autonomous Okrug",OK,,,False,,Yamalo-Nenets Autonomous Okrug,Ural,op/idle,15,r4a-urals-yanao,
P2357,1219,operating,2025-08-20,SRTO-Ural Gas Pipeline,I,Gas,transmission,Tyumen region,Sverdlovsk Oblast,Russia,Russia,Russia,Mapped route (at any accuracy),high,Khanty-Mansi Autonomous Okrug,Sverdlovsk Oblast,"Khanty-Mansi Autonomous Okrug, Sverdlovsk Oblast",OK,Tyumen region->Tyumen Oblast,,False,,Tyumen Oblast,Ural,op/idle,15,r4b-urals-south,
P2358,1220,operating,2023-08-21,Novoportovskoye Oil and Gas Condensate Field-Yamburg Gas Pipeline,,Gas,transmission,Yamalo-Nenets Autonomous Okrug,Yamalo-Nenets Autonomus Okrug,Russia,Russia,Russia,Mapped route (at any accuracy),high,Yamalo-Nenets Autonomous Okrug,Yamalo-Nenets Autonomous Okrug,Yamalo-Nenets Autonomous Okrug,OK,Yamalo-Nenets Autonomus Okrug->Yamalo-Nenets Autonomous Okrug,,False,,Yamalo-Nenets Autonomous Okrug,Ural,op/idle,15,r4a-urals-yanao,
P2362,1221,operating,2025-08-19,Omsk-Novosibirsk-Kuzbass Gas Pipeline,Omsk-Novosibirsk,Gas,transmission,Omsk Oblast,Novosibirsk Oblast,Russia,Russia,Russia,Mapped route (at any accuracy),high,Omsk Oblast,Kemerovo Oblast,"Kemerovo Oblast, Novosibirsk Oblast, Omsk Oblast",OK,,,False,,Omsk Oblast,Siberian,op/idle,15,r6-siberia,
P2364,1222,operating,2023-08-16,Orenburg-Samara Gas Pipeline,,Gas,transmission,Orenburg Oblast,Samara Oblast,Russia,Russia,Russia,Mapped route (at any accuracy),high,Orenburg Oblast,Samara Oblast,"Orenburg Oblast, Samara Oblast",OK,,,False,,Orenburg Oblast,Volga,op/idle,15,r5-volga,
P2365,1223,operating,2023-08-16,Orenburg-Zainsk Gas Pipeline,,Gas,transmission,Orenburg Oblast,Republic of Tatarstan,Russia,Russia,Russia,Mapped route (at any accuracy),high,Republic of Tatarstan,Orenburg Oblast,"Orenburg Oblast, Republic of Bashkortostan, Republic of Tatarstan",OK_REVERSED,,,False,,Orenburg Oblast,Volga,op/idle,15,r5-volga,
P2366,1224,operating,2023-08-21,Ostrogozhsk-Belousovo Gas Pipeline,,Gas,transmission,Voronezh Oblast,Kaluga Oblast,Russia,Russia,Russia,Mapped route (at any accuracy),high,Voronezh Oblast,Kaluga Oblast,"Kaluga Oblast, Lipetsk Oblast, Tula Oblast, Voronezh Oblast",OK,,,False,,Voronezh Oblast,Central,op/idle,15,r7-central-south,
P2370,1225,operating,2023-08-08,Pochinki-Izobilnoe-North Stavropol Underground Gas Storage Pipeline,,Gas,transmission,Nizhny Novgorod Oblast,Stavropol Krai,Russia,Russia,Russia,Mapped route (at any accuracy),high,Nizhny Novgorod Oblast,Stavropol Krai,"Nizhny Novgorod Oblast, Penza Oblast, Republic of Mordovia, Rostov Oblast, Saratov Oblast, Stavropol Krai, Volgograd Oblast",OK,,,False,,Nizhny Novgorod Oblast,Volga,op/idle,15,r5-volga,
P2371,1226,operating,2023-08-09,Pochinki-Penza Gas Pipeline,,Gas,transmission,Nizhny Novgorod Oblast,Penza Oblast,Russia,Russia,Russia,Mapped route (at any accuracy),high,Nizhny Novgorod Oblast,Penza Oblast,"Nizhny Novgorod Oblast, Penza Oblast, Republic of Mordovia",OK,,,False,,Nizhny Novgorod Oblast,Volga,op/idle,15,r5-volga,
P2372,1227,operating,2023-08-09,Pochinki-Yaroslavl Gas Pipeline,,Gas,transmission,Nizhny Novgorod Oblast,Yaroslavl Oblast,Russia,Russia,Russia,Mapped route (at any accuracy),very low (straight line/schematic),Nizhny Novgorod Oblast,Yaroslavl Oblast,"Ivanovo Oblast, Nizhny Novgorod Oblast, Vladimir Oblast, Yaroslavl Oblast",OK,,,False,,Nizhny Novgorod Oblast,Volga,op/idle,15,r5-volga,
P2375,1228,operating,2023-08-18,Polyana-Underground Gas Storage Compressor Station Pipeline,,Gas,transmission,Republic of Bashkortostan,Orenburg Oblast,Russia,Russia,Russia,Mapped route (at any accuracy),high,Orenburg Oblast,Republic of Bashkortostan,"Orenburg Oblast, Republic of Bashkortostan",OK_REVERSED,,,False,,Republic of Bashkortostan,Volga,op/idle,15,r5-volga,
P2376,1229,cancelled,2022-08-22,Proskokovo-Achinsk-Krasnoyarsk-Kansk-Balagansk Gas Pipeline,,Gas,,Kemerovo region,Irkutsk Oblast,Russia,Russia,Russia,Mapped route (at any accuracy),medium,Kemerovo Oblast,Irkutsk Oblast,"Irkutsk Oblast, Kemerovo Oblast, Krasnoyarsk Krai",OK,Kemerovo region->Kemerovo Oblast,,False,,Kemerovo Oblast,Siberian,cancelled,15,r6-siberia,
P2378,1230,operating,2025-08-07,Punga-Vuktyl-Ukhta Gas Pipeline,I,Gas,transmission,Khanty-Mansi Autonomus Okrug,Komi Republic,Russia,Russia,Russia,Mapped route (at any accuracy),high,Khanty-Mansi Autonomous Okrug,Komi Republic,"Khanty-Mansi Autonomous Okrug, Komi Republic",OK,Khanty-Mansi Autonomus Okrug->Khanty-Mansi Autonomous Okrug,,False,,Khanty-Mansi Autonomous Okrug,Ural,op/idle,15,r4b-urals-south,
P2379,1231,operating,2023-08-09,Ring of the Moscow region-Belousovo Gas Pipeline,,Gas,transmission,,Kaluga Oblast,Russia,Russia,Russia,Mapped route (at any accuracy),high,Kaluga Oblast,Moscow,"Kaluga Oblast, Moscow",BLANK_START,,,False,,Kaluga Oblast,Central,op/idle,15,r7-central-south,
P2380,1232,operating,2023-08-09,Ring of the Moscow Region Gas Pipeline,,Gas,transmission,Moscow Oblast,Moscow Oblast,Russia,Russia,Russia,Mapped route (at any accuracy),high,Moscow Oblast,Moscow Oblast,"Moscow, Moscow Oblast, Vladimir Oblast",OK,,,False,,Moscow Oblast,Central,op/idle,15,r7-central-south,
P2381,1233,operating,2023-08-16,Rostov-Maykop Gas Pipeline,I,Gas,transmission,Yaroslavl Oblast,Republic of Adygea,Russia,Russia,Russia,Mapped route (at any accuracy),high,Republic of Adygea,Rostov Oblast,"Krasnodar Krai, Republic of Adygea, Rostov Oblast",START_MISMATCH,,,False,,Republic of Adygea,Southern,op/idle,15,r7-central-south,
P2383,1234,operating,2023-08-15,Saratov-Gorky Gas Pipeline,,Gas,transmission,Saratov Oblast,Nizhny Novgorod Oblast,Russia,Russia,Russia,Mapped route (at any accuracy),high,Saratov Oblast,Nizhny Novgorod Oblast,"Nizhny Novgorod Oblast, Penza Oblast, Republic of Mordovia, Saratov Oblast",OK,,,False,,Saratov Oblast,Volga,op/idle,15,r5-volga,
P2385,1235,retired,2023-08-17,Saratov-Moscow Gas Pipeline,,Gas,transmission,Saratov Oblast,Moscow Oblast,Russia,Russia,Russia,Mapped route (at any accuracy),high,Saratov Oblast,Moscow,"Moscow, Moscow Oblast, Penza Oblast, Ryazan Oblast, Saratov Oblast, Tambov Oblast",OK,,,False,,Saratov Oblast,Volga,op/idle,15,r5-volga,
P2388,1237,operating,2023-08-18,Shkapovo-Ishimbay Gas Pipeline,,Gas,transmission,Republic of Bashkortostan,Republic of Bashkortostan,Russia,Russia,Russia,Mapped route (at any accuracy),high,Republic of Bashkortostan,Republic of Bashkortostan,Republic of Bashkortostan,OK,,,False,,Republic of Bashkortostan,Volga,op/idle,15,r5-volga,
P2390,1238,operating,2023-08-18,Shkapovo-Tubankul Gas Pipeline,,Gas,transmission,Republic of Bashkortostan,Republic of Bashkortostan,Russia,Russia,Russia,Mapped route (at any accuracy),high,Republic of Bashkortostan,Republic of Bashkortostan,Republic of Bashkortostan,OK,,,False,,Republic of Bashkortostan,Volga,op/idle,15,r5-volga,
P2424,1239,operating,2023-07-26,Sobolevo-Petropavlovsk-Kamchatsky Gas Pipeline,,Gas,transmission,Kamchatka territory,Kamchatka Krai,Russia,Russia,Russia,Mapped route (at any accuracy),high,Kamchatka Krai,Kamchatka Krai,Kamchatka Krai,OK,Kamchatka territory->Kamchatka Krai,,False,,Kamchatka Krai,Far Eastern,op/idle,15,r1-fareast,
P2425,1240,construction,2025-08-20,Pochinki-Anapa Gas Pipeline,,Gas,transmission,Nizhgorod Oblast,Krasnodar Krai,Russia,Russia,Russia,Mapped route (at any accuracy),medium,Nizhny Novgorod Oblast,Krasnodar Krai,"Krasnodar Krai, Nizhny Novgorod Oblast, Penza Oblast, Republic of Mordovia, Rostov Oblast, Saratov Oblast, Volgograd Oblast",OK,Nizhgorod Oblast->Nizhny Novgorod Oblast,,False,,Nizhny Novgorod Oblast,Volga,in-dev,16,r5-volga,
P2426,1241,operating,2023-08-03,Pisarevka-Anapa Gas Pipeline,,Gas,transmission,Voronezh Oblast,Krasnodar Krai,Russia,Russia,Russia,Mapped route (at any accuracy),high,Voronezh Oblast,Krasnodar Krai,"Krasnodar Krai, Rostov Oblast, Voronezh Oblast",OK,,,False,,Voronezh Oblast,Central,op/idle,15,r7-central-south,
P2429,1242,operating,2023-08-21,Sverdlovsk-Nizhny Tagil Gas Pipeline,,Gas,transmission,Sverdlovsk Oblast,Sverdlovsk Oblast,Russia,Russia,Russia,Mapped route (at any accuracy),high,Sverdlovsk Oblast,Sverdlovsk Oblast,Sverdlovsk Oblast,OK,,,False,,Sverdlovsk Oblast,Ural,op/idle,15,r4b-urals-south,
P2430,1243,operating,2023-08-21,Syzran-Ulyanovsk Gas Pipeline,,Gas,transmission,Samara Oblast,Ulyanovsk Oblast,Russia,Russia,Russia,Mapped route (at any accuracy),high,Samara Oblast,Ulyanovsk Oblast,"Samara Oblast, Ulyanovsk Oblast",OK,,,False,,Samara Oblast,Volga,op/idle,15,r5-volga,
P2431,1244,operating,2023-07-21,Tas-Yuryakh-Mirny-Udachny Gas Pipeline,Tas-Yuryakh-Mirny-Aykhal Gas Pipeline,Gas,transmission,Respublic of Sakha (Yakutia),Republic of Sakha (Yakutia),Russia,Russia,Russia,Mapped route (at any accuracy),high,Sakha Republic,Sakha Republic,Sakha Republic,OK,Respublic of Sakha (Yakutia)->Sakha Republic; Republic of Sakha (Yakutia)->Sakha Republic,,False,,Sakha Republic,Far Eastern,op/idle,15,r1-fareast,
P2432,1245,operating,2023-08-14,Torzhok-Valdai Gas Pipeline,,Gas,transmission,Tver Oblast,Novgorod Oblast,Russia,Russia,Russia,Mapped route (at any accuracy),high,Novgorod Oblast,Tver Oblast,"Novgorod Oblast, Tver Oblast",OK_REVERSED,,,False,,Tver Oblast,Central,op/idle,15,r7-central-south,
P2433,1246,operating,2023-08-09,Tula-Torzhok Gas Pipeline,,Gas,transmission,Tula Oblast,Tver Oblast,Russia,Russia,Russia,Mapped route (at any accuracy),high,Tver Oblast,Tula Oblast,"Kaluga Oblast, Moscow Oblast, Tula Oblast, Tver Oblast",OK_REVERSED,,,False,,Tula Oblast,Central,op/idle,15,r7-central-south,
P2435,1247,operating,2023-08-18,Tuymazy-Ufa Gas Pipeline,,Gas,transmission,Republic of Bashkortostan,Republic of Bashkortostan,Russia,Russia,Russia,Mapped route (at any accuracy),high,Republic of Bashkortostan,Republic of Bashkortostan,Republic of Bashkortostan,OK,,,False,,Republic of Bashkortostan,Volga,op/idle,15,r5-volga,
P2437,1248,shelved,2025-08-21,Ukhta-Cheboksary Gas Pipeline,,Gas,transmission,Republic of Komi,Republic of Chuvashia,Russia,Russia,Russia,Mapped route (at any accuracy),medium,Komi Republic,Chuvash Republic,"Chuvash Republic, Kirov Oblast, Komi Republic, Mari El Republic",OK,Republic of Komi->Komi Republic; Republic of Chuvashia->Chuvash Republic,,False,,Komi Republic,Northwestern,in-dev,16,r3-nw-indev,
P2440,1250,operating,2023-08-17,Urengoy-Chelyabinsk Gas Pipeline,,Gas,transmission,Yamalo-Nenets Autonomus Okrug,Chelyabinsk Oblast,Russia,Russia,Russia,Mapped route (at any accuracy),high,Yamalo-Nenets Autonomous Okrug,Chelyabinsk Oblast,"Chelyabinsk Oblast, Khanty-Mansi Autonomous Okrug, Kurgan Oblast, Tyumen Oblast, Yamalo-Nenets Autonomous Okrug",OK,Yamalo-Nenets Autonomus Okrug->Yamalo-Nenets Autonomous Okrug,,False,,Yamalo-Nenets Autonomous Okrug,Ural,op/idle,15,r4a-urals-yanao,
P2447,1251,operating,2023-08-14,Valdai-Pskov-Riga Gas Pipeline,,Gas,transmission,Novgorod Oblast,Latvia,Russia,Latvia,"Russia, Estonia, Latvia",Mapped route (at any accuracy),high,Novgorod Oblast,Riga (LV),"Alūksne Municipality (LV), Cēsis Municipality (LV), Garkalne Municipality (LV), Inčukalns Municipality (LV), Novgorod Oblast, Pskov Oblast, Riga (LV), Sigulda Municipality (LV), Valmiera (LV), Võru County (EE)",END_MISMATCH,,,False,Latvia (LV); Riga (LV),Novgorod Oblast,Northwestern,op/idle,15,r2-nw-operating,
P2450,1252,operating,2023-07-27,Yamburg-Tula Gas Pipeline,I,Gas,transmission,Yamalo-Nenets Autonomus Okrug,Tula Oblast,Russia,Russia,Russia,Mapped route (at any accuracy),high,Yamalo-Nenets Autonomous Okrug,Tula Oblast,"Chuvash Republic, Khanty-Mansi Autonomous Okrug, Kirov Oblast, Mari El Republic, Nizhny Novgorod Oblast, Perm Krai, Republic of Mordovia, Ryazan Oblast, Sverdlovsk Oblast, Tula Oblast, Udmurt Republic, Yamalo-Nenets Autonomous Okrug",OK,Yamalo-Nenets Autonomus Okrug->Yamalo-Nenets Autonomous Okrug,,False,,Yamalo-Nenets Autonomous Okrug,Ural,op/idle,15,r4a-urals-yanao,
P2458,1253,operating,2025-08-19,Yurga-Novosibirsk Gas Pipeline,,Gas,transmission,Kemerovo region,Novosibirsk Oblast,Russia,Russia,Russia,Mapped route (at any accuracy),high,Kemerovo Oblast,Novosibirsk Oblast,"Kemerovo Oblast, Novosibirsk Oblast",OK,Kemerovo region->Kemerovo Oblast,,False,,Kemerovo Oblast,Siberian,op/idle,15,r6-siberia,
P2459,1254,operating,2023-07-26,Zapolyarnoye-Novy Urengoy Gas Pipeline,,Gas,transmission,Yamalo-Nenets Autonomus Okrug,Yamalo-Nenets Oblast,Russia,Russia,Russia,Mapped route (at any accuracy),high,Yamalo-Nenets Autonomous Okrug,Yamalo-Nenets Autonomous Okrug,Yamalo-Nenets Autonomous Okrug,OK,Yamalo-Nenets Autonomus Okrug->Yamalo-Nenets Autonomous Okrug; Yamalo-Nenets Oblast->Yamalo-Nenets Autonomous Okrug,,False,,Yamalo-Nenets Autonomous Okrug,Ural,op/idle,15,r4a-urals-yanao,
P2703,1372,cancelled,2022-08-22,Achinsk-Abakan Gas Pipeline,,Gas,,,,Russia,Russia,Russia,Mapped route (at any accuracy),very low (straight line/schematic),Krasnoyarsk Krai,Krasnoyarsk Krai,"Krasnoyarsk Krai, Republic of Khakassia",BLANK_BOTH,,,False,,Krasnoyarsk Krai,Siberian,cancelled,16,r6-siberia,
P2705,1373,cancelled,2022-07-12,Ust-Kamovskaya - Lesosibirsk - Achinsk Gas Pipeline,,Gas,,,,Russia,Russia,Russia,Mapped route (at any accuracy),medium,Krasnoyarsk Krai,Krasnoyarsk Krai,Krasnoyarsk Krai,BLANK_BOTH,,,False,,Krasnoyarsk Krai,Siberian,cancelled,14,r6-siberia,
P2706,1374,cancelled,2022-07-12,Yakutsk-Aldan Gas Pipeline,,Gas,,,,Russia,Russia,Russia,Mapped route (at any accuracy),very low (straight line/schematic),Sakha Republic,Sakha Republic,Sakha Republic,BLANK_BOTH,,,False,,Sakha Republic,Far Eastern,cancelled,14,r1-fareast,
P2707,1375,proposed,2025-08-05,Ukhta-Torzhok (Yamal) 3 Gas Pipeline,,Gas,transmission,Republic of Komi,Vologda Oblast,Russia,Russia,Russia,Mapped route (at any accuracy),medium,Komi Republic,Vologda Oblast,"Arkhangelsk Oblast, Komi Republic, Vologda Oblast",OK,Republic of Komi->Komi Republic,,False,,Komi Republic,Northwestern,in-dev,16,r3-nw-indev,
P3175,1671,construction,2025-08-20,Tas-Yuryakh-Mirny-Udachny Gas Pipeline,Aykhal-Udachny Branch Gas Pipeline,Gas,transmission,Respublic of Sakha (Yakutia),Respublic of Sakha (Yakutia),Russia,Russia,Russia,Mapped route (at any accuracy),medium,Sakha Republic,Sakha Republic,Sakha Republic,OK,Respublic of Sakha (Yakutia)->Sakha Republic; Respublic of Sakha (Yakutia)->Sakha Republic,,False,,Sakha Republic,Far Eastern,in-dev,16,r1-fareast,
P3176,1672,operating,2023-07-21,Gryazovets-Volkhov-Slavyanskaya Gas Pipeline,,Gas,transmission,Vologda Oblast,Leningrad Oblast,Russia,Russia,Russia,Mapped route (at any accuracy),high,Vologda Oblast,Leningrad Oblast,"Leningrad Oblast, Vologda Oblast",OK,,,False,,Vologda Oblast,Northwestern,op/idle,15,r2-nw-operating,
P3208,1698,cancelled,2025-08-14,Power of Siberia Gas Pipeline,Phase I Expansion,Gas,transmission,Amur region,Khabarovsk Krai,Russia,Russia,Russia,Mapped route (at any accuracy),medium,Khabarovsk Krai,Amur Oblast,"Amur Oblast, Jewish Autonomous Oblast, Khabarovsk Krai",OK_REVERSED,Amur region->Amur Oblast,,False,,Amur Oblast,Far Eastern,cancelled,15,r1-fareast,
P3361,1750,operating,2025-08-19,Srednevilyuyskoye Gas Condensate Field-Yakutsk Gas Pipeline,Kysyl-Syr - Mastakh III Gas Pipeline,Gas,transmission,Republic of Sakha (Yakutia),Republic of Sakha (Yakutia),Russia,Russia,Russia,Mapped route (at any accuracy),high,Sakha Republic,Sakha Republic,Sakha Republic,OK,Republic of Sakha (Yakutia)->Sakha Republic; Republic of Sakha (Yakutia)->Sakha Republic,,False,,Sakha Republic,Far Eastern,op/idle,16,r1-fareast,
P3364,1753,operating,2024-07-31,Srednevilyuyskoye Gas Condensate Field-Yakutsk Gas Pipeline,Mastakh-Berge I Gas Pipeline,Gas,transmission,Republic of Sakha (Yakutia),Republic of Sakha (Yakutia),Russia,Russia,Russia,Mapped route (at any accuracy),high,Sakha Republic,Sakha Republic,Sakha Republic,OK,Republic of Sakha (Yakutia)->Sakha Republic; Republic of Sakha (Yakutia)->Sakha Republic,,False,,Sakha Republic,Far Eastern,op/idle,15,r1-fareast,
P3365,1754,operating,2024-07-31,Srednevilyuyskoye Gas Condensate Field-Yakutsk Gas Pipeline,Kysyl-Syr - Mastakh I Gas Pipeline,Gas,transmission,Republic of Sakha (Yakutia),Republic of Sakha (Yakutia),Russia,Russia,Russia,Mapped route (at any accuracy),high,Sakha Republic,Sakha Republic,Sakha Republic,OK,Republic of Sakha (Yakutia)->Sakha Republic; Republic of Sakha (Yakutia)->Sakha Republic,,False,,Sakha Republic,Far Eastern,op/idle,15,r1-fareast,
P3367,1756,operating,2023-07-24,Novosibirsk-Barnaul Gas Pipeline,Barnaul-Shakhi Segment,Gas,distribution,Altai territory,Altai Krai,Russia,Russia,Russia,Mapped route (at any accuracy),very low (straight line/schematic),Altai Krai,Altai Krai,Altai Krai,OK,Altai territory->Altai Krai,,False,,Altai Krai,Siberian,op/idle,15,r6-siberia,
P3368,1757,operating,2023-07-24,Novosibirsk-Barnaul Gas Pipeline,Shakhi-Rebrikha Segment,Gas,distribution,Altai territory,Altai Krai,Russia,Russia,Russia,Mapped route (at any accuracy),high,Altai Krai,Altai Krai,Altai Krai,OK,Altai territory->Altai Krai,,False,,Altai Krai,Siberian,op/idle,15,r6-siberia,
P3369,1758,proposed,2024-07-17,Novosibirsk-Barnaul Gas Pipeline,Rebrikha-Rubtsovsk Segment,Gas,distribution,Altai territory,Altai Krai,Russia,Russia,Russia,Mapped route (at any accuracy),medium,Altai Krai,Altai Krai,Altai Krai,OK,Altai territory->Altai Krai,,False,,Altai Krai,Siberian,in-dev,15,r6-siberia,
P3370,1759,proposed,2024-07-17,Novosibirsk-Barnaul Gas Pipeline,Rebrikha-Slavgorod Segment,Gas,distribution,Altai territory,Altai Krai,Russia,Russia,Russia,Mapped route (at any accuracy),medium,Altai Krai,Altai Krai,Altai Krai,OK,Altai territory->Altai Krai,,False,,Altai Krai,Siberian,in-dev,15,r6-siberia,
P3483,1775,operating,2024-09-16,Torzhok-Minsk-Ivatsevichy Gas Pipeline,I,Gas,transmission,,,Russia,Belarus,"Russia, Belarus",Mapped route (at any accuracy),high,Tver Oblast,Brest Region (BY),"Brest Region (BY), Minsk (BY), Minsk Region (BY), Smolensk Oblast, Tver Oblast, Vitebsk Region (BY)",BLANK_BOTH,,,False,Brest Region (BY),Tver Oblast,Central,op/idle,15,r7-central-south,
P3493,1780,operating,2023-07-27,Urengoy-Petrovsk Gas Pipeline,,Gas,transmission,Yamalo-Nenets Autonomous Okrug,Saratov Oblast,Russia,Russia,Russia,Mapped route (at any accuracy),medium,Yamalo-Nenets Autonomous Okrug,Saratov Oblast,"Khanty-Mansi Autonomous Okrug, Orenburg Oblast, Penza Oblast, Perm Krai, Republic of Bashkortostan, Republic of Tatarstan, Samara Oblast, Saratov Oblast, Sverdlovsk Oblast, Ulyanovsk Oblast, Yamalo-Nenets Autonomous Okrug",OK,,,False,,Yamalo-Nenets Autonomous Okrug,Ural,op/idle,15,r4a-urals-yanao,
P3500,1782,operating,2023-08-10,Yamburg-Yelets Gas Pipeline,I,Gas,transmission,Yamalo-Nenets Autonomous Okrug,Lipetsk Oblast,Russia,Russia,Russia,Mapped route (at any accuracy),high,Yamalo-Nenets Autonomous Okrug,Lipetsk Oblast,"Chuvash Republic, Khanty-Mansi Autonomous Okrug, Lipetsk Oblast, Nizhny Novgorod Oblast, Perm Krai, Republic of Mordovia, Republic of Tatarstan, Ryazan Oblast, Sverdlovsk Oblast, Tambov Oblast, Udmurt Republic, Yamalo-Nenets Autonomous Okrug",OK,,,False,,Yamalo-Nenets Autonomous Okrug,Ural,op/idle,15,r4a-urals-yanao,
P3506,1783,operating,2023-08-22,Yamburg-Volga Region Gas Pipeline,,Gas,transmission,Yamalo-Nenets Autonomous Okrug,Saratov Oblast,Russia,Russia,Russia,Mapped route (at any accuracy),low,Yamalo-Nenets Autonomous Okrug,Saratov Oblast,"Khanty-Mansi Autonomous Okrug, Perm Krai, Republic of Bashkortostan, Republic of Tatarstan, Samara Oblast, Saratov Oblast, Sverdlovsk Oblast, Ulyanovsk Oblast, Yamalo-Nenets Autonomous Okrug",OK,,,False,,Yamalo-Nenets Autonomous Okrug,Ural,op/idle,15,r4a-urals-yanao,
P3507,1784,operating,2023-08-09,Urengoy-Center Gas Pipeline,I,Gas,transmission,Yamalo-Nenets Autonomous Okrug,Tambov Oblast,Russia,Russia,Russia,Mapped route (at any accuracy),medium,Yamalo-Nenets Autonomous Okrug,Tambov Oblast,"Chuvash Republic, Khanty-Mansi Autonomous Okrug, Kirov Oblast, Mari El Republic, Nizhny Novgorod Oblast, Penza Oblast, Perm Krai, Republic of Mordovia, Republic of Tatarstan, Ryazan Oblast, Sverdlovsk Oblast, Tambov Oblast, Udmurt Republic, Yamalo-Nenets Autonomous Okrug",OK,,,False,,Yamalo-Nenets Autonomous Okrug,Ural,op/idle,15,r4a-urals-yanao,
P3603,1828,cancelled,2025-08-14,Power of Siberia 2 Gas Pipeline,Sayansk Branch Pipeline,Gas,transmission,,,Russia,Russia,Russia,Mapped route (at any accuracy),medium,Republic of Buryatia,Irkutsk Oblast,"Irkutsk Oblast, Republic of Buryatia",BLANK_BOTH,,,False,,Republic of Buryatia,Far Eastern,cancelled,15,r1-fareast,
P3604,1829,cancelled,2024-07-15,Angarskaya Gas Pipeline,,Gas,transmission,Krasnoyarsk Krai,Irkutsk Oblast,Russia,Russia,Russia,Mapped route (at any accuracy),medium,Irkutsk Oblast,Krasnoyarsk Krai,"Irkutsk Oblast, Krasnoyarsk Krai",OK_REVERSED,,,False,,Krasnoyarsk Krai,Siberian,cancelled,16,r6-siberia,
P3607,1831,construction,2025-08-14,Kharasaveyskoye–Bovanenkovskoye Gas Pipeline,,Gas,transmission,Yamalo-Nenets Autonomus Okrug,Yamalo-Nenets Autonomus Okrug,Russia,Russia,Russia,Mapped route (at any accuracy),very low (straight line/schematic),Yamalo-Nenets Autonomous Okrug~offshore,Yamalo-Nenets Autonomous Okrug,Yamalo-Nenets Autonomous Okrug,OK,Yamalo-Nenets Autonomus Okrug->Yamalo-Nenets Autonomous Okrug; Yamalo-Nenets Autonomus Okrug->Yamalo-Nenets Autonomous Okrug,,False,,Yamalo-Nenets Autonomous Okrug,Ural,in-dev,16,r4a-urals-yanao,
P3714,1893,operating,2023-08-18,Vladimir Filanovsky Gas Pipeline,,Gas,gathering,,Stavropol Krai,Russia,Russia,Russia,Mapped route (at any accuracy),very low (straight line/schematic),,Stavropol Krai,"Republic of Dagestan, Republic of Kalmykia, Stavropol Krai",NO_ROUTE,,,False,,Stavropol Krai,North Caucasian,op/idle,15,r7-central-south,
P3895,1907,proposed,2025-08-14,Sakhalin-Khabarovsk-Vladivostok Gas Pipeline,Dalnerechensk-Hulin Gas Pipeline,Gas,transmission,Primorsky territory,Heilongjiang,Russia,China,"Russia, China",Mapped route (at any accuracy),very low (straight line/schematic),Primorsky Krai,Heilongjiang (CN),"Heilongjiang (CN), Primorsky Krai",OK,Primorsky territory->Primorsky Krai,,False,Heilongjiang (CN),Primorsky Krai,Far Eastern,in-dev,15,r1-fareast,
P3896,1908,proposed,2025-08-15,Kysyl-Syr-Amga-Ayan Gas Pipeline,,Gas,transmission,Sakha Republic,Khabarovsk Krai,Russia,Russia,Russia,Mapped route (at any accuracy),medium,Sakha Republic,Khabarovsk Krai,"Khabarovsk Krai, Sakha Republic",OK,,,False,,Sakha Republic,Far Eastern,in-dev,16,r1-fareast,
P3971,1973,proposed,2023-07-27,Zam'yany-Bugrinskoye Gas Pipeline,,Gas,distribution,Astrakhan region,Astrakhan Oblast,Russia,Russia,Russia,Mapped route (at any accuracy),medium,Astrakhan Oblast,Republic of Kalmykia,"Astrakhan Oblast, Republic of Kalmykia",OK,Astrakhan region->Astrakhan Oblast,,False,,Astrakhan Oblast,Southern,in-dev,15,r7-central-south,
P3972,1974,proposed,2023-07-27,Kharabali-Akhtubinsk 2-Akhtubinsk 1 Gas Pipeline,,Gas,distribution,Astrakhan region,Astrakhan Oblast,Russia,Russia,Russia,Mapped route (at any accuracy),medium,Astrakhan Oblast,Astrakhan Oblast,Astrakhan Oblast,OK,Astrakhan region->Astrakhan Oblast,,False,,Astrakhan Oblast,Southern,in-dev,15,r7-central-south,
P3973,1975,proposed,2023-07-26,Puchezh-Yuryevets Gas Pipeline,,Gas,distribution,Ivanovo region,Ivanovo Oblast,Russia,Russia,Russia,Mapped route (at any accuracy),low,Ivanovo Oblast,Ivanovo Oblast,Ivanovo Oblast,OK,Ivanovo region->Ivanovo Oblast,,False,,Ivanovo Oblast,Central,in-dev,15,r7-central-south,
P3974,1976,proposed,2023-07-26,Palekh-Lukh Gas Pipeline,,Gas,distribution,Ivanovo region,Ivanovo Oblast,Russia,Russia,Russia,Mapped route (at any accuracy),very low (straight line/schematic),Ivanovo Oblast,Ivanovo Oblast,Ivanovo Oblast,OK,Ivanovo region->Ivanovo Oblast,,False,,Ivanovo Oblast,Central,in-dev,15,r7-central-south,
P3975,1977,operating,2023-08-22,Mishkino-Yurgamysh-Kurgan Gas Pipeline,,Gas,distribution,Kurgan Oblast,Kurgan Oblast,Russia,Russia,Russia,Mapped route (at any accuracy),low,Kurgan Oblast,Kurgan Oblast,Kurgan Oblast,OK,,,False,,Kurgan Oblast,Ural,op/idle,15,r4b-urals-south,
P3976,1978,operating,2023-07-21,Mishkino-Yurgamysh-Kurgan Gas Pipeline,Yurgamysh-Kurtamysh segment,Gas,distribution,Kurgan Oblast,Kurgan Oblast,Russia,Russia,Russia,Mapped route (at any accuracy),very low (straight line/schematic),Kurgan Oblast,Kurgan Oblast,Kurgan Oblast,OK,,,False,,Kurgan Oblast,Ural,op/idle,15,r4b-urals-south,
P3977,1979,proposed,2023-07-24,Shumikha-Almenevo Gas Pipeline,,Gas,distribution,Kurgan Oblast,Kurgan Oblast,Russia,Russia,Russia,Mapped route (at any accuracy),very low (straight line/schematic),Kurgan Oblast,Kurgan Oblast,Kurgan Oblast,OK,,,False,,Kurgan Oblast,Ural,in-dev,15,r4b-urals-south,
P3978,1980,proposed,2023-07-25,Vargashi-Lebyazhye Gas Pipeline,,Gas,distribution,Kurgan Oblast,Kurgan Oblast,Russia,Russia,Russia,Mapped route (at any accuracy),very low (straight line/schematic),Kurgan Oblast,Kurgan Oblast,Kurgan Oblast,OK,,,False,,Kurgan Oblast,Ural,in-dev,15,r4b-urals-south,
P3979,1981,proposed,2023-07-24,Lebyazhye-Makushino Gas Pipeline,,Gas,distribution,Kurgan Oblast,Kurgan Oblast,Russia,Russia,Russia,Mapped route (at any accuracy),very low (straight line/schematic),Kurgan Oblast,Kurgan Oblast,Kurgan Oblast,OK,,,False,,Kurgan Oblast,Ural,in-dev,15,r4b-urals-south,
P3980,1982,proposed,2023-07-25,Andreevskaya-Ingaly-Bolsherechenskaya Gas Pipeline,,Gas,distribution,Omsk Oblast,Omsk Oblast,Russia,Russia,Russia,Mapped route (at any accuracy),very low (straight line/schematic),Omsk Oblast,Omsk Oblast,Omsk Oblast,OK,,,False,,Omsk Oblast,Siberian,in-dev,15,r6-siberia,
P3981,1983,proposed,2023-07-24,Bolsherechenskaya-Tarskaya Gas Pipeline,,Gas,distribution,Omsk Oblast,Omsk Oblast,Russia,Russia,Russia,Mapped route (at any accuracy),very low (straight line/schematic),Omsk Oblast,Omsk Oblast,Omsk Oblast,OK,,,False,,Omsk Oblast,Siberian,in-dev,15,r6-siberia,
P3982,1984,construction,2023-07-24,Tyukalinsk-Valuevskaya-Nalimovskaya-Nazyvaevsk Gas Pipeline,,Gas,distribution,Omsk Oblast,Omsk Oblast,Russia,Russia,Russia,Mapped route (at any accuracy),medium,Omsk Oblast,Omsk Oblast,Omsk Oblast,OK,,,False,,Omsk Oblast,Siberian,in-dev,15,r6-siberia,
P3990,1989,proposed,2023-07-25,CS-12-Ust-Vym-Chasovo-Zelenets-Syktyvkar Gas Pipeline,,Gas,distribution,Republic of Komi,Komi Republic,Russia,Russia,Russia,Mapped route (at any accuracy),low,Komi Republic,Komi Republic,Komi Republic,OK,Republic of Komi->Komi Republic,,False,,Komi Republic,Northwestern,in-dev,16,r3-nw-indev,
P3991,1990,proposed,2023-07-25,Vylgort-Pazhga Gas Pipeline,,Gas,distribution,Republic of Komi,Komi Republic,Russia,Russia,Russia,Mapped route (at any accuracy),very low (straight line/schematic),Komi Republic,Komi Republic,Komi Republic,OK,Republic of Komi->Komi Republic,,False,,Komi Republic,Northwestern,in-dev,15,r3-nw-indev,
P3992,1991,proposed,2023-07-25,Pazhga-Vizinga Gas Pipeline,,Gas,distribution,Republic of Komi,Komi Republic,Russia,Russia,Russia,Mapped route (at any accuracy),very low (straight line/schematic),Komi Republic,Komi Republic,Komi Republic,OK,Republic of Komi->Komi Republic,,False,,Komi Republic,Northwestern,in-dev,15,r3-nw-indev,
P3996,1995,proposed,2023-07-28,Zaterechny Gas Distribution Station Gas Pipeline,,Gas,distribution,Stavropol Krai,Stavropol Krai,Russia,Russia,Russia,Mapped route (at any accuracy),very low (straight line/schematic),Stavropol Krai,Stavropol Krai,Stavropol Krai,OK,,,False,,Stavropol Krai,North Caucasian,in-dev,15,r7-central-south,
P3997,1996,proposed,2023-07-28,Zaterechny Gas Distribution Station Gas Pipeline,Connecting segment,Gas,distribution,Stavropol Krai,Stavropol Krai,Russia,Russia,Russia,Mapped route (at any accuracy),very low (straight line/schematic),Stavropol Krai,Stavropol Krai,Stavropol Krai,OK,,,False,,Stavropol Krai,North Caucasian,in-dev,15,r7-central-south,
P3998,1997,proposed,2023-07-28,Zaterechny-Velichaevskoe Gas Pipeline,,Gas,distribution,Stavropol Krai,Stavropol Krai,Russia,Russia,Russia,Mapped route (at any accuracy),very low (straight line/schematic),Stavropol Krai,Stavropol Krai,Stavropol Krai,OK,,,False,,Stavropol Krai,North Caucasian,in-dev,15,r7-central-south,
P4012,2009,proposed,2025-08-19,Gorky-Cherepovets Gas Pipeline,Burmakino-Rybinsk Gas Pipeline,Gas,transmission,Yaroslavl region,Yaroslavl Oblast,Russia,Russia,Russia,Mapped route (at any accuracy),medium,Yaroslavl Oblast,Vologda Oblast,"Ivanovo Oblast, Nizhny Novgorod Oblast, Vladimir Oblast, Vologda Oblast, Yaroslavl Oblast",OK,Yaroslavl region->Yaroslavl Oblast,,False,,Yaroslavl Oblast,Central,in-dev,15,r7-central-south,
P4013,2010,proposed,2023-07-26,Borok-Breytovo Gas Pipeline,,Gas,distribution,Yaroslavl Oblast,Yaroslavl Oblast,Russia,Russia,Russia,Mapped route (at any accuracy),very low (straight line/schematic),Yaroslavl Oblast,Yaroslavl Oblast,Yaroslavl Oblast,OK,,,False,,Yaroslavl Oblast,Central,in-dev,15,r7-central-south,
P4056,2052,proposed,2023-07-24,Novokuznetsk-Prokopyevsk Gas Pipeline,,Gas,distribution,Kemerovo region,Kemerovo Oblast,Russia,Russia,Russia,Mapped route (at any accuracy),very low (straight line/schematic),Kemerovo Oblast,Kemerovo Oblast,Kemerovo Oblast,OK,Kemerovo region->Kemerovo Oblast,,False,,Kemerovo Oblast,Siberian,in-dev,15,r6-siberia,
P4063,2059,proposed,2023-07-31,Zorkino-Balakovo Gas Pipeline,,Gas,distribution,Saratov Oblast,Saratov Oblast,Russia,Russia,Russia,Mapped route (at any accuracy),very low (straight line/schematic),Saratov Oblast,Saratov Oblast,Saratov Oblast,OK,,,False,,Saratov Oblast,Volga,in-dev,16,r5-volga,
P4076,2071,operating,2025-08-12,Sheksna-Kirillov-Lipin Bor-Vytegra-Pudozh Gas Pipeline,Stage I: Sheksna-Kirillov Gas Pipeline,Gas,transmission,Vologda Oblast,Vologda Oblast,Russia,Russia,Russia,Mapped route (at any accuracy),high,Vologda Oblast,Vologda Oblast,Vologda Oblast,OK,,,False,,Vologda Oblast,Northwestern,op/idle,15,r2-nw-operating,
P4077,2072,operating,2025-08-12,Sheksna-Kirillov-Lipin Bor-Vytegra-Pudozh Gas Pipeline,Stage II: Kirillov-Lipin Bor Gas Pipeline,Gas,transmission,Vologda Oblast,Vologda Oblast,Russia,Russia,Russia,Mapped route (at any accuracy),high,Vologda Oblast,Vologda Oblast,Vologda Oblast,OK,,,False,,Vologda Oblast,Northwestern,op/idle,15,r2-nw-operating,
P4078,2073,operating,2025-08-12,Sheksna-Kirillov-Lipin Bor-Vytegra-Pudozh Gas Pipeline,Stage III: Lipin Bor-Vytegra Gas Pipeline,Gas,transmission,Vologda Oblast,Vologda Oblast,Russia,Russia,Russia,Mapped route (at any accuracy),high,Vologda Oblast,Vologda Oblast,Vologda Oblast,OK,,,False,,Vologda Oblast,Northwestern,op/idle,15,r2-nw-operating,
P4080,2075,proposed,2023-07-21,Ustyuzhna Gas Pipeline,,Gas,distribution,Vologda Oblast,Vologda Oblast,Russia,Russia,Russia,Mapped route (at any accuracy),very low (straight line/schematic),Vologda Oblast,Vologda Oblast,Vologda Oblast,OK,,,False,,Vologda Oblast,Northwestern,in-dev,15,r3-nw-indev,
P4083,2076,proposed,2023-07-21,Sokol-Kharovsk Gas Pipeline,,Gas,distribution,Vologda Oblast,Vologda Oblast,Russia,Russia,Russia,Mapped route (at any accuracy),very low (straight line/schematic),Vologda Oblast,Vologda Oblast,Vologda Oblast,OK,,,False,,Vologda Oblast,Northwestern,in-dev,15,r3-nw-indev,
P4085,2078,construction,2023-08-01,Olonets-Pitkyaranta Gas Pipeline,,Gas,distribution,Republic of Karelia,Republic of Karelia,Russia,Russia,Russia,Mapped route (at any accuracy),medium,Republic of Karelia,Republic of Karelia,Republic of Karelia,OK,,,False,,Republic of Karelia,Northwestern,in-dev,15,r3-nw-indev,
P4092,2084,proposed,2023-07-21,Priozersk-Ikhala Gas Pipeline,,Gas,distribution,Leningrad Oblast,Republic of Karelia,Russia,Russia,Russia,Mapped route (at any accuracy),medium,Leningrad Oblast,Republic of Karelia,"Leningrad Oblast, Republic of Karelia",OK,,,False,,Leningrad Oblast,Northwestern,in-dev,15,r3-nw-indev,
P4093,2085,proposed,2023-07-21,Ikhala-Sortavala Gas Pipeline,,Gas,distribution,Republic of Karelia,Republic of Karelia,Russia,Russia,Russia,Mapped route (at any accuracy),very low (straight line/schematic),Republic of Karelia,Republic of Karelia,Republic of Karelia,OK,,,False,,Republic of Karelia,Northwestern,in-dev,15,r3-nw-indev,
P4094,2086,proposed,2025-08-11,Volkhov-Segezha-Kostomuksha Gas Pipeline,Stage I: Volkhov-Medvezhyegorsk Gas Pipeline,Gas,transmission,Leningrad Oblast,Republic of Karelia,Russia,Russia,Russia,Mapped route (at any accuracy),very low (straight line/schematic),Leningrad Oblast,Republic of Karelia,"Leningrad Oblast, Republic of Karelia",OK,,,False,,Leningrad Oblast,Northwestern,in-dev,15,r3-nw-indev,
P4095,2087,proposed,2025-08-11,Volkhov-Segezha-Kostomuksha Gas Pipeline,Stage II: Medvezhyegorsk-Segezha Gas Pipeline,Gas,transmission,Republic of Karelia,Republic of Karelia,Russia,Russia,Russia,Mapped route (at any accuracy),medium,Republic of Karelia,Republic of Karelia,Republic of Karelia,OK,,,False,,Republic of Karelia,Northwestern,in-dev,15,r3-nw-indev,
P4096,2088,proposed,2025-08-11,Volkhov-Segezha-Kostomuksha Gas Pipeline,Stage III: Segezha-Kostomuksha Gas Pipeline,Gas,transmission,Republic of Karelia,Republic of Karelia,Russia,Russia,Russia,Mapped route (at any accuracy),very low (straight line/schematic),Republic of Karelia,Republic of Karelia,Republic of Karelia,OK,,,False,,Republic of Karelia,Northwestern,in-dev,15,r3-nw-indev,
P4109,2101,proposed,2023-07-21,Mannovka-Ust-Luga Gas Pipeline,,Gas,distribution,Leningrad Oblast,Leningrad Oblast,Russia,Russia,Russia,Mapped route (at any accuracy),medium,Leningrad Oblast,Leningrad Oblast,Leningrad Oblast,OK,,,False,,Leningrad Oblast,Northwestern,in-dev,15,r3-nw-indev,
P4110,2102,proposed,2023-07-25,Karasuk-Bagan-Kupino-Chistoozernoe-Chany Gas Pipeline,,Gas,distribution,Novosibirsk Oblast,Novosibirsk Oblast,Russia,Russia,Russia,Mapped route (at any accuracy),medium,Novosibirsk Oblast,Novosibirsk Oblast,Novosibirsk Oblast,OK,,,False,,Novosibirsk Oblast,Siberian,in-dev,15,r6-siberia,
P4111,2103,construction,2025-08-21,Bolshoy Kamen-Vrangel Gas Pipeline,,Gas,transmission,Primorsky Krai,Primorsky Krai,Russia,Russia,Russia,Mapped route (at any accuracy),medium,Primorsky Krai,Primorsky Krai,Primorsky Krai,OK,,,False,,Primorsky Krai,Far Eastern,in-dev,16,r1-fareast,
P4112,2104,operating,2023-07-27,Kokshamary Gas Pipeline,,Gas,distribution,Mari El Republic,Mari El Republic,Russia,Russia,Russia,Mapped route (at any accuracy),very low (straight line/schematic),Mari El Republic,Mari El Republic,Mari El Republic,OK,,,False,,Mari El Republic,Volga,op/idle,15,r5-volga,
P4130,2113,construction,2023-07-21,Stomino-Nikitenki Gas Pipeline,,Gas,distribution,Smolensk Oblast,Smolensk Oblast,Russia,Russia,Russia,Mapped route (at any accuracy),very low (straight line/schematic),Smolensk Oblast,Smolensk Oblast,Smolensk Oblast,OK,,,False,,Smolensk Oblast,Central,in-dev,15,r7-central-south,
P4131,2114,proposed,2023-07-21,Selivanovo Gas Pipeline,,Gas,distribution,Smolensk Oblast,Smolensk Oblast,Russia,Russia,Russia,Mapped route (at any accuracy),very low (straight line/schematic),Smolensk Oblast,Smolensk Oblast,Smolensk Oblast,OK,,,False,,Smolensk Oblast,Central,in-dev,15,r7-central-south,
P4132,2115,operating,2024-07-19,Smolenskaya GRES-Zharkovskii Gas Pipeline,,Gas,distribution,Smolensk Oblast,Tver Oblast,Russia,Russia,Russia,Mapped route (at any accuracy),very low (straight line/schematic),Smolensk Oblast,Tver Oblast,"Smolensk Oblast, Tver Oblast",OK,,,False,,Smolensk Oblast,Central,op/idle,15,r7-central-south,
P4142,2125,proposed,2023-07-26,Rzhev-Olenino-Zapadnaya Dvina Gas Pipeline,Rzhev-Olenino-Zapadnaya Dvina Gas Pipeline,Gas,distribution,Tver Oblast,Tver Oblast,Russia,Russia,Russia,Mapped route (at any accuracy),medium,Tver Oblast,Tver Oblast,Tver Oblast,OK,,,False,,Tver Oblast,Central,in-dev,15,r7-central-south,
P4143,2126,proposed,2023-07-26,Rzhev-Olenino-Zapadnaya Dvina Gas Pipeline,Nikitino-Nelidovo Segment,Gas,distribution,Tver Oblast,Tver Oblast,Russia,Russia,Russia,Mapped route (at any accuracy),very low (straight line/schematic),Tver Oblast,Tver Oblast,Tver Oblast,OK,,,False,,Tver Oblast,Central,in-dev,15,r7-central-south,
P4144,2127,proposed,2023-07-31,Alkhazurovo-Shatoi Gas Pipeline,,Gas,distribution,Chechen Republic,Chechen Republic,Russia,Russia,Russia,Mapped route (at any accuracy),very low (straight line/schematic),Chechen Republic,Chechen Republic,Chechen Republic,OK,,,False,,Chechen Republic,North Caucasian,in-dev,15,r7-central-south,
P4145,2128,operating,2025-08-08,Nadym-Punga Gas Pipeline,II,Gas,transmission,Yamalo-Nenets Autonomus Okrug,Khanty-Mansi Autonomous Okrug,Russia,Russia,Russia,Mapped route (at any accuracy),high,Khanty-Mansi Autonomous Okrug,Yamalo-Nenets Autonomous Okrug,"Khanty-Mansi Autonomous Okrug, Yamalo-Nenets Autonomous Okrug",OK_REVERSED,Yamalo-Nenets Autonomus Okrug->Yamalo-Nenets Autonomous Okrug,,False,,Yamalo-Nenets Autonomous Okrug,Ural,op/idle,15,r4a-urals-yanao,
P4146,2129,operating,2025-08-08,Nadym-Punga Gas Pipeline,III,Gas,transmission,Yamalo-Nenets Autonomus Okrug,Khanty-Mansi Autonomous Okrug,Russia,Russia,Russia,Mapped route (at any accuracy),high,Khanty-Mansi Autonomous Okrug,Yamalo-Nenets Autonomous Okrug,"Khanty-Mansi Autonomous Okrug, Yamalo-Nenets Autonomous Okrug",OK_REVERSED,Yamalo-Nenets Autonomus Okrug->Yamalo-Nenets Autonomous Okrug,,False,,Yamalo-Nenets Autonomous Okrug,Ural,op/idle,15,r4a-urals-yanao,
P4147,2130,operating,2025-08-08,Nadym-Punga Gas Pipeline,IV,Gas,transmission,Yamalo-Nenets Autonomus Okrug,Khanty-Mansi Autonomous Okrug,Russia,Russia,Russia,Mapped route (at any accuracy),high,Khanty-Mansi Autonomous Okrug,Yamalo-Nenets Autonomous Okrug,"Khanty-Mansi Autonomous Okrug, Yamalo-Nenets Autonomous Okrug",OK_REVERSED,Yamalo-Nenets Autonomus Okrug->Yamalo-Nenets Autonomous Okrug,,False,,Yamalo-Nenets Autonomous Okrug,Ural,op/idle,15,r4a-urals-yanao,
P4148,2131,operating,2025-08-08,Nadym-Punga Gas Pipeline,V,Gas,transmission,Yamalo-Nenets Autonomus Okrug,Khanty-Mansi Autonomous Okrug,Russia,Russia,Russia,Mapped route (at any accuracy),high,Khanty-Mansi Autonomous Okrug,Yamalo-Nenets Autonomous Okrug,"Khanty-Mansi Autonomous Okrug, Yamalo-Nenets Autonomous Okrug",OK_REVERSED,Yamalo-Nenets Autonomus Okrug->Yamalo-Nenets Autonomous Okrug,,False,,Yamalo-Nenets Autonomous Okrug,Ural,op/idle,15,r4a-urals-yanao,
P4149,2132,proposed,2023-07-21,Bezhanitsy-Novorzhev Gas Pipeline,,Gas,distribution,Pskov Oblast,Pskov Oblast,Russia,Russia,Russia,Mapped route (at any accuracy),very low (straight line/schematic),Pskov Oblast,Pskov Oblast,Pskov Oblast,OK,,,False,,Pskov Oblast,Northwestern,in-dev,15,r3-nw-indev,
P4150,2133,proposed,2023-07-21,Novorzhev-Pushkinskiye Gory Gas Pipeline,,Gas,distribution,Pskov Oblast,Pskov Oblast,Russia,Russia,Russia,Mapped route (at any accuracy),very low (straight line/schematic),Pskov Oblast,Pskov Oblast,Pskov Oblast,OK,,,False,,Pskov Oblast,Northwestern,in-dev,15,r3-nw-indev,
P4156,2139,proposed,2023-07-21,Pushkinskiye Gory-Opochka Gas Pipeline,,Gas,distribution,Pskov Oblast,Pskov Oblast,Russia,Russia,Russia,Mapped route (at any accuracy),very low (straight line/schematic),Pskov Oblast,Pskov Oblast,Pskov Oblast,OK,,,False,,Pskov Oblast,Northwestern,in-dev,15,r3-nw-indev,
P4166,2148,proposed,2023-07-31,Novosokolniki-Pustoshka Gas Pipeline,,Gas,distribution,Pskov Oblast,Pskov Oblast,Russia,Russia,Russia,Mapped route (at any accuracy),very low (straight line/schematic),Pskov Oblast,Pskov Oblast,Pskov Oblast,OK,,,False,,Pskov Oblast,Northwestern,in-dev,15,r3-nw-indev,
P4167,2149,proposed,2023-07-31,Pustoshka-Idritsa Gas Pipeline,,Gas,distribution,Pskov Oblast,Pskov Oblast,Russia,Russia,Russia,Mapped route (at any accuracy),very low (straight line/schematic),Pskov Oblast,Pskov Oblast,Pskov Oblast,OK,,,False,,Pskov Oblast,Northwestern,in-dev,15,r3-nw-indev,
P4171,2151,proposed,2023-07-21,Pskov-Strugi Krasnye Gas Pipeline,,Gas,distribution,Pskov Oblast,Pskov Oblast,Russia,Russia,Russia,Mapped route (at any accuracy),very low (straight line/schematic),Pskov Oblast,Pskov Oblast,Pskov Oblast,OK,,,False,,Pskov Oblast,Northwestern,in-dev,15,r3-nw-indev,
P4172,2152,proposed,2023-07-21,Gdov-Slantsy Gas Pipeline,,Gas,distribution,Pskov Oblast,Leningrad Oblast,Russia,Russia,Russia,Mapped route (at any accuracy),very low (straight line/schematic),Pskov Oblast,Leningrad Oblast,"Leningrad Oblast, Pskov Oblast",OK,,,False,,Pskov Oblast,Northwestern,in-dev,15,r3-nw-indev,
P4210,2184,construction,2025-08-12,Sheksna-Kirillov-Lipin Bor-Vytegra-Pudozh Gas Pipeline,Stage IV: Vytegra-Pudozh Gas Pipeline,Gas,transmission,Vologda Oblast,Republic of Karelia,Russia,Russia,Russia,Mapped route (at any accuracy),medium,Vologda Oblast,Republic of Karelia,"Republic of Karelia, Vologda Oblast",OK,,,False,,Vologda Oblast,Northwestern,in-dev,15,r3-nw-indev,
P4311,2284,operating,2023-07-27,Yamburg-Tula Gas Pipeline,II,Gas,transmission,Yamalo-Nenets Autonomus Okrug,Tula Oblast,Russia,Russia,Russia,Mapped route (at any accuracy),high,Yamalo-Nenets Autonomous Okrug,Tula Oblast,"Chuvash Republic, Khanty-Mansi Autonomous Okrug, Kirov Oblast, Mari El Republic, Nizhny Novgorod Oblast, Perm Krai, Republic of Mordovia, Ryazan Oblast, Sverdlovsk Oblast, Tula Oblast, Udmurt Republic, Yamalo-Nenets Autonomous Okrug",OK,Yamalo-Nenets Autonomus Okrug->Yamalo-Nenets Autonomous Okrug,,False,,Yamalo-Nenets Autonomous Okrug,Ural,op/idle,15,r4a-urals-yanao,
P4559,2459,shelved,2025-08-20,China-Russia Binhai-Jilin Overseas Landing  Gas Pipeline,Russia Coastal Region-Jilin Hunchun,Gas,transmission,,Jilin,Russia,China,"Russia, China",Mapped route (at any accuracy),very low (straight line/schematic),Jilin (CN),Jilin (CN),Jilin (CN),BLANK_START,,,False,Jilin (CN),Jilin (CN),FOREIGN,in-dev,15,r1-fareast,Sakhalin–China (Jilin) proposal — Far Eastern export family
P5091,2957,cancelled,2025-09-08,Prokopyevsky-Toutunhe Pipeline,,Gas,,,Xinjiang,Russia,China,"Russia, China",Mapped route (at any accuracy),very low (straight line/schematic),Kemerovo Oblast,Xinjiang (CN),"Altai Krai, Altai Republic, East Kazakhstan Region (KZ), Kemerovo Oblast, Xinjiang (CN)",BLANK_START,,,False,Xinjiang (CN),Kemerovo Oblast,Siberian,cancelled,16,r6-siberia,
P5402,2992,proposed,2025-08-05,Bovanenkovo-Ukhta Gas Pipeline,Pipeline 4,Gas,transmission,Yamalo-Nenets Autonomus Okrug,Komi Republic,Russia,Russia,Russia,Mapped route (at any accuracy),medium,Yamalo-Nenets Autonomous Okrug,Komi Republic,"Komi Republic, Yamalo-Nenets Autonomous Okrug",OK,Yamalo-Nenets Autonomus Okrug->Yamalo-Nenets Autonomous Okrug,,False,,Yamalo-Nenets Autonomous Okrug,Ural,in-dev,15,r4a-urals-yanao,
P5403,2993,proposed,2025-08-05,Bovanenkovo-Ukhta Gas Pipeline,Pipeline 5,Gas,transmission,Yamalo-Nenets Autonomus Okrug,Komi Republic,Russia,Russia,Russia,Mapped route (at any accuracy),medium,Yamalo-Nenets Autonomous Okrug,Komi Republic,"Komi Republic, Yamalo-Nenets Autonomous Okrug",OK,Yamalo-Nenets Autonomus Okrug->Yamalo-Nenets Autonomous Okrug,,False,,Yamalo-Nenets Autonomous Okrug,Ural,in-dev,15,r4a-urals-yanao,
P5404,2994,construction,2025-08-05,Bovanenkovo-Ukhta Gas Pipeline,Pipeline 6,Gas,transmission,Yamalo-Nenets Autonomus Okrug,Komi Republic,Russia,Russia,Russia,Mapped route (at any accuracy),medium,Yamalo-Nenets Autonomous Okrug,Komi Republic,"Komi Republic, Yamalo-Nenets Autonomous Okrug",OK,Yamalo-Nenets Autonomus Okrug->Yamalo-Nenets Autonomous Okrug,,False,,Yamalo-Nenets Autonomous Okrug,Ural,in-dev,15,r4a-urals-yanao,
P5409,2997,proposed,2025-08-14,Power of Siberia 2 Gas Pipeline,Soyuz Vostok Gas Pipeline,Gas,transmission,Republic of Buryatia,Shanghai,Russia,China,"Russia, Mongolia, China",Mapped route (at any accuracy),medium,Shanghai (CN),Selenge Province (MN),"Beijing (CN), Darkhan-Uul Province (MN), Dornogovi Province (MN), Govisümber Province (MN), Hebei (CN), Inner Mongolia (CN), Jiangsu (CN), Khentii Province (MN), Selenge Province (MN), Shandong (CN), Shanghai (CN), Sükhbaatar Province (MN), Töv Province (MN)",START_MISMATCH,,,False,Selenge Province (MN); Shanghai (CN),Republic of Buryatia,Far Eastern,in-dev,16,r1-fareast,Soyuz Vostok / Power of Siberia 2 family (Buryatia start per sheet)
P5414,3002,operating,2023-08-17,Komsomolsk-Surgut-Chelyabinsk Gas Pipeline,,Gas,transmission,Yamalo-Nenets Autonomus Okrug,Chelyabinsk Oblast,Russia,Russia,Russia,Mapped route (at any accuracy),medium,Yamalo-Nenets Autonomous Okrug,Chelyabinsk Oblast,"Chelyabinsk Oblast, Khanty-Mansi Autonomous Okrug, Kurgan Oblast, Tyumen Oblast, Yamalo-Nenets Autonomous Okrug",OK,Yamalo-Nenets Autonomus Okrug->Yamalo-Nenets Autonomous Okrug,,False,,Yamalo-Nenets Autonomous Okrug,Ural,op/idle,15,r4a-urals-yanao,
P5510,3028,proposed,2025-08-18,Kovykta-Sayansk-Irkutsk Gas Pipeline,,Gas,transmission,Irkutsk region,Irkutsk Oblast,Russia,Russia,Russia,Mapped route (at any accuracy),medium,Irkutsk Oblast,Irkutsk Oblast,Irkutsk Oblast,OK,Irkutsk region->Irkutsk Oblast,,False,,Irkutsk Oblast,Siberian,in-dev,16,r6-siberia,
P5517,3035,operating,2025-08-19,Omsk-Novosibirsk-Kuzbass Gas Pipeline,Novosibirsk-Kuzbass,Gas,transmission,Novosibirsk Oblast,Kemerovo Oblast,Russia,Russia,Russia,Mapped route (at any accuracy),high,Novosibirsk Oblast,Kemerovo Oblast,"Kemerovo Oblast, Novosibirsk Oblast",OK,,,False,,Novosibirsk Oblast,Siberian,op/idle,15,r6-siberia,
P5521,3038,construction,2025-08-15,Belogorsk-Khabarovsk Gas Pipeline,,Gas,transmission,Amur region,Khabarovsk Territory,Russia,Russia,Russia,Mapped route (at any accuracy),medium,Amur Oblast,Khabarovsk Krai,"Amur Oblast, Jewish Autonomous Oblast, Khabarovsk Krai",OK,Amur region->Amur Oblast; Khabarovsk Territory->Khabarovsk Krai,,False,,Amur Oblast,Far Eastern,in-dev,15,r1-fareast,
P5534,3051,operating,2025-08-13,Gryazovets-Leningrad Gas Pipeline,I,Gas,transmission,Vologda Oblast,,Russia,Russia,Russia,Mapped route (at any accuracy),very high (within meters),Vologda Oblast,Vologda Oblast,"Leningrad Oblast, Vologda Oblast",OK,,,False,,Vologda Oblast,Northwestern,op/idle,15,r2-nw-operating,
P5535,3052,operating,2025-08-13,Gryazovets-Leningrad Gas Pipeline,II,Gas,transmission,Vologda Oblast,,Russia,Russia,Russia,Mapped route (at any accuracy),very high (within meters),Leningrad Oblast,Leningrad Oblast,"Leningrad Oblast, Saint Petersburg, Vologda Oblast",OK_INTERIOR,,,False,,Vologda Oblast,Northwestern,op/idle,15,r2-nw-operating,
P5537,3054,operating,2025-08-07,Punga-Vuktyl-Ukhta Gas Pipeline,II,Gas,transmission,Khanty-Mansi Autonomus Okrug,Komi Republic,Russia,Russia,Russia,Mapped route (at any accuracy),high,Khanty-Mansi Autonomous Okrug,Komi Republic,"Khanty-Mansi Autonomous Okrug, Komi Republic",OK,Khanty-Mansi Autonomus Okrug->Khanty-Mansi Autonomous Okrug,,False,,Khanty-Mansi Autonomous Okrug,Ural,op/idle,15,r4b-urals-south,
P5538,3055,operating,2025-08-07,Punga-Ukhta-Gryazovets Gas Pipeline,III,Gas,transmission,Khanty-Mansi Autonomus Okrug,Komi Republic,Russia,Russia,Russia,Mapped route (at any accuracy),high,Komi Republic,Khanty-Mansi Autonomous Okrug,"Khanty-Mansi Autonomous Okrug, Komi Republic",OK_REVERSED,Khanty-Mansi Autonomus Okrug->Khanty-Mansi Autonomous Okrug,,False,,Khanty-Mansi Autonomous Okrug,Ural,op/idle,15,r4b-urals-south,
P5539,3056,operating,2025-08-07,Punga-Ukhta-Gryazovets Gas Pipeline,IV,Gas,transmission,Republic of Komi,Vologda Oblast,Russia,Russia,Russia,Mapped route (at any accuracy),high,Komi Republic,Vologda Oblast,"Arkhangelsk Oblast, Komi Republic, Vologda Oblast",OK,Republic of Komi->Komi Republic,,False,,Komi Republic,Northwestern,op/idle,15,r2-nw-operating,
P5540,3057,operating,2025-08-06,Vuktyl-Ukhta Gas Pipeline,II,Gas,transmission,Republic of Komi,Komi Republic,Russia,Russia,Russia,Mapped route (at any accuracy),high,Komi Republic,Khanty-Mansi Autonomous Okrug,"Khanty-Mansi Autonomous Okrug, Komi Republic",OK,Republic of Komi->Komi Republic,,False,,Komi Republic,Northwestern,op/idle,15,r2-nw-operating,
P5541,3058,operating,2025-08-06,Ukhta-Torzhok (Vuktyl) Gas Pipeline,I,Gas,transmission,Republic of Komi,Tver Oblast,Russia,Russia,Russia,Mapped route (at any accuracy),very high (within meters),Tver Oblast,Tver Oblast,"Arkhangelsk Oblast, Komi Republic, Tver Oblast, Vologda Oblast, Yaroslavl Oblast",OK_INTERIOR,Republic of Komi->Komi Republic,,False,,Komi Republic,Northwestern,op/idle,15,r2-nw-operating,
P5542,3059,operating,2025-08-06,Ukhta-Torzhok (Vuktyl) Gas Pipeline,II,Gas,transmission,Republic of Komi,Tver Oblast,Russia,Russia,Russia,Mapped route (at any accuracy),very high (within meters),Arkhangelsk Oblast,Tver Oblast,"Arkhangelsk Oblast, Komi Republic, Tver Oblast, Vologda Oblast, Yaroslavl Oblast",OK_INTERIOR,Republic of Komi->Komi Republic,,False,,Komi Republic,Northwestern,op/idle,15,r2-nw-operating,
P5543,3060,operating,2025-08-06,Ukhta-Torzhok (Vuktyl) Gas Pipeline,III,Gas,transmission,Republic of Komi,Tver Oblast,Russia,Russia,Russia,Mapped route (at any accuracy),very high (within meters),Komi Republic,Tver Oblast,"Arkhangelsk Oblast, Komi Republic, Tver Oblast, Vologda Oblast, Yaroslavl Oblast",OK,Republic of Komi->Komi Republic,,False,,Komi Republic,Northwestern,op/idle,15,r2-nw-operating,
P5551,3066,operating,2023-08-03,Krasnodar Krai-Serpukhov Gas Pipeline,II,Gas,transmission,Krasnodar Krai,Moscow Oblast,Russia,Russia,Russia,Mapped route (at any accuracy),medium,Krasnodar Krai,Moscow Oblast,"Belgorod Oblast, Krasnodar Krai, Kursk Oblast, Lipetsk Oblast, Luhansk Oblast (UA), Moscow Oblast, Rostov Oblast, Tula Oblast, Voronezh Oblast",OK,,,False,,Krasnodar Krai,Southern,op/idle,15,r7-central-south,
P5584,3098,cancelled,2024-07-17,Belousovo-Leningrad Gas Pipeline,Looping Gas Pipeline,Gas,transmission,Leningrad region,Leningrad region,Russia,Russia,Russia,Mapped route (at any accuracy),medium,Leningrad Oblast,Saint Petersburg,"Leningrad Oblast, Saint Petersburg",OK,Leningrad region->Leningrad Oblast; Leningrad region->Leningrad Oblast,,False,,Leningrad Oblast,Northwestern,cancelled,17,r3-nw-indev,
P5585,3099,operating,2024-07-23,Gryazovets-Vyborg Gas Pipeline,II,Gas,transmission,Vologda Oblast,Leningrad,Russia,Russia,Russia,Mapped route (at any accuracy),very high (within meters),Leningrad Oblast,Leningrad Oblast,"Leningrad Oblast, Vologda Oblast",OK_INTERIOR,Leningrad->Leningrad Oblast,,False,,Vologda Oblast,Northwestern,op/idle,15,r2-nw-operating,
P5589,3103,operating,2025-09-08,Kohtla-Järve-Leningrad Gas Pipeline,II,Gas,transmission,Estonia,Leningrad Oblast,Estonia,Russia,"Estonia, Russia",Mapped route (at any accuracy),high,Saint Petersburg,Saint Petersburg,"Ida-Viru County (EE), Leningrad Oblast, Saint Petersburg",START_MISMATCH,,,False,Estonia (EE),Saint Petersburg,Northwestern,op/idle,15,r2-nw-operating,
P5590,3104,operating,2025-09-09,Leningrad-Vyborg-State Border Gas Pipeline,II,Gas,transmission,Leningrad Oblast,Leningrad Oblast,Russia,Russia,Russia,Mapped route (at any accuracy),high,Leningrad Oblast,South Karelia (FI),"Leningrad Oblast, Saint Petersburg, South Karelia (FI)",OK,,,False,South Karelia (FI),Leningrad Oblast,Northwestern,op/idle,15,r2-nw-operating,
P5612,3126,operating,2023-08-09,Urengoy-Center Gas Pipeline,II,Gas,transmission,Yamalo-Nenets Autonomous Okrug,Tambov Oblast,Russia,Russia,Russia,Mapped route (at any accuracy),medium,Yamalo-Nenets Autonomous Okrug,Tambov Oblast,"Chuvash Republic, Khanty-Mansi Autonomous Okrug, Kirov Oblast, Mari El Republic, Nizhny Novgorod Oblast, Penza Oblast, Perm Krai, Republic of Mordovia, Republic of Tatarstan, Ryazan Oblast, Sverdlovsk Oblast, Tambov Oblast, Udmurt Republic, Yamalo-Nenets Autonomous Okrug",OK,,,False,,Yamalo-Nenets Autonomous Okrug,Ural,op/idle,15,r4a-urals-yanao,
P5621,3134,operating,2023-08-10,Yamburg-Yelets Gas Pipeline,II,Gas,transmission,Yamalo-Nenets Autonomous Okrug,Lipetsk Oblast,Russia,Russia,Russia,Mapped route (at any accuracy),high,Yamalo-Nenets Autonomous Okrug,Lipetsk Oblast,"Chuvash Republic, Khanty-Mansi Autonomous Okrug, Lipetsk Oblast, Nizhny Novgorod Oblast, Perm Krai, Republic of Mordovia, Republic of Tatarstan, Ryazan Oblast, Sverdlovsk Oblast, Tambov Oblast, Udmurt Republic, Yamalo-Nenets Autonomous Okrug",OK,,,False,,Yamalo-Nenets Autonomous Okrug,Ural,op/idle,15,r4a-urals-yanao,
P5654,3153,operating,2024-09-16,Torzhok-Minsk-Ivatsevichy Gas Pipeline,II,Gas,transmission,,,Russia,Belarus,"Russia, Belarus",Mapped route (at any accuracy),high,Tver Oblast,Brest Region (BY),"Brest Region (BY), Minsk (BY), Minsk Region (BY), Smolensk Oblast, Tver Oblast, Vitebsk Region (BY)",BLANK_BOTH,,,False,Brest Region (BY),Tver Oblast,Central,op/idle,15,r7-central-south,
P5655,3154,operating,2024-09-16,Torzhok-Minsk-Ivatsevichy Gas Pipeline,III,Gas,transmission,,,Russia,Belarus,"Russia, Belarus",Mapped route (at any accuracy),high,Tver Oblast,Brest Region (BY),"Brest Region (BY), Minsk (BY), Minsk Region (BY), Smolensk Oblast, Tver Oblast, Vitebsk Region (BY)",BLANK_BOTH,,,False,Brest Region (BY),Tver Oblast,Central,op/idle,15,r7-central-south,
P5656,3155,operating,2023-08-15,Petrovsk-Elets Gas Pipeline,Looping,Gas,transmission,,,Russia,Russia,Russia,Unavailable (cannot find route),no route,,,,NO_ROUTE,,,False,,,,op/idle,15,r7-central-south,"Petrovsk (Saratov Obl.)–Elets (Lipetsk Obl.), no geometry; Central terminus"
P5665,3163,operating,2023-08-16,Rostov-Maykop Gas Pipeline,II,Gas,transmission,Yaroslavl Oblast,Republic of Adygea,Russia,Russia,Russia,Unavailable (cannot find route),no route,,,,NO_ROUTE,,,False,,Yaroslavl Oblast,Central,op/idle,15,r7-central-south,
P5666,3164,operating,2024-07-29,Messoyakha-Norilsk Pipeline,II,Gas,transmission,Krasnoyarsk Krai,Krasnoyarsk Krai,Russia,Russia,Russia,Mapped route (at any accuracy),high,Krasnoyarsk Krai,Krasnoyarsk Krai,Krasnoyarsk Krai,OK,,,False,,Krasnoyarsk Krai,Siberian,op/idle,15,r6-siberia,
P5667,3165,operating,2024-07-29,Messoyakha-Norilsk Pipeline,III,Gas,transmission,Krasnoyarsk Krai,Krasnoyarsk Krai,Russia,Russia,Russia,Mapped route (at any accuracy),high,Krasnoyarsk Krai,Krasnoyarsk Krai,Krasnoyarsk Krai,OK,,,False,,Krasnoyarsk Krai,Siberian,op/idle,15,r6-siberia,
P5668,3166,operating,2024-07-29,Messoyakha-Norilsk Pipeline,IV,Gas,transmission,Krasnoyarsk Krai,Krasnoyarsk Krai,Russia,Russia,Russia,Mapped route (at any accuracy),high,Krasnoyarsk Krai,Krasnoyarsk Krai,Krasnoyarsk Krai,OK,,,False,,Krasnoyarsk Krai,Siberian,op/idle,15,r6-siberia,
P5686,3183,operating,2023-08-17,Urengoy-Chelyabinsk Gas Pipeline,Dolgoderevenskoye-Krasnogorsk Looping Gas Pipeline,Gas,transmission,Chelyabinsk region,Chelyabinsk Oblast,Russia,Russia,Russia,Mapped route (at any accuracy),very low (straight line/schematic),Chelyabinsk Oblast,Chelyabinsk Oblast,Chelyabinsk Oblast,OK,Chelyabinsk region->Chelyabinsk Oblast,,False,,Chelyabinsk Oblast,Ural,op/idle,15,r4b-urals-south,
P5712,3206,operating,2023-08-18,Nizhnyaya Tura-Perm-Gorky Gas Pipeline,Nizhnyaya Tura-Perm II Gas Pipeline,Gas,transmission,Sverdlovsk Oblast,Perm Krai,Russia,Russia,Russia,Mapped route (at any accuracy),high,Sverdlovsk Oblast,Nizhny Novgorod Oblast,"Chuvash Republic, Kirov Oblast, Mari El Republic, Nizhny Novgorod Oblast, Perm Krai, Republic of Tatarstan, Sverdlovsk Oblast, Udmurt Republic",OK,,,False,,Sverdlovsk Oblast,Ural,op/idle,15,r4b-urals-south,
P5714,3207,operating,2023-08-18,Nizhnyaya Tura-Perm-Gorky Gas Pipeline,Nizhnyaya Tura-Perm III Gas Pipeline,Gas,transmission,Sverdlovsk Oblast,Perm Krai,Russia,Russia,Russia,Mapped route (at any accuracy),high,Perm Krai,Nizhny Novgorod Oblast,"Chuvash Republic, Kirov Oblast, Mari El Republic, Nizhny Novgorod Oblast, Perm Krai, Republic of Tatarstan, Udmurt Republic",START_MISMATCH,,,False,,Perm Krai,Volga,op/idle,15,r5-volga,
P5715,3208,operating,2023-08-18,Nizhnyaya Tura-Perm-Gorky Gas Pipeline,Perm-Gorky I Gas Pipeline,Gas,transmission,Perm Krai,Nizhny Novgorod Oblast,Russia,Russia,Russia,Mapped route (at any accuracy),high,Perm Krai,Nizhny Novgorod Oblast,"Chuvash Republic, Kirov Oblast, Mari El Republic, Nizhny Novgorod Oblast, Perm Krai, Republic of Tatarstan, Udmurt Republic",OK,,,False,,Perm Krai,Volga,op/idle,15,r5-volga,
P5716,3209,operating,2023-08-18,Nizhnyaya Tura-Perm-Gorky Gas Pipeline,Perm-Gorky II Gas Pipeline,Gas,transmission,Perm Krai,Nizhny Novgorod Oblast,Russia,Russia,Russia,Mapped route (at any accuracy),high,Perm Krai,Nizhny Novgorod Oblast,"Chuvash Republic, Kirov Oblast, Mari El Republic, Nizhny Novgorod Oblast, Perm Krai, Republic of Tatarstan, Udmurt Republic",OK,,,False,,Perm Krai,Volga,op/idle,15,r5-volga,
P5717,3210,operating,2023-08-18,Kartaly-Magnitogorsk Gas Pipeline,II,Gas,transmission,Chelyabinsk region,Chelyabinsk Oblast,Russia,Russia,Russia,Mapped route (at any accuracy),high,Chelyabinsk Oblast,Chelyabinsk Oblast,Chelyabinsk Oblast,OK,Chelyabinsk region->Chelyabinsk Oblast,,False,,Chelyabinsk Oblast,Ural,op/idle,15,r4b-urals-south,
P5743,3232,operating,2023-08-21,Ishimbay-Ufa Gas Pipeline,,Gas,transmission,Republic of Bashkortostan,Republic of Bashkortostan,Russia,Russia,Russia,Mapped route (at any accuracy),very low (straight line/schematic),Republic of Bashkortostan,Republic of Bashkortostan,Republic of Bashkortostan,OK,,,False,,Republic of Bashkortostan,Volga,op/idle,15,r5-volga,
P5744,3233,operating,2023-08-21,Minnibaevo-Kazan Gas Pipeline,II,Gas,transmission,Republic of Tatarstan,Republic of Tatarstan,Russia,Russia,Russia,Mapped route (at any accuracy),high,Republic of Tatarstan,Republic of Tatarstan,Republic of Tatarstan,OK,,,False,,Republic of Tatarstan,Volga,op/idle,15,r5-volga,
P5745,3234,operating,2025-08-20,SRTO-Ural Gas Pipeline,II,Gas,transmission,Tyumen region,Sverdlovsk Oblast,Russia,Russia,Russia,Mapped route (at any accuracy),high,Khanty-Mansi Autonomous Okrug,Sverdlovsk Oblast,"Khanty-Mansi Autonomous Okrug, Sverdlovsk Oblast",OK,Tyumen region->Tyumen Oblast,,False,,Tyumen Oblast,Ural,op/idle,15,r4b-urals-south,
P5746,3235,operating,2023-08-21,Novospassk-Ulyanovsk Gas Pipeline,,Gas,transmission,Ulyanovsk Oblast,Ulyanovsk Oblast,Russia,Russia,Russia,Mapped route (at any accuracy),very low (straight line/schematic),Ulyanovsk Oblast,Ulyanovsk Oblast,Ulyanovsk Oblast,OK,,,False,,Ulyanovsk Oblast,Volga,op/idle,15,r5-volga,
P5875,3337,operating,2024-09-25,North Caucasus-Transcaucasia Gas Pipeline,Mozdok-Tbilisi,Gas,transmission,North Ossetia,,Russia,Georgia,"Russia, Georgia, Armenia",Mapped route (at any accuracy),medium,Stavropol Krai,Tbilisi (GE),"Chechen Republic, Kvemo Kartli (GE), Mtskheta-Mtianeti (GE), Republic of Ingushetia, Republic of North Ossetia-Alania, Stavropol Krai, Tbilisi (GE)",OK_INTERIOR,North Ossetia->Republic of North Ossetia-Alania,,False,Tbilisi (GE),Republic of North Ossetia-Alania,North Caucasian,op/idle,15,r7-central-south,
P6535,3513,proposed,2025-08-18,Volodino-Krasnoyarsk Gas Pipeline,,Gas,transmission,Tomsk region,Krasnoyarsk Territory,Russia,Russia,Russia,Not mapped (but could be — route or endpoints are known),very low (straight line/schematic),Tomsk Oblast,Krasnoyarsk Krai,"Kemerovo Oblast, Krasnoyarsk Krai, Tomsk Oblast",OK,Tomsk region->Tomsk Oblast; Krasnoyarsk Territory->Krasnoyarsk Krai,,False,,Tomsk Oblast,Siberian,in-dev,15,r6-siberia,
P6540,3518,proposed,2025-08-21,Tambeyskoye-Bovanenkovo Gas Pipeline,,Gas,transmission,Yamalo-Nenets Autonomus Okrug,Yamalo-Nenets Autonomus Okrug,Russia,Russia,Russia,Mapped route (at any accuracy),medium,Yamalo-Nenets Autonomous Okrug,Yamalo-Nenets Autonomous Okrug,Yamalo-Nenets Autonomous Okrug,OK,Yamalo-Nenets Autonomus Okrug->Yamalo-Nenets Autonomous Okrug; Yamalo-Nenets Autonomus Okrug->Yamalo-Nenets Autonomous Okrug,,False,,Yamalo-Nenets Autonomous Okrug,Ural,in-dev,15,r4a-urals-yanao,
P6635,3592,proposed,2025-08-13,Vologda-Cherepovets Gas Pipeline,,Gas,transmission,Vologda Oblast,Vologda Oblast,Russia,Russia,Russia,Mapped route (at any accuracy),medium,Vologda Oblast,Vologda Oblast,Vologda Oblast,OK,,,False,,Vologda Oblast,Northwestern,in-dev,16,r3-nw-indev,
P6674,3620,operating,2025-08-20,Bratskoye-Bratsk Gas Pipeline,I,Gas,transmission,Irkutsk region,Irkutsk region,Russia,Russia,Russia,Mapped route (at any accuracy),high,Irkutsk Oblast,Irkutsk Oblast,Irkutsk Oblast,OK,Irkutsk region->Irkutsk Oblast; Irkutsk region->Irkutsk Oblast,,False,,Irkutsk Oblast,Siberian,op/idle,15,r6-siberia,
P6675,3621,proposed,2025-08-20,Bratskoye-Bratsk Gas Pipeline,II,Gas,transmission,Irkutsk region,Irkutsk region,Russia,Russia,Russia,Mapped route (at any accuracy),medium,Irkutsk Oblast,Irkutsk Oblast,Irkutsk Oblast,OK,Irkutsk region->Irkutsk Oblast; Irkutsk region->Irkutsk Oblast,,False,,Irkutsk Oblast,Siberian,in-dev,15,r6-siberia,
P6682,3628,proposed,2025-08-21,Srednebotuobinskoye-Novolenskaya CHP Gas Pipeline,,Gas,transmission,Sakha Republic,Sakha Republic,Russia,Russia,Russia,Mapped route (at any accuracy),medium,Sakha Republic,Sakha Republic,Sakha Republic,OK,,,False,,Sakha Republic,Far Eastern,in-dev,15,r1-fareast,
P6683,3629,operating,2024-07-29,Pelyatka-Messoyakha Gas Pipeline,I,Gas,transmission,Krasnoyarsk Krai,Krasnoyarsk Krai,Russia,Russia,Russia,Mapped route (at any accuracy),high,Krasnoyarsk Krai,Krasnoyarsk Krai,"Krasnoyarsk Krai, Yamalo-Nenets Autonomous Okrug",OK,,,False,,Krasnoyarsk Krai,Siberian,op/idle,15,r6-siberia,
P6684,3630,operating,2024-07-29,Pelyatka-Messoyakha Gas Pipeline,II,Gas,transmission,Krasnoyarsk Krai,Krasnoyarsk Krai,Russia,Russia,Russia,Mapped route (at any accuracy),high,Yamalo-Nenets Autonomous Okrug,Krasnoyarsk Krai,"Krasnoyarsk Krai, Yamalo-Nenets Autonomous Okrug",OK,,,False,,Krasnoyarsk Krai,Siberian,op/idle,15,r6-siberia,
P6690,3636,operating,2024-07-30,Zapadno-Ozernoye–Anadyr Gas Pipeline,,Gas,transmission,Chukotka Autonomus District,Chukotka Autonomus District,Russia,Russia,Russia,Mapped route (at any accuracy),very low (straight line/schematic),Chukotka Autonomous Okrug,Chukotka Autonomous Okrug,Chukotka Autonomous Okrug,OK,Chukotka Autonomus District->Chukotka Autonomous Okrug; Chukotka Autonomus District->Chukotka Autonomous Okrug,,False,,Chukotka Autonomous Okrug,Far Eastern,op/idle,15,r1-fareast,
P6691,3637,operating,2024-07-31,Srednevilyuyskoye Gas Condensate Field-Yakutsk Gas Pipeline,Mastakh-Berge II Gas Pipeline,Gas,transmission,Republic of Sakha (Yakutia),Republic of Sakha (Yakutia),Russia,Russia,Russia,Mapped route (at any accuracy),high,Sakha Republic,Sakha Republic,Sakha Republic,OK,Republic of Sakha (Yakutia)->Sakha Republic; Republic of Sakha (Yakutia)->Sakha Republic,,False,,Sakha Republic,Far Eastern,op/idle,15,r1-fareast,
P6694,3640,operating,2024-07-31,Srednevilyuyskoye Gas Condensate Field-Yakutsk Gas Pipeline,Mastakh-Yakutsk III Gas Pipeline,Gas,transmission,Republic of Sakha (Yakutia),Republic of Sakha (Yakutia),Russia,Russia,Russia,Mapped route (at any accuracy),high,Sakha Republic,Sakha Republic,Sakha Republic,OK,Republic of Sakha (Yakutia)->Sakha Republic; Republic of Sakha (Yakutia)->Sakha Republic,,False,,Sakha Republic,Far Eastern,op/idle,15,r1-fareast,
P6695,3641,operating,2024-07-31,Srednevilyuyskoye Gas Condensate Field-Yakutsk Gas Pipeline,Kysyl-Syr - Mastakh II Gas Pipeline,Gas,transmission,Republic of Sakha (Yakutia),Republic of Sakha (Yakutia),Russia,Russia,Russia,Mapped route (at any accuracy),high,Sakha Republic,Sakha Republic,Sakha Republic,OK,Republic of Sakha (Yakutia)->Sakha Republic; Republic of Sakha (Yakutia)->Sakha Republic,,False,,Sakha Republic,Far Eastern,op/idle,15,r1-fareast,
P6696,3642,operating,2024-08-01,Srednevilyuyskoye Gas Condensate Field-Yakutsk Gas Pipeline,Taas-Tumus - Yakutsk II Gas Pipeline,Gas,transmission,Republic of Sakha (Yakutia),Republic of Sakha (Yakutia),Russia,Russia,Russia,Mapped route (at any accuracy),high,Sakha Republic,Sakha Republic,Sakha Republic,OK,Republic of Sakha (Yakutia)->Sakha Republic; Republic of Sakha (Yakutia)->Sakha Republic,,False,,Sakha Republic,Far Eastern,op/idle,15,r1-fareast,
P6710,3653,construction,2025-08-22,Srednetyungskoye-Nakyn Gas Pipeline,,Gas,transmission,Republic of Sakha,Republic of Sakha,Russia,Russia,Russia,Mapped route (at any accuracy),very low (straight line/schematic),Sakha Republic,Sakha Republic,Sakha Republic,OK,Republic of Sakha->Sakha Republic; Republic of Sakha->Sakha Republic,,False,,Sakha Republic,Far Eastern,in-dev,15,r1-fareast,
P7537,3922,proposed,2025-08-05,Ukhta-Torzhok (Yamal) 4 Gas Pipeline,,Gas,transmission,Republic of Komi,Vologda Oblast,Russia,Russia,Russia,Mapped route (at any accuracy),medium,Komi Republic,Vologda Oblast,"Arkhangelsk Oblast, Komi Republic, Vologda Oblast",OK,Republic of Komi->Komi Republic,,False,,Komi Republic,Northwestern,in-dev,15,r3-nw-indev,
P7538,3923,operating,2025-08-06,Vuktyl-Ukhta Gas Pipeline	,I,Gas,transmission,Republic of Komi,Komi Republic,Russia,Russia,Russia,Mapped route (at any accuracy),high,Komi Republic,Khanty-Mansi Autonomous Okrug,"Khanty-Mansi Autonomous Okrug, Komi Republic",OK,Republic of Komi->Komi Republic,,False,,Komi Republic,Northwestern,op/idle,15,r2-nw-operating,
P7546,3930,operating,2025-08-08,Medvezhye-Nadym Gas Pipeline,I,Gas,transmission,Yamalo-Nenets Autonomus Okrug,Yamalo-Nenets Autonomus Okrug,Russia,Russia,Russia,Mapped route (at any accuracy),high,Yamalo-Nenets Autonomous Okrug,Yamalo-Nenets Autonomous Okrug,Yamalo-Nenets Autonomous Okrug,OK,Yamalo-Nenets Autonomus Okrug->Yamalo-Nenets Autonomous Okrug; Yamalo-Nenets Autonomus Okrug->Yamalo-Nenets Autonomous Okrug,,False,,Yamalo-Nenets Autonomous Okrug,Ural,op/idle,15,r4a-urals-yanao,
P7547,3931,operating,2025-08-08,Medvezhye-Nadym Gas Pipeline,II,Gas,transmission,Yamalo-Nenets Autonomus Okrug,Yamalo-Nenets Autonomus Okrug,Russia,Russia,Russia,Mapped route (at any accuracy),high,Yamalo-Nenets Autonomous Okrug,Yamalo-Nenets Autonomous Okrug,Yamalo-Nenets Autonomous Okrug,OK,Yamalo-Nenets Autonomus Okrug->Yamalo-Nenets Autonomous Okrug; Yamalo-Nenets Autonomus Okrug->Yamalo-Nenets Autonomous Okrug,,False,,Yamalo-Nenets Autonomous Okrug,Ural,op/idle,15,r4a-urals-yanao,
P7559,3943,operating,2025-08-12,Volkhov-Petrozavodsk-Kondopoga Gas Pipeline,Volkhov-Petrozavodsk Gas Pipeline,Gas,transmission,Leningrad region,Republic of Karelia,Russia,Russia,Russia,Mapped route (at any accuracy),high,Leningrad Oblast,Republic of Karelia,"Leningrad Oblast, Republic of Karelia",OK,Leningrad region->Leningrad Oblast,,False,,Leningrad Oblast,Northwestern,op/idle,15,r2-nw-operating,
P7560,3944,operating,2025-08-12,Volkhov-Petrozavodsk-Kondopoga Gas Pipeline,Petrozavodsk-Kondopoga Gas Pipeline,Gas,transmission,Republic of Karelia,Republic of Karelia,Russia,Russia,Russia,Mapped route (at any accuracy),high,Republic of Karelia,Republic of Karelia,Republic of Karelia,OK,,,False,,Republic of Karelia,Northwestern,op/idle,15,r2-nw-operating,
P7600,3983,construction,2025-08-15,Power of Siberia Gas Pipeline,Tas-Yuryakhskoye-Verkhnevilyuchanskoye Gas Pipeline,Gas,transmission,Sakha Republic,Sakha Republic,Russia,Russia,Russia,Mapped route (at any accuracy),low,,,,NO_ROUTE,,,False,,Sakha Republic,Far Eastern,in-dev,15,r1-fareast,
P7612,3995,operating,2025-08-18,Myldzhino-Vertikos Gas Pipeline,,Gas,transmission,Tomsk region,Tomsk region,Russia,Russia,Russia,Mapped route (at any accuracy),high,Tomsk Oblast,Tomsk Oblast,Tomsk Oblast,OK,Tomsk region->Tomsk Oblast; Tomsk region->Tomsk Oblast,,False,,Tomsk Oblast,Siberian,op/idle,15,r6-siberia,
P7615,3998,operating,2025-08-19,Nizhnevartovsk-Parabel-Kuzbass Gas Pipeline,II,Gas,transmission,Tomsk region,Kemerovo region,Russia,Russia,Russia,Mapped route (at any accuracy),high,Tomsk Oblast,Kemerovo Oblast,"Kemerovo Oblast, Novosibirsk Oblast, Tomsk Oblast",OK,Tomsk region->Tomsk Oblast; Kemerovo region->Kemerovo Oblast,,False,,Tomsk Oblast,Siberian,op/idle,15,r6-siberia,
P8087,4342,proposed,2026-08-28,Ishim-Astana Gas Pipeline,,Gas,transmission,Tyumen Region,,Russia,Kazakhstan,"Russia, Kazakhstan",,,,,,NO_ROUTE,Tyumen Region->Tyumen Oblast,,False,,Tyumen Oblast,Ural,in-dev,15,r4b-urals-south,
