pid,sheet_row,batch1,name,seg,start_state,end_state,start_loc,start_dist,end_loc,end_dist,route_type,route_acc,geo_first,geo_last,traversed,verdict,derived,sheet_norm
P0061,4,True,Double E Pipeline Project,Main Line,New Mexico,Texas,,Eddy County,Waha,,Mapped route (at any accuracy),high,New Mexico (US),New Mexico (US),"New Mexico, Texas",OK,New Mexico,New Mexico
P0143,5,False,Acadian Gas Pipeline System,,Louisiana,Louisiana,Haynesville shale field,,,,Mapped route (at any accuracy),low,Louisiana (US),Louisiana (US),Louisiana,OK,Louisiana,Louisiana
P0145,7,False,Access South Gas Pipeline,,Pennsylvania,Mississippi,Uniontown,,Kosciusko,,Mapped route (at any accuracy),low,Pennsylvania (US),Mississippi (US),"Alabama, Kentucky, Mississippi, Ohio, Pennsylvania, Tennessee, West Virginia",OK,Pennsylvania,Pennsylvania
P0149,10,False,Algonquin Gas Transmission Pipeline,Main Line,New York,Massachusetts,Lambertville,,Boston,,Mapped route (at any accuracy),low,,,,NO_ROUTE,New York,New York
P0150,11,False,Algonquin Gas Transmission Pipeline,Algonquin Incremental Market (AIM) Gas Pipeline,New York,New York,Rockland County,,Westchester County,,Mapped route (at any accuracy),very low (straight line/schematic),New York (US),New York (US),New York,OK,New York,New York
P0151,12,False,Alliance Gas Pipeline,Main Line,British Columbia,Illinois,,,Chicago,,Mapped route (at any accuracy),high,Alberta (CA),Illinois (US),"Alberta, British Columbia, Illinois, Iowa, Minnesota, North Dakota, Saskatchewan, South Dakota",OK_INTERIOR,Alberta,British Columbia
P0153,14,False,Appalachian Connector Pipeline,,Clarington,Chatham,,,Ohio,,Not mapped (but could be — route or endpoints are known),no route,,,,NO_ROUTE,Clarington,Clarington
P0154,15,False,Atlantic Bridge Gas Project,Phase I,New Jersey,Maine,,,,,Not mapped (but could be — route or endpoints are known),no route,,,,NO_ROUTE,New Jersey,New Jersey
P0156,17,False,Atlantic Sunrise Gas Pipeline,,Lancaster County,Susquehanna County,,,Pennsylvania,,Mapped route (at any accuracy),low,Pennsylvania (US),Pennsylvania (US),Pennsylvania,START_MISMATCH,Pennsylvania,Lancaster County
P0157,18,False,BC Gas Pipeline,Westcoast Pipeline,British Columbia,Washington,Fort Nelson,,Sumas,,Mapped route (at any accuracy),low,British Columbia (CA),British Columbia (CA),"Alberta, British Columbia",END_MISMATCH,British Columbia,British Columbia
P0158,19,False,Bison Gas Pipeline,,Wyoming,North Dakota,Gillette,,Glen Ullin,,Mapped route (at any accuracy),low,North Dakota (US),Wyoming (US),"Montana, North Dakota, Wyoming",OK,North Dakota,Wyoming
P0159,20,False,Bridgeline Gas Pipeline,,Louisiana,Louisiana,Larose,,,,Mapped route (at any accuracy),low,Texas (US)~0.01,Louisiana (US),Louisiana,OK,Texas,Louisiana
P0161,22,True,Enable Gas Transmission,,Texas,Louisiana,,,,,Mapped route (at any accuracy),high,Texas (US),Arkansas (US),"Arkansas, Kansas, Louisiana, Mississippi, Missouri, Oklahoma, Tennessee, Texas",OK,Texas,Texas
P0162,23,True,Mississippi River Transmission,,Texas,Illinois,,,,,Mapped route (at any accuracy),low,Arkansas (US),Illinois (US),"Arkansas, Illinois, Louisiana, Missouri, Texas",OK_INTERIOR,Arkansas,Texas
P0164,25,False,Southeast Supply Header,,Louisiana,Alabama,Perryville Hub,,Gulf Stream Natural Gas Pipeline System,Mobile County,Mapped route (at any accuracy),low,Louisiana (US),Mississippi (US),"Alabama, Louisiana, Mississippi",OK,Louisiana,Louisiana
P0165,26,False,Chandeleur Gas Pipeline,,"Louisiana, Mississippi",Mississippi,offshore Gulf of Mexico,,Pascagoula,,Mapped route (at any accuracy),low,Mississippi (US),Alabama (US)~0.05,"Alabama, Louisiana, Mississippi",OK,Mississippi,Louisiana
P0166,27,False,Cheyenne Plains Gas Pipeline,,Colorado,Kansas,Kit Carson,,Sherman,,Mapped route (at any accuracy),very low (straight line/schematic),Colorado (US),Kansas (US),"Colorado, Kansas",OK,Colorado,Colorado
P0168,29,False,Colorado Interstate Gas Pipeline,,"Rocky Mountains, Anadarko Basin",Colorado,,,California,,Mapped route (at any accuracy),high,Colorado (US),Colorado (US),"Colorado, Kansas, Montana, Oklahoma, Texas, Utah, Wyoming",START_MISMATCH,Colorado,Rocky Mountains
P0169,30,False,Columbia Gas Transmission,SYSTEM/NETWORK INFO,,New York,Midwest,,,,Mapped route (at any accuracy),high,Ohio (US),Ohio (US),"Delaware, Kentucky, Maryland, New Jersey, New York, North Carolina, Ohio, Pennsylvania, Virginia, West Virginia",BLANK_START,Ohio,
P0172,33,False,Crossroads Gas Pipeline,,Indiana,Ohio,Schererville,,Cygnet,,Mapped route (at any accuracy),very low (straight line/schematic),Indiana (US),Ohio (US),"Indiana, Ohio",OK,Indiana,Indiana
P0175,36,False,Destin Gas Pipeline,,Mississippi,Mississippi,Gulf of Mexico,,"Pascagoula plant, Moss Point",,Mapped route (at any accuracy),low,Louisiana (US)~0.18,Mississippi (US),Mississippi,OK,Louisiana,Mississippi
P0176,37,False,Dominion Gas Pipeline,,,New United Kingdom,"Dominion LNG in Maryland, gas from Ohio and Virginia",,,,Mapped route (at any accuracy),low,Maryland (US),Ohio (US),"Connecticut, District of Columbia, Maryland, New York, Ohio, Pennsylvania, Virginia, West Virginia",BLANK_START,Maryland,
P0179,40,False,East Tennessee Gas Pipeline,Main Line,Tennessee,Virginia,,,Roanoke,,Mapped route (at any accuracy),very high (within meters),North Carolina (US),Virginia (US),"Georgia, North Carolina, Tennessee, Virginia",OK_INTERIOR,North Carolina,Tennessee
P0180,41,True,East Texas Gas Pipeline,,Texas,Texas,,,,,Mapped route (at any accuracy),low,Texas (US),Texas (US),Texas,OK,Texas,Texas
P0182,42,False,Eastern Shore Gas Pipeline,,Pennsylvania,Delaware,,,,,Mapped route (at any accuracy),low,Pennsylvania (US),Delaware (US),"Delaware, Maryland, Pennsylvania",OK,Pennsylvania,Pennsylvania
P0184,43,True,El Paso Gas Pipeline,,Texas,California,,,,,Mapped route (at any accuracy),high,New Mexico (US),Arizona (US),"Arizona, California, Colorado, Nevada, New Mexico, Oklahoma, Texas",OK_INTERIOR,New Mexico,Texas
P0185,44,False,AlaTenn Gas Pipeline,,Tennessee,"Mississippi, Alabama",,,,,Mapped route (at any accuracy),low,Tennessee (US),Tennessee (US),"Alabama, Mississippi, Tennessee",OK,Tennessee,Tennessee
P0186,45,False,KPC Gas Pipeline,,Oklahoma,Kansas,Laverne,,Wichita,,Mapped route (at any accuracy),very low (straight line/schematic),Oklahoma (US),Kansas (US),"Kansas, Oklahoma",OK,Oklahoma,Oklahoma
P0187,46,False,Midla Natchez Pipeline,,Louisiana,Mississippi,Winnsboro,,Natchez,,Mapped route (at any accuracy),low,Louisiana (US),Mississippi (US),"Louisiana, Mississippi",OK,Louisiana,Louisiana
P0189,48,False,Fayetteville Express Gas Pipeline,,Arkansas,Mississippi,Conway County,,Panola County,,Mapped route (at any accuracy),low,Arkansas (US),Mississippi (US),"Arkansas, Mississippi",OK,Arkansas,Arkansas
P0190,49,True,Florida Gas Transmission Pipeline,SYSTEM/NETWORK INFO,Texas,Florida,Port Lavaca,,Miami,,Mapped route (at any accuracy),very high (within meters),Florida (US),Florida (US),"Alabama, Florida, Louisiana, Mississippi, Texas",OK_INTERIOR,Florida,Texas
P0192,51,False,Garden Banks Gas Pipeline,,Gulf of Mexico,Gulf of Mexico,Gulf of Mexico,,Gulf of Mexico,,Mapped route (at any accuracy),low,Louisiana (US),Louisiana (US)~0.38,Louisiana,START_MISMATCH,Louisiana,Gulf of Mexico
P0194,53,False,Great Lakes Gas Transmission Pipeline,,,"Minnesota, Wisconsin, Michigan, Eastern Canada",Emerson,Manitoba,,,Mapped route (at any accuracy),very high (within meters),Minnesota (US),Wisconsin (US),"Michigan, Minnesota, Wisconsin",BLANK_START,Minnesota,
P0195,54,False,Guardian Gas Pipeline,,Illinois,Wisconsin,Joliet,,Ixonia,,Mapped route (at any accuracy),very low (straight line/schematic),Illinois (US),Wisconsin (US),"Illinois, Wisconsin",OK,Illinois,Illinois
P0196,55,True,Gulf Crossing Pipeline,,Texas,Louisiana,Sherman,,Perryville,,Mapped route (at any accuracy),medium,Texas (US),Louisiana (US),"Arkansas, Louisiana, Oklahoma, Texas",OK,Texas,Texas
P0199,58,False,Gulfstream Natural Gas Pipeline,,Alabama,Florida,Mobile County,,,,Mapped route (at any accuracy),low,Mississippi (US)~0.01,Florida (US),"Alabama, Florida, Mississippi",OK_INTERIOR,Mississippi,Alabama
P0201,60,False,Horizon Gas Pipeline,,Illinois,Illinois,Joliet,,McHenry County,,Mapped route (at any accuracy),very low (straight line/schematic),Illinois (US),Illinois (US),Illinois,OK,Illinois,Illinois
P0203,62,True,Houston Gas Pipeline (HPL) System,,Texas,Texas,Multiple,,Multiple,,Mapped route (at any accuracy),low,Texas (US),Texas (US),Texas,OK,Texas,Texas
P0204,63,False,Independence Trail Natural Gas Pipeline,,Gulf of Mexico,Gulf of Mexico,West Delta Block 68,,Mississippi Canyon Block 920,,Mapped route (at any accuracy),very low (straight line/schematic),Louisiana (US)~0.37,,,START_MISMATCH,Louisiana,Gulf of Mexico
P0205,64,False,Iroquois Gas Pipeline,,New York,New York,Waddington,,Bronx,,Mapped route (at any accuracy),very high (within meters),New York (US),New York (US),"Connecticut, New York",OK,New York,New York
P0207,65,False,Kern River Gas Pipeline,,Wyoming,California,Opal,,Daggett,,Mapped route (at any accuracy),very high (within meters),California (US),California (US),"California, Nevada, Utah, Wyoming",OK_INTERIOR,California,Wyoming
P0208,66,False,Tallgrass Interstate Gas Transmission,,,"Missouri, Nebraska",Wyoming,,,,Mapped route (at any accuracy),high,Kansas (US),Colorado (US),"Colorado, Kansas, Missouri, Nebraska, Wyoming",BLANK_START,Kansas,
P0209,67,False,Leach XPress Gas Pipeline,,Pennsylvania,Ohio,,,,,Mapped route (at any accuracy),high,Ohio (US),Pennsylvania (US),"Ohio, Pennsylvania, West Virginia",OK,Ohio,Pennsylvania
P0210,68,False,Louisiana Intrastate Gas (LIG) Pipeline,,Louisiana,Louisiana,Cotton Valley,,New Orleans,,Mapped route (at any accuracy),low,Louisiana (US),Louisiana (US),Louisiana,OK,Louisiana,Louisiana
P0213,71,False,Midcontinent Express Gas Pipeline,,Oklahoma,Alabama,Bennington,,Butler,,Mapped route (at any accuracy),medium,Oklahoma (US),Alabama (US),"Alabama, Louisiana, Mississippi, Oklahoma, Texas",OK,Oklahoma,Oklahoma
P0214,72,False,Midwestern Gas Transmission,,Tennessee,Illinois,Portland,,Joliet,,Mapped route (at any accuracy),low,Illinois (US),Illinois (US),"Illinois, Indiana, Kentucky, Tennessee",OK_INTERIOR,Illinois,Tennessee
P0215,73,True,Mier Monterrey Gas Pipeline,,Texas,Nuevo León,Starr County,,Monterrey,,Mapped route (at any accuracy),medium,Tamaulipas (MX),Nuevo León (MX),"Nuevo León, Tamaulipas",START_MISMATCH,Tamaulipas,Texas
P0216,74,False,Millennium Gas Pipeline,,New York,New York,Lake Erie,,Mount Vernon,,Mapped route (at any accuracy),low,New York (US),New York (US),"New York, Pennsylvania",OK,New York,New York
P0217,75,False,Mississippi Canyon Gas Pipeline,,Louisiana,Louisiana,Mississippi Canyon,,,,Mapped route (at any accuracy),low,Louisiana (US),Louisiana (US)~0.24,Louisiana,OK,Louisiana,Louisiana
P0219,76,False,Mojave Gas Pipeline,,Arizona,California,Topock,,Kern County,,Mapped route (at any accuracy),very high (within meters),California (US),California (US),"Arizona, California",OK_INTERIOR,California,Arizona
P0221,78,False,Mountaineer XPress Gas Pipeline,,West Virginia,West Virginia,,,,,Mapped route (at any accuracy),high,West Virginia (US),West Virginia (US),West Virginia,OK,West Virginia,West Virginia
P0222,79,False,Natural Gas Pipeline Company of America System,,,Illinois,"Texas Permian Basin, Gulf of Mexico",,Chicago,,Mapped route (at any accuracy),high,New Mexico (US),Illinois (US),"Arkansas, Illinois, Indiana, Iowa, Kansas, Louisiana, Missouri, Nebraska, New Mexico, Oklahoma, Texas, Wisconsin",BLANK_START,New Mexico,
P0223,80,False,Nautilus Gas Pipeline,,offshore Louisiana,Louisiana,"Ship Shoal Block 207, Green Canyon Corridor",,"Neptune Gas Processing Plant, St. Mary's Parish",,Mapped route (at any accuracy),low,Louisiana (US),,Louisiana,START_MISMATCH,Louisiana,Louisiana
P0224,81,True,NET Mexico Gas Pipeline,,Texas,Texas,Nueces County,,Rio Grande City,,Mapped route (at any accuracy),very low (straight line/schematic),Texas (US),Texas (US),Texas,OK,Texas,Texas
P0225,82,False,NEXUS Gas Transmission (NGT) Pipeline,,Ohio,Michigan,Kensington,,Willow Run,,Mapped route (at any accuracy),low,Ohio (US),Michigan (US),"Michigan, Ohio",OK,Ohio,Ohio
P0226,83,False,North Baja Gas Pipeline,,Arizona,California,Ehrenberg,,Ogilby,,Mapped route (at any accuracy),very high (within meters),Arizona (US),California (US),"Arizona, California",OK,Arizona,Arizona
P0231,85,False,Gas Transmission Northwest,,British Columbia,Oregon,Kingsgate,,Malin,,Mapped route (at any accuracy),very high (within meters),British Columbia (CA),Washington (US),"British Columbia, California, Idaho, Oregon, Washington",OK,British Columbia,British Columbia
P0234,88,True,Oasis Gas Pipeline,,Texas,Texas,,,,,Mapped route (at any accuracy),low,Texas (US),Texas (US),Texas,OK,Texas,Texas
P0236,90,False,Ozark Gas Transmission Pipeline,,Oklahoma,Missouri,Pittsburg County,,,,Mapped route (at any accuracy),low,Oklahoma (US),Arkansas (US),"Arkansas, Missouri, Oklahoma",OK,Oklahoma,Oklahoma
P0239,93,False,Panhandle Eastern Gas Pipeline,,Oklahoma,"Indiana, Ohio",,,,,Mapped route (at any accuracy),high,Kansas (US),Oklahoma (US),"Illinois, Indiana, Kansas, Michigan, Missouri, Ohio, Oklahoma, Texas",OK,Kansas,Oklahoma
P0242,96,False,Portland Natural Gas Transmission System (PNGTS), ,New Hampshire,Maine,Pittsburg,,Westbrook,,Mapped route (at any accuracy),low,New Hampshire (US),Maine (US),"Maine, Massachusetts, New Hampshire, Vermont",OK,New Hampshire,New Hampshire
P0244,98,False,Regency Intrastate Gas (RIGS) Pipeline,,Louisiana,Louisiana,Caddo Parish,,Franklin Parish,,Mapped route (at any accuracy),low,Texas (US),Louisiana (US),"Louisiana, Texas",OK,Texas,Louisiana
P0246,100,False,Rockies Express Gas Pipeline,Main Line,"Colorado, Wyoming",Ohio,,,,,Mapped route (at any accuracy),low,Wyoming (US),Wyoming (US),"Colorado, Illinois, Indiana, Kansas, Missouri, Nebraska, Ohio, Wyoming",OK,Wyoming,Colorado
P0248,101,False,Ruby Gas Pipeline,,Wyoming,Oregon,Opal,,Malin,,Mapped route (at any accuracy),very high (within meters),California (US),Utah (US),"California, Nevada, Oregon, Utah, Wyoming",OK_INTERIOR,California,Wyoming
P0249,102,False,Sabal Trail Gas Transmission Pipeline,Project Phase I,Alabama,Florida,Alexander City,,Reunion,,Mapped route (at any accuracy),low,Florida (US),Alabama (US),"Alabama, Florida, Georgia",OK,Florida,Alabama
P0250,103,True,Sabine Natural Gas Pipeline System,,Louisiana,Texas,Erath,,Port Arthur,,Mapped route (at any accuracy),medium,Louisiana (US),Texas (US),"Louisiana, Texas",OK,Louisiana,Louisiana
P0251,104,False,Sea Robin Gas Pipeline,,,Louisiana,Gulf of Mexico,,,,Mapped route (at any accuracy),low,,Louisiana (US)~0.28,Louisiana,NO_ROUTE,Louisiana,
P0252,105,True,Southern Natural Gas Pipeline,,Texas,Florida,,,,,Mapped route (at any accuracy),very high (within meters),Georgia (US),Mississippi (US),"Alabama, Florida, Georgia, Louisiana, Mississippi, South Carolina, Tennessee",START_MISMATCH,Georgia,Texas
P0253,106,True,Southern Star Central Gas Pipeline,,Texas,Missouri,Rocky Mountains,,,,Mapped route (at any accuracy),high,Oklahoma (US),Kansas (US),"Colorado, Kansas, Missouri, Nebraska, Oklahoma, Texas, Wyoming",OK_INTERIOR,Oklahoma,Texas
P0254,107,False,Southern Trails Gas Pipeline,,New Mexico,California,Farmington,,,,Mapped route (at any accuracy),low,New Mexico (US),California (US),"Arizona, California, New Mexico",OK,New Mexico,New Mexico
P0255,108,False,Spire STL Pipeline,,Illinois,Missouri,Scott County,,St Louis County,,Mapped route (at any accuracy),low,Illinois (US),Missouri (US),"Illinois, Missouri",OK,Illinois,Illinois
P0257,110,True,Sur de Texas-Tuxpan Gas Pipeline,,Texas,"Veracruz, Mexico",Gulf of Mexico,,Tuxpan,,Mapped route (at any accuracy),medium,Veracruz (MX),Veracruz (MX),"Tamaulipas, Texas, Veracruz",OK_INTERIOR,Veracruz,Texas
P0258,111,True,Tejas Gas Pipeline,,Texas,Texas,Refugio County,,Fort Bend County,,Mapped route (at any accuracy),low,Texas (US),Texas (US),"Tamaulipas, Texas",OK,Texas,Texas
P0259,112,True,Tennessee Gas Pipeline,,Texas,New United Kingdom,,,,,Mapped route (at any accuracy),very high (within meters),Louisiana (US),New York (US),"Alabama, Arkansas, Connecticut, Kentucky, Louisiana, Massachusetts, Mississippi, New Hampshire, New Jersey, New York, Ohio, Pennsylvania, Rhode Island, Tamaulipas, Tennessee, Texas, West Virginia",END_MISMATCH,Louisiana,Texas
P0263,116,False,Texas Gas Transmission Pipeline,Main Line,Louisana,"Indiana, Illinois, Ohio",,,,,Mapped route (at any accuracy),high,Kentucky (US),Indiana (US),"Arkansas, Illinois, Indiana, Kentucky, Louisiana, Mississippi, Ohio, Tennessee, Texas",START_MISMATCH,Kentucky,Louisiana
P0264,117,True,Texas Intrastate System Gas Pipeline,,Texas,Texas,,,,,Mapped route (at any accuracy),low,Texas (US),Texas (US),Texas,OK,Texas,Texas
P0265,118,True,Tiger Gas Pipeline,Main Line,Texas,Louisiana,Carthage,,Delhi,,Mapped route (at any accuracy),very low (straight line/schematic),Texas (US),Louisiana (US),"Louisiana, Texas",OK,Texas,Texas
P0266,119,False,Trailblazer Gas Pipeline,,Wyoming,Nebraska,Cheyenne,,Beatrice,,Mapped route (at any accuracy),low,,,,NO_ROUTE,Wyoming,Wyoming
P0268,121,True,Trans-Pecos Gas Pipeline,,Texas,Texas,Fort Stockton,,Presidio,,Mapped route (at any accuracy),high,Texas (US),Chihuahua (MX),"Chihuahua, Texas",OK,Texas,Texas
P0269,122,False,TransCameron Pipeline,,Louisiana,Louisiana,Grand Chenier,,Cameron,,Mapped route (at any accuracy),very low (straight line/schematic),Louisiana (US),Louisiana (US),Louisiana,OK,Louisiana,Louisiana
P0270,123,False,TransColorado Gas Pipeline,,Colorado,New Mexico,Rio Blanco County,,San Juan County,,Mapped route (at any accuracy),medium,Colorado (US),New Mexico (US),"Colorado, New Mexico",OK,Colorado,Colorado
P0271,124,True,Transcontinental Gas Pipeline,SYSTEM/NETWORK INFO (Main Line),Texas,New York,offshore,,New York,,Mapped route (at any accuracy),very high (within meters),New Jersey (US),New Jersey (US),"Alabama, Delaware, Georgia, Louisiana, Maryland, Mississippi, New Jersey, New York, North Carolina, Pennsylvania, South Carolina, Texas, Virginia",OK_INTERIOR,New Jersey,Texas
P0273,126,False,Transwestern Gas Pipeline,Main Line,New Mexico,"Texas-Oklahoma Panhandle, California, Arizona",,,,,Mapped route (at any accuracy),high,Arizona (US),New Mexico (US),"Arizona, California, Colorado, New Mexico, Texas",OK,Arizona,New Mexico
P0275,128,False,Tuscarora Gas Pipeline,,Oregon,Nevada,Malin,,Wadsworth,,Mapped route (at any accuracy),very low (straight line/schematic),Oregon (US),Nevada (US),"California, Nevada, Oregon",OK,Oregon,Oregon
P0276,129,True,Valley Crossing Pipeline,,Texas,Texas,Agua Dulce,,Gulf of Mexico,,Mapped route (at any accuracy),low,Texas (US),Texas (US)~0.15,Texas,OK,Texas,Texas
P0278,131,False,Viking Gas Transmission,,Manitoba,Wisconsin,Emerson,,Marshfield,,Mapped route (at any accuracy),low,Manitoba (CA),Wisconsin (US),"Manitoba, Minnesota, Wisconsin",OK,Manitoba,Manitoba
P0279,132,False,WB Xpress Gas Pipeline,East and West Phase,Virginia,West Virginia,,,,,Mapped route (at any accuracy),medium,West Virginia (US),West Virginia (US),"Virginia, West Virginia",OK_INTERIOR,West Virginia,Virginia
P0281,134,False,Williston Basin Gas Pipeline,,Wyoming,North Dakota,,,,,Mapped route (at any accuracy),high,Montana (US),Montana (US),"Montana, North Dakota, Saskatchewan, South Dakota, Wyoming",OK_INTERIOR,Montana,Wyoming
P0282,135,False,Wyoming Interstate Gas Pipeline,,Wyoming,Colorado,,,,,Mapped route (at any accuracy),high,Wyoming (US),Wyoming (US),"Colorado, Utah, Wyoming",OK,Wyoming,Wyoming
P0283,136,False,Creole Trail Pipeline,Main Line,Louisiana,Louisiana,Beauregard Parish,,Sabine Pass LNG,,Mapped route (at any accuracy),low,Louisiana (US),Louisiana (US),Louisiana,OK,Louisiana,Louisiana
P0284,137,False,Midship Pipeline,,Oklahoma,Oklahoma,,Kingfisher County,Bennington,,Mapped route (at any accuracy),low,Oklahoma (US),Oklahoma (US),Oklahoma,OK,Oklahoma,Oklahoma
P0288,141,False,Empire Pipeline,Main Line,Ontario,Pennsylvania,Chippawa,,,Tioga,Mapped route (at any accuracy),low,Ontario (CA),New York (US),"New York, Ontario",END_MISMATCH,Ontario,Ontario
P0290,143,True,Nueva Era Pipeline,,Texas,Nuevo León,,Webb County,Monterrey,,Mapped route (at any accuracy),medium,Texas (US),Nuevo León (MX),"Nuevo León, Texas",OK,Texas,Texas
P0291,144,False,Sunbury Pipeline,,Pennsylvania,Pennsylvania,Lycoming,,Hummel Station,Snyder County,Mapped route (at any accuracy),low,Pennsylvania (US),Pennsylvania (US),Pennsylvania,OK,Pennsylvania,Pennsylvania
P0294,147,False,Magnolia Intrastate Pipeline,,Alabama,Mississippi,,Chilton County,,Noxubee County,Mapped route (at any accuracy),low,Alabama (US),Alabama (US),Alabama,END_MISMATCH,Alabama,Alabama
P0297,149,False,Central Corridor Pipeline,,Ohio,Ohio,,Hamilton County,,Hamilton County,Mapped route (at any accuracy),very low (straight line/schematic),Ohio (US),Ohio (US),Ohio,OK,Ohio,Ohio
P0298,150,True,Old Ocean Pipeline,,Texas,Texas,Maypearl,Ellis County,Sweeny,Brazoria,Mapped route (at any accuracy),very low (straight line/schematic),Texas (US),Texas (US),Texas,OK,Texas,Texas
P0305,155,True,CJ Express Pipeline,,Texas,Texas,,Panola County,,Hardin County,Mapped route (at any accuracy),low,Texas (US),Texas (US),Texas,OK,Texas,Texas
P0306,156,False,Doosan Bobcat Pipeline,,North Dakota,North Dakota,Milnor,,Qwinner,,Mapped route (at any accuracy),very low (straight line/schematic),North Dakota (US),North Dakota (US),North Dakota,OK,North Dakota,North Dakota
P0307,157,False,Mountaineer Gas Pipeline,Phase I,Virginia,West Virginia,Berkley,,Martinsburg,,Mapped route (at any accuracy),very low (straight line/schematic),Virginia (US),West Virginia (US),"Virginia, West Virginia",OK,Virginia,Virginia
P0310,160,False,DeRuyter Pipeline,,New York,New York,Norwich,,Oneonta,,Mapped route (at any accuracy),very low (straight line/schematic),New York (US),New York (US),New York,OK,New York,New York
P0312,162,False,Risberg Line Pipeline,,Pennsylvania,Ohio,,Crawford County,,Ashtabula County,Mapped route (at any accuracy),low,Ohio (US),Pennsylvania (US),"Ohio, Pennsylvania",OK,Ohio,Pennsylvania
P0313,163,False,Marquette Connector Pipeline,,Michigan,Michigan,Arnold,,Negaunee,,Mapped route (at any accuracy),high,Michigan (US),Michigan (US),Michigan,OK,Michigan,Michigan
P0316,166,False,South Saskatchewan Access Pipeline,,North Dakota,Saskatchewan,Portal,,,North Portal,Mapped route (at any accuracy),very low (straight line/schematic),Saskatchewan (CA),Saskatchewan (CA),Saskatchewan,START_MISMATCH,Saskatchewan,North Dakota
P0325,174,False,Buckeye Xpress Pipeline,,Ohio,West Virginia,,Vinton County,,Wayne County,Mapped route (at any accuracy),low,Ohio (US),West Virginia (US),"Ohio, West Virginia",OK,Ohio,Ohio
P0329,177,False,Tungsten to Bobtail Pipeline,,Colorado,Colorado,,Boulder County,Black Hawk,,Mapped route (at any accuracy),very low (straight line/schematic),Colorado (US),Colorado (US),Colorado,OK,Colorado,Colorado
P0359,182,False,Cheyenne Connector Pipeline,,Colorado,Colorado,,Weld County,,Weld County,Mapped route (at any accuracy),high,Colorado (US),Colorado (US),Colorado,OK,Colorado,Colorado
P0367,183,False,Valley Expansion Pipeline,,North Dakota,Minnesota,Mapleton,,,Clay County,Mapped route (at any accuracy),high,North Dakota (US),Minnesota (US),"Minnesota, North Dakota",OK,North Dakota,North Dakota
P0369,184,True,Atmos Pipeline Texas,,Texas,Texas,,,,,Mapped route (at any accuracy),low,Texas (US),Texas (US),"Oklahoma, Texas",OK,Texas,Texas
P0370,185,False,Birdsboro Pipeline,,Pennsylvania,Pennsylvania,Oley,,Birdsboro,,Mapped route (at any accuracy),low,Pennsylvania (US),Pennsylvania (US),Pennsylvania,OK,Pennsylvania,Pennsylvania
P0373,187,True,Corpus Christi Pipeline,,Texas,Texas,Sinton,,Corpus Christi,,Mapped route (at any accuracy),very low (straight line/schematic),Texas (US),Texas (US),Texas,OK,Texas,Texas
P0375,189,False,Saginaw Trail Pipeline,,Michigan,Michigan,,Saginaw County,,Oakland County,Mapped route (at any accuracy),high,Michigan (US),Michigan (US),Michigan,OK,Michigan,Michigan
P0377,191,False,Revolution Pipeline,,Pennsylvania,Pennsylvania,,Butler County,Bulger,,Mapped route (at any accuracy),low,Pennsylvania (US),Pennsylvania (US),Pennsylvania,OK,Pennsylvania,Pennsylvania
P0383,195,True,Pomelo Connector Pipeline,,Texas,Texas,,Nueces County,,Nueces County,Mapped route (at any accuracy),low,Texas (US),Texas (US),Texas,OK,Texas,Texas
P0386,196,False,Taproot Baja Pipeline System,,Colorado,Colorado,,Weld County,,Weld County,Mapped route (at any accuracy),very low (straight line/schematic),Colorado (US),Colorado (US),Colorado,OK,Colorado,Colorado
P0387,197,False,Gulf Xpress Pipeline,,West Virginia,Mississippi,,Marshall County,,,Bidirectionality upgrade only,no route,,,,NO_ROUTE,West Virginia,West Virginia
P0392,198,False,Rover Pipeline,Phase 1,Ohio,Michigan,,,,,Mapped route (at any accuracy),low,Ohio (US),Ohio (US),"Michigan, Ohio, Ontario, Pennsylvania, West Virginia",OK,Ohio,Ohio
P1295,758,True,Gemini Carthage Pipeline,,Texas,Texas,Harrison County,Harrison County,Panola County,Panola County,Mapped route (at any accuracy),low,Texas (US),Texas (US),Texas,OK,Texas,Texas
P1297,759,True,Stratton Ridge Pipeline,,Louisiana,Texas,,,,,Mapped route (at any accuracy),very low (straight line/schematic),Texas (US),Texas (US),Texas,START_MISMATCH,Texas,Louisiana
P1997,1051,False,Atlantic Bridge Gas Pipeline,Phase II,Masschusetts,New Brunswick,,,,,Not mapped (but could be — route or endpoints are known),no route,,,,NO_ROUTE,Massachusetts,Massachusetts
P2003,1056,False,Eastern Shore Gas Pipeline,2017 Expansion,Pennsylvania,"Maryland, Delaware",,,,,Mapped route (at any accuracy),low,Pennsylvania (US),Delaware (US),"Delaware, Maryland, Pennsylvania",OK,Pennsylvania,Pennsylvania
P2039,1070,False,Gulf Coast Southbound Pipeline,Phase I,Illinois,Louisiana,Chicago,,Agua Dulce Hub,,Mapped route (at any accuracy),low,Illinois (US),Texas (US),"Arkansas, Illinois, Louisiana, Missouri, Texas",OK,Illinois,Illinois
P2040,1071,False,Mountaineer Gas Pipeline,Phase II,West Virginia,West Virginia,Charlestown,,Charlestown,,Mapped route (at any accuracy),low,West Virginia (US),West Virginia (US),West Virginia,OK,West Virginia,West Virginia
P2099,1110,False,Northern Border Gas Pipeline,,Montana,Indiana,Port of Morgan,,Fort Hayden,,Mapped route (at any accuracy),very high (within meters),North Dakota (US),Montana (US),"Alberta, Illinois, Iowa, Minnesota, Montana, North Dakota, Saskatchewan, South Dakota",END_MISMATCH,North Dakota,Montana
P2438,1249,False,Rover Pipeline,Phase 2,Ohio,Michigan,,,,,Capacity expansion only,no route,,,,NO_ROUTE,Ohio,Ohio
P2495,1282,False,Gulf Coast Southbound Pipeline,134th Street Lateral Project,Illinois,Inidiana,,Cook County,,,Unavailable (cannot find route),no route,,,,NO_ROUTE,Illinois,Illinois
P2496,1283,False,Tennessee Gas Pipeline,261 Upgrade Project,Massachusetts,Massachusetts,Agawam,,,Agawam,Mapped route (at any accuracy),very high (within meters),Massachusetts (US),Massachusetts (US),Massachusetts,OK,Massachusetts,Massachusetts
P2497,1284,False,Tennessee Gas Pipeline,Acadiana Expansion Project,,,,,,,Capacity expansion only,no route,,,,NO_ROUTE,Louisiana,
P2499,1286,True,Agua Blanca Pipeline,Sendero Gateway Project,New Mexico,Texas,Carlsbad,,Waha Hub,,Mapped route (at any accuracy),low,,,,NO_ROUTE,New Mexico,New Mexico
P2500,1287,False,AlaTenn Gas Pipeline,Alabama Compressor Station Upgrade,Alabama,Alabama,,,,,Capacity expansion only,no route,,,,NO_ROUTE,Alabama,Alabama
P2502,1289,False,Appalachian Gateway Pipeline,,West Virgina,Pennsylvania,,,,Delmont,Mapped route (at any accuracy),low,West Virginia (US),Pennsylvania (US),"Pennsylvania, West Virginia",START_MISMATCH,West Virginia,West Virginia
P2505,1290,False,Vector Gas Pipeline,Blue Water Energy Center (BWEC) Pipeline,Michigan,Michigan,,,,Blue Water Energy Center,Mapped route (at any accuracy),very low (straight line/schematic),Michigan (US),Michigan (US),Michigan,OK,Michigan,Michigan
P2510,1292,False,Canton Gas Pipeline,,Oklahoma,Oklahoma,Rose Valley Processing facility,Woods County,,Blaine County,Mapped route (at any accuracy),low,Oklahoma (US),Oklahoma (US),Oklahoma,OK,Oklahoma,Oklahoma
P2516,1293,False,Columbia Gas Transmission,Central Virginia Connector Project,Virginia,Virginia,,,,,Capacity expansion only,no route,,,,NO_ROUTE,Virginia,Virginia
P2517,1294,False,Rockies Express Gas Pipeline,Cheyenne Hub Enhancement Expansion,Colorado,Illinois,,,,,Capacity expansion only,no route,,,,NO_ROUTE,Colorado,Colorado
P2519,1296,True,Comanche Trail Pipeline,,Texas,Texas,,,,San Elizario,Mapped route (at any accuracy),medium,Chihuahua (MX),Texas (US),"Chihuahua, Texas",OK,Chihuahua,Texas
P2521,1297,True,Corpus Christi Pipeline,Stage III Pipeline,Texas,Texas,,,,,Mapped route (at any accuracy),medium,Texas (US),Texas (US),Texas,OK,Texas,Texas
P2529,1302,False,Florida Gas Transmission Pipeline,East Louisiana Project,Louisiana,Louisiana,,,,,Mapped route (at any accuracy),very low (straight line/schematic),Louisiana (US),Louisiana (US),Louisiana,OK,Louisiana,Louisiana
P2531,1304,False,Empire Pipeline,North Expansion,Pennsylvania,Ontario,,,,,Mapped route (at any accuracy),very low (straight line/schematic),New York (US),Pennsylvania (US),"New York, Pennsylvania",END_MISMATCH,New York,Pennsylvania
P2541,1309,False,Gulf Coast Southbound Pipeline,Phase II,Illinois,Louisiana,Chicago,,,Agua Dulce Hub,Capacity expansion only,no route,,,,NO_ROUTE,Illinois,Illinois
P2544,1311,False,Transcontinental Gas Pipeline,"Hillabee Expansion Project, Phase 2",Alabama,Alabama,,,,,Mapped route (at any accuracy),low,Alabama (US),Alabama (US),Alabama,OK,Alabama,Alabama
P2551,1314,False,Leidy South Pipeline,,Pennsylvania,Delaware,,,,,Mapped route (at any accuracy),high,New Jersey (US),Pennsylvania (US),"New Jersey, Pennsylvania",END_MISMATCH,New Jersey,Pennsylvania
P2552,1315,False,Line 1600 Gas Pipeline,,,,,,,,Mapped route (at any accuracy),low,California (US),California (US),California,BLANK_BOTH,California,
P2555,1317,True,Gulf Coast Southbound Pipeline,Lockridge Extension Pipeline Project,Texas,Texas,,,,,Mapped route (at any accuracy),low,Texas (US),Texas (US),Texas,OK,Texas,Texas
P2560,1320,False,Enable Gas Transmission,MASS Expansion Project,Oklahoma,Oklahoma,,,,,Capacity expansion only,no route,,,,NO_ROUTE,Oklahoma,Oklahoma
P2565,1324,False,MoGas Pipeline,,Missouri,Illinois,Fort Leonard Wood,,Alton,,Mapped route (at any accuracy),low,Illinois (US),Missouri (US),"Illinois, Missouri",OK,Illinois,Missouri
P2568,1327,False,Norte Crossing Pipeline,,,,,,,,Mapped route (at any accuracy),very low (straight line/schematic),Chihuahua (MX),Texas (US),"Chihuahua, Texas",BLANK_BOTH,Chihuahua,
P2569,1328,False,North Baja Gas Pipeline,North Baja XPress Project (NBXP),Arizona,California,Ehrenberg,,,Ogilby,Capacity expansion only,no route,,,,NO_ROUTE,Arizona,Arizona
P2573,1329,False,North Mist Expansion Pipeline,,Oregon,Oregon,,,,,Mapped route (at any accuracy),low,Washington (US),Oregon (US),"Oregon, Washington",OK,Washington,Oregon
P2577,1332,True,El Paso Gas Pipeline,Northern Delaware Basin Expansion Project,Texas,Texas,,,,,Mapped route (at any accuracy),high,Texas (US),Arizona (US),"Arizona, Texas",OK,Texas,Texas
P2588,1336,False,Portland Natural Gas Transmission System (PNGTS),Portland Xpress Expansion Project,New Hampshire,Quebec,,,,,Capacity expansion only,no route,,,,NO_ROUTE,New Hampshire,New Hampshire
P2594,1337,False,Florida Gas Transmission Pipeline,Putnam Expansion Project,Florida,Florida,,,,Seminole Electric Cooperative,Mapped route (at any accuracy),medium,Florida (US),Florida (US),Florida,OK,Florida,Florida
P2597,1338,True,Red Bluff Express Pipeline,,Texas,Texas,,Orla,,,Mapped route (at any accuracy),low,Texas (US),Texas (US),Texas,OK,Texas,Texas
P2604,1343,False,Rover Pipeline,Rover Expansion Project,Ohio,Michigan,,,,,Capacity expansion only,no route,,,,NO_ROUTE,Ohio,Ohio
P2606,1345,False,Sabal Trail Gas Transmission Pipeline,Project Phase II,Alabama,Florida,,,,,Capacity expansion only,no route,,,,NO_ROUTE,Alabama,Alabama
P2607,1346,False,Transcontinental Gas Pipeline,Sabine Pass Compression Expansion Project,Louisiana,Louisiana,,,,,Mapped route (at any accuracy),low,Louisiana (US),Louisiana (US),Louisiana,OK,Louisiana,Louisiana
P2613,1347,True,Sierrita Gas Pipeline,,Texas,Sonora,Tucson,Pima County,,Sásabe,Mapped route (at any accuracy),high,Arizona (US),Sonora (MX),"Arizona, Sonora",START_MISMATCH,Arizona,Texas
P2614,1348,False,Sierrita Gas Pipeline,Puerto Libertad Expansion,,,,,,,Capacity expansion only,no route,,,,NO_ROUTE,Arizona,
P2615,1349,False,Sierrita Gas Pipeline,Sierrita Pima Expansion Project,Arizona,,,,,,Capacity expansion only,no route,,,,NO_ROUTE,Arizona,Arizona
P2617,1351,False,El Paso Gas Pipeline,South Mainline Expansion Project,,,,,,,Mapped route (at any accuracy),high,Texas (US),Arizona (US),"Arizona, New Mexico, Texas",BLANK_BOTH,Texas,
P2627,1355,False,Florida Gas Transmission Pipeline,Mobile Bay Lateral Expansion,Florida,Alabama,,,,,Not mapped (but could be — route or endpoints are known),no route,,,,NO_ROUTE,Florida,Florida
P2630,1357,False,Dominion Gas Pipeline,West Loop Expansion Project,Pennsylvania,Ohio,,,,,Mapped route (at any accuracy),very low (straight line/schematic),Ohio (US),Pennsylvania (US),"Ohio, Pennsylvania",OK,Ohio,Pennsylvania
P2631,1358,False,Portland Natural Gas Transmission System (PNGTS),Westbrook Xpress Project Phase 2,New Hampshire,Quebec,,,,,Capacity expansion only,no route,,,,NO_ROUTE,New Hampshire,New Hampshire
P2635,1359,False,Rover Pipeline,Wick Meter Station Expansion Project,West Virginia,West Virginia,,,,,Capacity expansion only,no route,,,,NO_ROUTE,West Virginia,West Virginia
P2636,1360,True,Wildcat Gas Pipeline,,Texas,Texas,,,,,Mapped route (at any accuracy),very low (straight line/schematic),Oklahoma (US),Oklahoma (US),Oklahoma,START_MISMATCH,Oklahoma,Texas
P2649,1364,False,Columbia-to-Eastover Gas Pipeline,,South Carolina,South Carolina,,,,,Mapped route (at any accuracy),low,South Carolina (US),South Carolina (US),South Carolina,OK,South Carolina,South Carolina
P2720,1386,True,Delaware Basin Gas Pipeline,,Texas,Texas,,,,,Mapped route (at any accuracy),low,Texas (US),Texas (US),Texas,OK,Texas,Texas
P2733,1394,False,Transcontinental Gas Pipeline,"Hillabee Expansion Project, Phase 1",Alabama,Alabama,,,,,Mapped route (at any accuracy),low,Alabama (US),Alabama (US),Alabama,OK,Alabama,Alabama
P2738,1397,False,Florida Gas Transmission Pipeline,South Alabama Project,Mississippi,Alabama,,,,,Mapped route (at any accuracy),medium,Mississippi (US),Florida (US),"Alabama, Florida, Mississippi",OK,Mississippi,Mississippi
P3158,1662,False,Traill County Pipeline,,Minnesota,North Dakota,,,,,Mapped route (at any accuracy),very low (straight line/schematic),North Dakota (US),Minnesota (US),"Minnesota, North Dakota",OK,North Dakota,Minnesota
P3170,1667,False,Santa Fe Mainline Gas Pipeline,,New Mexico,New Mexico,,,,,Mapped route (at any accuracy),very low (straight line/schematic),New Mexico (US),New Mexico (US),New Mexico,OK,New Mexico,New Mexico
P3190,1681,False,El Paso Gas Pipeline,Carlsbad South Project,New Mexico,New Mexico,Carlsbad,,Carslbad,,Mapped route (at any accuracy),high,New Mexico (US),New Mexico (US),New Mexico,OK,New Mexico,New Mexico
P3202,1692,False,Vector Gas Pipeline,Blue Water Compressor Project,Michigan,Wisconsin,,,,,Capacity expansion only,no route,,,,NO_ROUTE,Michigan,Michigan
P3220,1705,False,Eastern Gas Transmission and Storage System (EGTS),Main Line,Ohio,Virginia,,,,,Mapped route (at any accuracy),very high (within meters),New York (US),New York (US),"Maryland, New York, Ohio, Pennsylvania, Virginia, West Virginia",OK_INTERIOR,New York,Ohio
P3221,1706,False,Carolina Gas Transmission,,South Carolina,Georgia,,,,,Mapped route (at any accuracy),low,South Carolina (US),South Carolina (US),South Carolina,END_MISMATCH,South Carolina,South Carolina
P3242,1710,True,Florida Gas Transmission Pipeline,Galveston County Project,Texas,Texas,,,,,Not mapped (but could be — route or endpoints are known),no route,,,,NO_ROUTE,Texas,Texas
P3280,1718,False,Portland Natural Gas Transmission System (PNGTS),Westbrook Xpress Project Phase 3,New Hampshire,Maine,,,,,Capacity expansion only,no route,,,,NO_ROUTE,New Hampshire,New Hampshire
P3283,1720,False,Acadian Gas Pipeline System,Gillis Lateral,Louisiana,Louisiana,,Alexandria,,,Mapped route (at any accuracy),very low (straight line/schematic),Louisiana (US),Louisiana (US),Louisiana,OK,Louisiana,Louisiana
P3293,1723,True,Texas Independence Pipeline,,Texas,Texas,Maypearl,,Henderson,,Mapped route (at any accuracy),very low (straight line/schematic),Texas (US),Texas (US),Texas,OK,Texas,Texas
P3295,1725,False,Elba Express Pipeline,,Georgia,South Carolina,Elba Island LNG Terminal,,,,Mapped route (at any accuracy),very high (within meters),Georgia (US),Georgia (US),"Georgia, South Carolina",OK,Georgia,Georgia
P3296,1726,True,Transcontinental Gas Pipeline,Gulf Connector Expansion,Louisiana,Texas,Station 65,,Wharton and San Patricio Counties,,Capacity expansion only,no route,,,,NO_ROUTE,Louisiana,Louisiana
P3584,1818,False,North Bakken Expansion Pipeline,Tioga–Elkhorn Creek Pipeline,North Dakota,North Dakota,,,,,Mapped route (at any accuracy),low,North Dakota (US),North Dakota (US),North Dakota,OK,North Dakota,North Dakota
P3585,1819,False,North Bakken Expansion Pipeline,Line Section 25 Loop Pipeline,North Dakota,North Dakota,,,,,Mapped route (at any accuracy),low,North Dakota (US),North Dakota (US),North Dakota,OK,North Dakota,North Dakota
P3586,1820,False,North Bakken Expansion Pipeline,Line Section 30 Loop Pipeline,North Dakota,North Dakota,,,,,Mapped route (at any accuracy),low,North Dakota (US),North Dakota (US),North Dakota,OK,North Dakota,North Dakota
P3587,1821,False,North Bakken Expansion Pipeline,Tioga Compressor Lateral Pipeline,North Dakota,North Dakota,,,,,Mapped route (at any accuracy),low,North Dakota (US),North Dakota (US),North Dakota,OK,North Dakota,North Dakota
P3588,1822,False,North Bakken Expansion Pipeline,Elkhorn Creek–Northern Border Pipeline,North Dakota,North Dakota,,,,,Mapped route (at any accuracy),low,North Dakota (US),North Dakota (US),North Dakota,OK,North Dakota,North Dakota
P3601,1826,False,Tuscarora Gas Pipeline,Tuscarora XPress Project,Oregon,Nevada,Malin,,,Wadsworth,Capacity expansion only,no route,,,,NO_ROUTE,Oregon,Oregon
P3995,1994,False,Addison Natural Gas Pipeline,,,,,,,,Mapped route (at any accuracy),high,Vermont (US),Vermont (US),Vermont,BLANK_BOTH,Vermont,
P4028,2024,False,Florida Gas Transmission Pipeline,Western Division Project,,,,,,,Not mapped (but could be — route or endpoints are known),no route,,,,NO_ROUTE,Florida,
P4029,2025,False,Florida Gas Transmission Pipeline,Phase VIII Expansion Project,,,,,,,Not mapped (but could be — route or endpoints are known),no route,,,,NO_ROUTE,Florida,
P4030,2026,False,Florida Gas Transmission Pipeline,Jacksonville Expansion Project,,,,,,,Not mapped (but could be — route or endpoints are known),no route,,,,NO_ROUTE,Florida,
P4031,2027,False,Florida Gas Transmission Pipeline,East Leg Expansion,,,,,,,Not mapped (but could be — route or endpoints are known),no route,,,,NO_ROUTE,Florida,
P4032,2028,False,Florida Gas Transmission Pipeline,Phase VII Phase 1,,,,,,,Not mapped (but could be — route or endpoints are known),no route,,,,NO_ROUTE,Florida,
P4033,2029,False,Florida Gas Transmission Pipeline,Turkey Point Lateral,,,,,,,Not mapped (but could be — route or endpoints are known),no route,,,,NO_ROUTE,Florida,
P4034,2030,False,Florida Gas Transmission Pipeline,Phase VI Project,,,,,,,Not mapped (but could be — route or endpoints are known),no route,,,,NO_ROUTE,Florida,
P4035,2031,False,Florida Gas Transmission Pipeline,Phase V Stage 4,,,,,,,Not mapped (but could be — route or endpoints are known),no route,,,,NO_ROUTE,Florida,
P4036,2032,False,Florida Gas Transmission Pipeline,Phase V Stage 3,,,,,,,Not mapped (but could be — route or endpoints are known),no route,,,,NO_ROUTE,Florida,
P4037,2033,False,Florida Gas Transmission Pipeline,Phase V Stages 1-2,,,,,,,Not mapped (but could be — route or endpoints are known),no route,,,,NO_ROUTE,Florida,
P4038,2034,False,Florida Gas Transmission Pipeline,AE Cooperative Upgrade,,,,,,,Not mapped (but could be — route or endpoints are known),no route,,,,NO_ROUTE,Florida,
P4039,2035,False,Florida Gas Transmission Pipeline,Phase IV Project,,,,,,,Not mapped (but could be — route or endpoints are known),no route,,,,NO_ROUTE,Florida,
P4040,2036,False,Florida Gas Transmission Pipeline,Alabama Power Lateral,,,,,,,Not mapped (but could be — route or endpoints are known),no route,,,,NO_ROUTE,Florida,
P4050,2046,False,Florida Gas Transmission Pipeline,Sanford Project,,,,,,,Not mapped (but could be — route or endpoints are known),no route,,,,NO_ROUTE,Florida,
P4051,2047,True,Florida Gas Transmission Pipeline,East-West Project,Texas,Louisiana,,Matagorda County,,,Not mapped (but could be — route or endpoints are known),no route,,,,NO_ROUTE,Texas,Texas
P4060,2056,False,Florida Gas Transmission Pipeline,Southwest Alabama Project,Mississippi,Alabama,,,,,Not mapped (but could be — route or endpoints are known),no route,,,,NO_ROUTE,Mississippi,Mississippi
P4381,2351,False,Carolina Gas Transmission,Columbia to Eastover Pipeline,South Carolina,South Carolina,,,,,Not mapped (but could be — route or endpoints are known),no route,,,,NO_ROUTE,South Carolina,South Carolina
P4382,2352,False,Carolina Gas Transmission,Transco to Charleston Project,South Carolina,South Carolina,,,,,Not mapped (but could be — route or endpoints are known),no route,,,,NO_ROUTE,South Carolina,South Carolina
P4415,2354,True,Hill Lake Pipeline,,Texas,Texas,,,,,Not mapped (but could be — route or endpoints are known),no route,,,,NO_ROUTE,Texas,Texas
P4416,2355,True,Worsham–Steed Pipeline,,Texas,Texas,,,,,Not mapped (but could be — route or endpoints are known),no route,,,,NO_ROUTE,Texas,Texas
P5401,2991,False,Acadian Gas Pipeline System,Acadian Haynesville Extension Capacity Expansion,,,,,,,Capacity expansion only,no route,,,,NO_ROUTE,Louisiana,
P5709,3204,False,Acadian Gas Pipeline System,Acadian Haynesville Extension,Louisiana,Louisiana,,,,,Not mapped (but could be — route or endpoints are known),no route,,,,NO_ROUTE,Louisiana,Louisiana
P5823,3294,False,Regency Intrastate Gas (RIGS) Pipeline,Regency Intrastate Enhancement Project,Louisiana,Louisiana,,,,,Mapped route (at any accuracy),very low (straight line/schematic),Louisiana (US),Louisiana (US),Louisiana,OK,Louisiana,Louisiana
P5829,3295,False,Rockies Express Gas Pipeline,Seneca Lateral,Ohio,Ohio,,,,,Not mapped (but could be — route or endpoints are known),no route,,,,NO_ROUTE,Ohio,Ohio
P5830,3296,False,Rockies Express Gas Pipeline,Zone 3 East-to-West Project,Ohio,Illinois,,,,,Bidirectionality upgrade only,no route,,,,NO_ROUTE,Ohio,Ohio
P5831,3297,False,Rockies Express Gas Pipeline,Pipeline Zone 3 Capacity Enhancement,Ohio,Missouri,,,,,Bidirectionality upgrade only,no route,,,,NO_ROUTE,Ohio,Ohio
P5849,3315,False,Tiger Gas Pipeline,ETC Tiger Pipeline (Louisiana) Expansion,Louisiana,Louisiana,,,,,Not mapped (but could be — route or endpoints are known),no route,,,,NO_ROUTE,Louisiana,Louisiana
P6003,3455,False,Eastern Shore Gas Pipeline,Del-Mar Energy Pathway Project,Delaware,Maryland,,,,,Mapped route (at any accuracy),low,Delaware (US),Delaware (US),"Delaware, Maryland",OK,Delaware,Delaware
P6005,3457,False,Kinetica Energy Express,,Louisiana,Louisiana,Plaquemines,,,Cameron,Mapped route (at any accuracy),medium,Louisiana (US),Louisiana (US)~0.13,Louisiana,OK,Louisiana,Louisiana
