pid,sheet_row,batch1,name,seg,start_state,end_state,start_loc,start_dist,end_loc,end_dist,route_type,route_acc,geo_first,geo_last,traversed,verdict,county_states,tverdict
P0149,10,False,Algonquin Gas Transmission Pipeline,Main Line,New York,Massachusetts,Lambertville,,Boston,,Mapped route (at any accuracy),low,,,,NO_ROUTE,,NO_CHECK
P0153,14,False,Appalachian Connector Pipeline,,Clarington,Chatham,,,Ohio,,Not mapped (but could be — route or endpoints are known),no route,,,,NO_ROUTE,,NO_CHECK
P0154,15,False,Atlantic Bridge Gas Project,Phase I,New Jersey,Maine,,,,,Not mapped (but could be — route or endpoints are known),no route,,,,NO_ROUTE,,NO_CHECK
P0251,104,False,Sea Robin Gas Pipeline,,,Louisiana,Gulf of Mexico,,,,Mapped route (at any accuracy),low,,Louisiana (US)~0.28,Louisiana,NO_ROUTE,,BLANK_START
P0266,119,False,Trailblazer Gas Pipeline,,Wyoming,Nebraska,Cheyenne,,Beatrice,,Mapped route (at any accuracy),low,,,,NO_ROUTE,,NO_CHECK
P0387,197,False,Gulf Xpress Pipeline,,West Virginia,Mississippi,,Marshall County,,,Bidirectionality upgrade only,no route,,,,NO_ROUTE,"['Alabama', 'Illinois', 'Indiana', 'Iowa', 'Kansas', 'Kentucky', 'Minnesota', 'Mississippi', 'Oklahoma', 'South Dakota', 'Tennessee', 'West Virginia']",OK_COUNTY
P1997,1051,False,Atlantic Bridge Gas Pipeline,Phase II,Masschusetts,New Brunswick,,,,,Not mapped (but could be — route or endpoints are known),no route,,,,NO_ROUTE,,NO_CHECK
P2438,1249,False,Rover Pipeline,Phase 2,Ohio,Michigan,,,,,Capacity expansion only,no route,,,,NO_ROUTE,,NO_CHECK
P2495,1282,False,Gulf Coast Southbound Pipeline,134th Street Lateral Project,Illinois,Inidiana,,Cook County,,,Unavailable (cannot find route),no route,,,,NO_ROUTE,"['Georgia', 'Illinois', 'Minnesota']",OK_COUNTY
P2497,1284,False,Tennessee Gas Pipeline,Acadiana Expansion Project,,,,,,,Capacity expansion only,no route,,,,NO_ROUTE,,BLANK_START
P2499,1286,True,Agua Blanca Pipeline,Sendero Gateway Project,New Mexico,Texas,Carlsbad,,Waha Hub,,Mapped route (at any accuracy),low,,,,NO_ROUTE,,NO_CHECK
P2500,1287,False,AlaTenn Gas Pipeline,Alabama Compressor Station Upgrade,Alabama,Alabama,,,,,Capacity expansion only,no route,,,,NO_ROUTE,,NO_CHECK
P2516,1293,False,Columbia Gas Transmission,Central Virginia Connector Project,Virginia,Virginia,,,,,Capacity expansion only,no route,,,,NO_ROUTE,,NO_CHECK
P2517,1294,False,Rockies Express Gas Pipeline,Cheyenne Hub Enhancement Expansion,Colorado,Illinois,,,,,Capacity expansion only,no route,,,,NO_ROUTE,,NO_CHECK
P2541,1309,False,Gulf Coast Southbound Pipeline,Phase II,Illinois,Louisiana,Chicago,,,Agua Dulce Hub,Capacity expansion only,no route,,,,NO_ROUTE,,NO_CHECK
P2560,1320,False,Enable Gas Transmission,MASS Expansion Project,Oklahoma,Oklahoma,,,,,Capacity expansion only,no route,,,,NO_ROUTE,,NO_CHECK
P2569,1328,False,North Baja Gas Pipeline,North Baja XPress Project (NBXP),Arizona,California,Ehrenberg,,,Ogilby,Capacity expansion only,no route,,,,NO_ROUTE,,NO_CHECK
P2588,1336,False,Portland Natural Gas Transmission System (PNGTS),Portland Xpress Expansion Project,New Hampshire,Quebec,,,,,Capacity expansion only,no route,,,,NO_ROUTE,,NO_CHECK
P2604,1343,False,Rover Pipeline,Rover Expansion Project,Ohio,Michigan,,,,,Capacity expansion only,no route,,,,NO_ROUTE,,NO_CHECK
P2606,1345,False,Sabal Trail Gas Transmission Pipeline,Project Phase II,Alabama,Florida,,,,,Capacity expansion only,no route,,,,NO_ROUTE,,NO_CHECK
P2614,1348,False,Sierrita Gas Pipeline,Puerto Libertad Expansion,,,,,,,Capacity expansion only,no route,,,,NO_ROUTE,,BLANK_START
P2615,1349,False,Sierrita Gas Pipeline,Sierrita Pima Expansion Project,Arizona,,,,,,Capacity expansion only,no route,,,,NO_ROUTE,,NO_CHECK
P2627,1355,False,Florida Gas Transmission Pipeline,Mobile Bay Lateral Expansion,Florida,Alabama,,,,,Not mapped (but could be — route or endpoints are known),no route,,,,NO_ROUTE,,NO_CHECK
P2631,1358,False,Portland Natural Gas Transmission System (PNGTS),Westbrook Xpress Project Phase 2,New Hampshire,Quebec,,,,,Capacity expansion only,no route,,,,NO_ROUTE,,NO_CHECK
P2635,1359,False,Rover Pipeline,Wick Meter Station Expansion Project,West Virginia,West Virginia,,,,,Capacity expansion only,no route,,,,NO_ROUTE,,NO_CHECK
P3202,1692,False,Vector Gas Pipeline,Blue Water Compressor Project,Michigan,Wisconsin,,,,,Capacity expansion only,no route,,,,NO_ROUTE,,NO_CHECK
P3242,1710,True,Florida Gas Transmission Pipeline,Galveston County Project,Texas,Texas,,,,,Not mapped (but could be — route or endpoints are known),no route,,,,NO_ROUTE,,NO_CHECK
P3280,1718,False,Portland Natural Gas Transmission System (PNGTS),Westbrook Xpress Project Phase 3,New Hampshire,Maine,,,,,Capacity expansion only,no route,,,,NO_ROUTE,,NO_CHECK
P3296,1726,True,Transcontinental Gas Pipeline,Gulf Connector Expansion,Louisiana,Texas,Station 65,,Wharton and San Patricio Counties,,Capacity expansion only,no route,,,,NO_ROUTE,,NO_CHECK
P3601,1826,False,Tuscarora Gas Pipeline,Tuscarora XPress Project,Oregon,Nevada,Malin,,,Wadsworth,Capacity expansion only,no route,,,,NO_ROUTE,,NO_CHECK
P4028,2024,False,Florida Gas Transmission Pipeline,Western Division Project,,,,,,,Not mapped (but could be — route or endpoints are known),no route,,,,NO_ROUTE,,BLANK_START
P4029,2025,False,Florida Gas Transmission Pipeline,Phase VIII Expansion Project,,,,,,,Not mapped (but could be — route or endpoints are known),no route,,,,NO_ROUTE,,BLANK_START
P4030,2026,False,Florida Gas Transmission Pipeline,Jacksonville Expansion Project,,,,,,,Not mapped (but could be — route or endpoints are known),no route,,,,NO_ROUTE,,BLANK_START
P4031,2027,False,Florida Gas Transmission Pipeline,East Leg Expansion,,,,,,,Not mapped (but could be — route or endpoints are known),no route,,,,NO_ROUTE,,BLANK_START
P4032,2028,False,Florida Gas Transmission Pipeline,Phase VII Phase 1,,,,,,,Not mapped (but could be — route or endpoints are known),no route,,,,NO_ROUTE,,BLANK_START
P4033,2029,False,Florida Gas Transmission Pipeline,Turkey Point Lateral,,,,,,,Not mapped (but could be — route or endpoints are known),no route,,,,NO_ROUTE,,BLANK_START
P4034,2030,False,Florida Gas Transmission Pipeline,Phase VI Project,,,,,,,Not mapped (but could be — route or endpoints are known),no route,,,,NO_ROUTE,,BLANK_START
P4035,2031,False,Florida Gas Transmission Pipeline,Phase V Stage 4,,,,,,,Not mapped (but could be — route or endpoints are known),no route,,,,NO_ROUTE,,BLANK_START
P4036,2032,False,Florida Gas Transmission Pipeline,Phase V Stage 3,,,,,,,Not mapped (but could be — route or endpoints are known),no route,,,,NO_ROUTE,,BLANK_START
P4037,2033,False,Florida Gas Transmission Pipeline,Phase V Stages 1-2,,,,,,,Not mapped (but could be — route or endpoints are known),no route,,,,NO_ROUTE,,BLANK_START
P4038,2034,False,Florida Gas Transmission Pipeline,AE Cooperative Upgrade,,,,,,,Not mapped (but could be — route or endpoints are known),no route,,,,NO_ROUTE,,BLANK_START
P4039,2035,False,Florida Gas Transmission Pipeline,Phase IV Project,,,,,,,Not mapped (but could be — route or endpoints are known),no route,,,,NO_ROUTE,,BLANK_START
P4040,2036,False,Florida Gas Transmission Pipeline,Alabama Power Lateral,,,,,,,Not mapped (but could be — route or endpoints are known),no route,,,,NO_ROUTE,,BLANK_START
P4050,2046,False,Florida Gas Transmission Pipeline,Sanford Project,,,,,,,Not mapped (but could be — route or endpoints are known),no route,,,,NO_ROUTE,,BLANK_START
P4051,2047,True,Florida Gas Transmission Pipeline,East-West Project,Texas,Louisiana,,Matagorda County,,,Not mapped (but could be — route or endpoints are known),no route,,,,NO_ROUTE,['Texas'],OK_COUNTY
P4060,2056,False,Florida Gas Transmission Pipeline,Southwest Alabama Project,Mississippi,Alabama,,,,,Not mapped (but could be — route or endpoints are known),no route,,,,NO_ROUTE,,NO_CHECK
P4381,2351,False,Carolina Gas Transmission,Columbia to Eastover Pipeline,South Carolina,South Carolina,,,,,Not mapped (but could be — route or endpoints are known),no route,,,,NO_ROUTE,,NO_CHECK
P4382,2352,False,Carolina Gas Transmission,Transco to Charleston Project,South Carolina,South Carolina,,,,,Not mapped (but could be — route or endpoints are known),no route,,,,NO_ROUTE,,NO_CHECK
P4415,2354,True,Hill Lake Pipeline,,Texas,Texas,,,,,Not mapped (but could be — route or endpoints are known),no route,,,,NO_ROUTE,,NO_CHECK
P4416,2355,True,Worsham–Steed Pipeline,,Texas,Texas,,,,,Not mapped (but could be — route or endpoints are known),no route,,,,NO_ROUTE,,NO_CHECK
P5401,2991,False,Acadian Gas Pipeline System,Acadian Haynesville Extension Capacity Expansion,,,,,,,Capacity expansion only,no route,,,,NO_ROUTE,,BLANK_START
P5709,3204,False,Acadian Gas Pipeline System,Acadian Haynesville Extension,Louisiana,Louisiana,,,,,Not mapped (but could be — route or endpoints are known),no route,,,,NO_ROUTE,,NO_CHECK
P5829,3295,False,Rockies Express Gas Pipeline,Seneca Lateral,Ohio,Ohio,,,,,Not mapped (but could be — route or endpoints are known),no route,,,,NO_ROUTE,,NO_CHECK
P5830,3296,False,Rockies Express Gas Pipeline,Zone 3 East-to-West Project,Ohio,Illinois,,,,,Bidirectionality upgrade only,no route,,,,NO_ROUTE,,NO_CHECK
P5831,3297,False,Rockies Express Gas Pipeline,Pipeline Zone 3 Capacity Enhancement,Ohio,Missouri,,,,,Bidirectionality upgrade only,no route,,,,NO_ROUTE,,NO_CHECK
P5849,3315,False,Tiger Gas Pipeline,ETC Tiger Pipeline (Louisiana) Expansion,Louisiana,Louisiana,,,,,Not mapped (but could be — route or endpoints are known),no route,,,,NO_ROUTE,,NO_CHECK
