commodity,pid,name,median_km,frac_in_footprint,scored
gas,P0437,Dolphin Qatar–UAE Natural Gas Pipeline,6.36,1.0,True
gas,P0440,IGAT 10 Gas Pipeline,2.64,1.0,True
gas,P0442,IGAT 2 Gas Pipeline,2.22,1.0,True
gas,P0443,IGAT 3 Gas Pipeline,4.08,1.0,True
gas,P0444,IGAT 4 Gas Pipeline,56.17,1.0,True
gas,P0446,IGAT 7 Gas Pipeline,17.45,1.0,True
gas,P0451,Iran-Pakistan-India Pipeline,381.12,0.3,False
gas,P0452,Iran-Pakistan Pipeline,61.79,0.78,False
gas,P0459,Tabriz-Ankara Gas Pipeline,156.38,0.71,False
gas,P0474,Obaiyed-Amreya Northern Gas Pipeline,548.09,0.0,False
gas,P0476,Salam-Abu Gharadig Southern Gas Pipeline,624.05,0.0,False
gas,P0477,South Valley Gas Pipeline,329.36,0.0,False
gas,P0497,Qatar Station B-Station S Gas Pipeline,1.83,1.0,True
gas,P0498,Qatar Station B-Station W1 Gas Pipeline,1.97,1.0,True
gas,P0500,Qatar Station S-Station W2 Gas Pipeline,0.89,1.0,True
gas,P0501,Ras Laffan-Mesaieed gas Pipeline,1.1,1.0,True
gas,P0742,Dauletabad-Sarakhs-Khangiran Gas Pipeline,5.03,1.0,True
gas,P0748,Hajiqabul–Astara–Abadan Gas Pipeline,7.96,0.93,True
gas,P0749,Korpeje-Kordkuy Gas Pipeline,3.47,1.0,True
gas,P0827,EastMed Gas Pipeline,671.34,0.0,False
gas,P1639,Sarakhs-Sari Pipeline,18.94,1.0,True
gas,P2015,IGAT 7 Gas Pipeline,49.4,1.0,True
gas,P3174,Off-Shore Gas Pipeline,44.38,1.0,True
gas,P3346,El Noubareya Gas Pipeline,302.44,0.0,False
gas,P3658,Israel Natural Gas Transmission System,1.55,1.0,True
gas,P3659,Port Said-Arish Gas Pipeline,119.98,0.0,False
gas,P3934,Obaiyed-Amreya Northern Gas Pipeline,508.09,0.0,False
gas,P3957,IGAT 1 Gas Pipeline,2.4,1.0,True
gas,P3962,East–West Gas Pipeline (Saudi Arabia),1.99,1.0,True
gas,P4041,North Rumela-Al-Najaf Gas Pipeline,21.69,1.0,True
gas,P5838,Qatar Station B-Station S Gas Pipeline,1.83,1.0,True
gas,P5839,Qatar Station B-Station S Gas Pipeline,1.83,1.0,True
gas,P6687,Obaiyed-Amreya Northern Gas Pipeline,654.92,0.0,False
gas,P6688,Shams-Obaiyed Gas Pipeline,686.94,0.0,False
gas,P6689,Abu Sennan Spur Gas Pipeline,530.83,0.0,False
gas,P6692,Qasr-Shams Gas Pipeline ,681.91,0.0,False
gas,P6693,Salam Spurline Gas Pipeline,667.48,0.0,False
gas,P6697,South Valley Gas Pipeline,307.99,0.0,False
gas,P6698,South Valley Gas Pipeline,324.69,0.0,False
gas,P6699,South Valley Gas Pipeline,342.6,0.0,False
gas,P6700,South Valley Gas Pipeline,357.98,0.0,False
gas,P6701,South Valley Gas Pipeline,305.23,0.0,False
gas,P6702,South Valley Gas Pipeline,320.32,0.0,False
gas,P7447,Denise Gas Pipeline,177.2,0.0,False
gas,P8016,Ras Shukheir-Suez Trunkline Gas Pipeline,180.96,0.0,False
gas,P8018,Suez-Port Said Gas Pipeline,163.1,0.0,False
oil,P5352,Naftshahr–Kermanshah Oil Pipelines,9.31,1.0,True
oil,P3846,Tehran-Tabriz Crude Oil Pipeline,3.88,1.0,True
oil,P2230,Tehran-Tabriz Crude Oil Pipeline,3.89,1.0,True
oil,P7203,Muscat-Sohar Pipeline,3.01,1.0,True
oil,P0552,Trans-Arabian Oil Pipeline,7.06,1.0,True
oil,P7201,Muscat-Sohar Pipeline,0.96,1.0,True
oil,P5287,Dehloran-Cheshmeh Khosh Oil Pipeline,26.95,1.0,True
oil,P6371,DP1-Halul Oil Pipelines,1.71,1.0,True
oil,P6365,PS1-Halul Oil Pipelines,0.68,1.0,True
oil,P0530,Sumed Oil Pipeline,363.27,0.0,False
oil,P1980,Wafra field-Mina Saud Oil Pipelines,0.79,1.0,True
oil,P0542,Iraq Strategic Pipeline,0.89,1.0,True
oil,P6094,Dehloran-Cheshmeh Khos Oil Pipeline,26.95,1.0,True
oil,P6372,DP1-Halul Oil Pipelines,1.71,1.0,True
oil,P5244,Iraq Strategic Pipeline,0.94,1.0,True
oil,P6366,PS1-Halul Oil Pipelines,1.01,1.0,True
oil,P5121,Sumed Oil Pipeline,365.72,0.0,False
oil,P1981,Wafra field-Mina Saud Oil Pipelines,0.79,1.0,True
oil,P5289,Badra-PS-2 Oil Pipeline,17.46,1.0,True
oil,P5357,Sabz–Rey Oil Pipeline,13.45,1.0,True
oil,P3876,Iraq Strategic Pipeline,0.89,1.0,True
oil,P1982,Wafra field-Mina Saud Oil Pipelines,0.79,1.0,True
oil,P7202,Muscat-Sohar Pipeline,1.78,1.0,True
oil,P0545,Iraqi Pipeline in Saudi Arabia (IPSA),0.67,1.0,True
oil,P6072,Ahwaz PS-Genaveh PS Oil Pipeline,2.39,1.0,True
oil,P5349,Ahwaz–Ray Oil Pipeline,2.88,1.0,True
oil,P0553,Bab-Habshan–Fujairah Oil Pipeline,4.78,1.0,True
oil,P5361,Bandar Abbas–Rafsanjan Oil Pipeline,29.24,1.0,True
oil,P0576,Buzurgan-Fao Oil Pipeline,4.11,1.0,True
oil,P0551,East-West Crude Oil Pipeline,1.62,1.0,True
oil,P7980,Gachsacran–Goureh Oil Pipeline,1.61,1.0,True
oil,P2224,Goreh-Jask Crude Oil Pipeline,1.14,1.0,True
oil,P5350,Isfahan–Ray Oil Pipeline,2.14,1.0,True
oil,P6364,ISO4-PS1 Oil Pipeline,4.47,1.0,True
oil,P0577,Kirkuk Baiji Baghdad Oil Pipeline,2.0,1.0,True
oil,P0547,Kirkuk-Ceyhan Oil Pipeline,1.11,1.0,True
oil,P0548,Kurdistan Oil Pipeline,11.11,1.0,True
oil,P6169,Neft Khana—Daura Refinery Oil Pipeline,12.05,1.0,True
oil,P7981,Nowruz–Ras Bahregan Oil Pipeline,2.53,1.0,True
oil,P6368,PS2-Halul Oil Pipeline,1.42,1.0,True
oil,P7904,PS2-PS1 NGL Pipeline,1.58,1.0,True
oil,P0632,PS3-Halul Oil Pipeline,0.85,1.0,True
oil,P6363,PS3-PS1 NGL Pipeline,5.53,1.0,True
oil,P5360,Rafsanjan–Isfahan Oil Products Pipeline,2.58,1.0,True
oil,P6485,Ras Markaz-Duqm Refinery Oil Pipeline,119.19,1.0,True
oil,P6070,Saadat Abad-Sarvestan-Shiraz Oil Pipeline,44.06,1.0,True
oil,P6076,Salman-Lavan Oil Pipeline,4.05,1.0,True
oil,P5375,Tang-e-Fani–Kermanshah Oil Pipeline,3.44,1.0,True
oil,P7877,Tawke Oil Pipeline,1.13,1.0,True
oil,P7182,Wafra-Mab Oil Pipeline,0.71,1.0,True
oil,P6082,West Ethylene Pipeline (WEP),23.88,1.0,True
