file,release,url,bytes,sha256
EIA-NaturalGasPipelineProjects_May2018.xlsx,2018-05,https://www.eia.gov/naturalgas/pipelines/EIA-NaturalGasPipelineProjects_May2018.xlsx,1508994,123c0ae7179199015a7f410efde20270c8d0794fe3c92e566d9b13219f82231a
EIA-NaturalGasPipelineProjects_Aug2018.xlsx,2018-08,https://www.eia.gov/naturalgas/pipelines/EIA-NaturalGasPipelineProjects_Aug2018.xlsx,1566115,254d63fe91f78e4833cab617081fe1a71a5cb79a828b832fa2e666ddae46afa5
EIA-NaturalGasPipelineProjects_Jan2019.xlsx,2019-01,https://www.eia.gov/naturalgas/pipelines/EIA-NaturalGasPipelineProjects_Jan2019.xlsx,1384379,8eefb4f38ded0809dece9257b9bc3e30e027ad59234d9aa44e788776d8a40f20
EIA-NaturalGasPipelineProjects_May2019.xlsx,2019-05,https://www.eia.gov/naturalgas/pipelines/EIA-NaturalGasPipelineProjects_May2019.xlsx,1387770,b8befcf6fd6f17d28b491e711342ace492ce070615c29e21e851fb1af126298c
EIA-NaturalGasPipelineProjects_July2019.xlsx,2019-07,https://www.eia.gov/naturalgas/pipelines/EIA-NaturalGasPipelineProjects_July2019.xlsx,1392274,651a4fe5c65f0aff019f1dc26b690a5e79c666b15f12095be4dd50e4e5d11981
EIA-NaturalGasPipelineProjects_Oct2019.xlsx,2019-10,https://www.eia.gov/naturalgas/pipelines/EIA-NaturalGasPipelineProjects_Oct2019.xlsx,1395977,ca0c00c7753ff0ddc3dd304fce3b60289df7b7ae97f007cc03aeb6621313dde9
EIA-NaturalGasPipelineProjects_Jan2020.xlsx,2020-01,https://www.eia.gov/naturalgas/pipelines/EIA-NaturalGasPipelineProjects_Jan2020.xlsx,1437079,e3e24f16566735deec277959a70f19181007ac73c3b1b41740f118f09d73bdc2
EIA-NaturalGasPipelineProjects_March2020.xlsx,2020-03,https://www.eia.gov/naturalgas/pipelines/EIA-NaturalGasPipelineProjects_March2020.xlsx,1413176,c45428424a4822987ac64eff3d9aa173c7b17ba565e2dded1d0c695e09b64262
EIA-NaturalGasPipelineProjects_Jan2021.xlsx,2021-01,https://www.eia.gov/naturalgas/pipelines/EIA-NaturalGasPipelineProjects_Jan2021.xlsx,1447570,f944c9c1fe916555d3c749ec3d364ee6cf77efd08a7448373416ecfa66f3b9c0
EIA-NaturalGasPipelineProjects_Jul2021.xlsx,2021-07,https://www.eia.gov/naturalgas/pipelines/EIA-NaturalGasPipelineProjects_Jul2021.xlsx,1456578,ca532622f73c8e0ea5c6fea635bc279d562d0e186fc274e8f26081f2fb24abef
EIA-NaturalGasPipelineProjects_Oct2021.xlsx,2021-10,https://www.eia.gov/naturalgas/pipelines/EIA-NaturalGasPipelineProjects_Oct2021.xlsx,1463530,d87386a095cc20a2ca21cb5ef34a4f241b73820b939683a98dc56c652180ad5c
EIA-NaturalGasPipelineProjects_Jan2022.xlsx,2022-01,https://www.eia.gov/naturalgas/pipelines/EIA-NaturalGasPipelineProjects_Jan2022.xlsx,1495880,5572e072784e60671cc34ff5307c815a1c20c845575215c46cc996e5fa8f8e99
EIA-NaturalGasPipelineProjects_Oct2022.xlsx,2022-10,https://www.eia.gov/naturalgas/pipelines/EIA-NaturalGasPipelineProjects_Oct2022.xlsx,1488536,57ac3d523541208b808d378dce8c53061a0413405d9dbde3c622dbf956d45431
EIA-NaturalGasPipelineProjects_Jan2023.xlsx,2023-01,https://www.eia.gov/naturalgas/pipelines/EIA-NaturalGasPipelineProjects_Jan2023.xlsx,1488146,36e38db253b7571e1674cc386383edefeb4b4474939ff9fc765c0b60cea4901a
EIA-NaturalGasPipelineProjects_Apr2023.xlsx,2023-04,https://www.eia.gov/naturalgas/pipelines/EIA-NaturalGasPipelineProjects_Apr2023.xlsx,1190736,6e5eba5e9ab069a1218e779a43ba295c3a4df909dec81ef99df36b8124ca58b4
EIA-NaturalGasPipelineProjects_Jul2023.xlsx,2023-07,https://www.eia.gov/naturalgas/pipelines/EIA-NaturalGasPipelineProjects_Jul2023.xlsx,1195660,313da189a1b14d7f27c4460fedcbf8c28123a11d482dc3c15888ce74cf195e55
EIA-NaturalGasPipelineProjects_Oct2023.xlsx,2023-10,https://www.eia.gov/naturalgas/pipelines/EIA-NaturalGasPipelineProjects_Oct2023.xlsx,1201052,d3b725a9e2529ac37dc61f79f5a113eef545b0346cc67bb51ce33423fd3cbe9c
EIA-NaturalGasPipelineProjects_Jan2024.xlsx,2024-01,https://www.eia.gov/naturalgas/pipelines/EIA-NaturalGasPipelineProjects_Jan2024.xlsx,1207665,f7b29327d3320cd23883bf2201ab253d64ee921176462df029698a452af21f96
EIA-NaturalGasPipelineProjects_Apr2024.xlsx,2024-04,https://www.eia.gov/naturalgas/pipelines/EIA-NaturalGasPipelineProjects_Apr2024.xlsx,1214048,3b5cd3790e0cdf72d18f95040872217700f46b1a5f8f0562f43e28060c4dca4d
EIA-NaturalGasPipelineProjects_Jul2024.xlsx,2024-07,https://www.eia.gov/naturalgas/pipelines/EIA-NaturalGasPipelineProjects_Jul2024.xlsx,1216765,366382a31cde11b45e1479a6170ace32ea0a11a6afe4e38a5cb140d8a52789da
EIA-NaturalGasPipelineProjects_Oct2024.xlsx,2024-10,https://www.eia.gov/naturalgas/pipelines/EIA-NaturalGasPipelineProjects_Oct2024.xlsx,1225486,5fd794d534e864602fb587f47835b6fd5b302974b1c87a7ab7c532f47445620b
EIA-NaturalGasPipelineProjects_Jan2025.xlsx,2025-01,https://www.eia.gov/naturalgas/pipelines/EIA-NaturalGasPipelineProjects_Jan2025.xlsx,1572685,8393baa5bcee5df2e13fed584844ea88e3ad53bc940355b692dfa8dc67f6ba6c
EIA-NaturalGasPipelineProjects_Apr2025.xlsx,2025-04,https://www.eia.gov/naturalgas/pipelines/EIA-NaturalGasPipelineProjects_Apr2025.xlsx,1569182,d182b9198238b1e40b444b7b805bc87a08afdefa7f7ddf7dc8b10b2b4cb30eaf
EIA-NaturalGasPipelineProjects_Jul2025.xlsx,2025-07,https://www.eia.gov/naturalgas/pipelines/EIA-NaturalGasPipelineProjects_Jul2025.xlsx,1626385,9e5ed293ea5a0e8bef679d74d506d188098cb44df6196781ab06a5277fc9ce2c
EIA-NaturalGasPipelineProjects_Oct2025.xlsx,2025-10,https://www.eia.gov/naturalgas/pipelines/EIA-NaturalGasPipelineProjects_Oct2025.xlsx,1639336,c18771e373a40716f2a5ad2693da016af55fd59190c1856c31fbee14c5b7fd62
EIA-NaturalGasPipelineProjects_Jan2026.xlsx,2026-01,https://www.eia.gov/naturalgas/pipelines/EIA-NaturalGasPipelineProjects_Jan2026.xlsx,1138211,6f32d3056efb69bff0a564eac8885ed694b02b3f5467da16b9cd78b7c3838c8a
EIA-NaturalGasPipelineProjects_May2026.xlsx,2026-05,https://www.eia.gov/naturalgas/pipelines/EIA-NaturalGasPipelineProjects_May2026.xlsx,1149666,98d8040f0c9aaa249cb39fd5cde5772637d826b6f85f2d5b7d822b920594f8e2
EIA-NaturalGasPipelineProjectsAug2026.xlsx,2026-08,https://www.eia.gov/naturalgas/pipelines/EIA-NaturalGasPipelineProjectsAug2026.xlsx,1165018,5c278179984027f380dfa6e9bdb739db628889dc25e6003f933b33f362ec469d
EIA-NaturalGasPipelineProjects.xlsx,current,https://www.eia.gov/naturalgas/pipelines/EIA-NaturalGasPipelineProjects.xlsx,1165018,5c278179984027f380dfa6e9bdb739db628889dc25e6003f933b33f362ec469d
