a,a_status,a_name,b,b_status,b_name,b_slice,ratio
P1926,cancelled,DeRuyter Pipeline | Expansion,P0310,operating,DeRuyter Pipeline | ,1,1.0
P2566,proposed,MoGas Pipeline | Expansion Project,P2565,operating,MoGas Pipeline | ,1,1.0
P4070,cancelled,North Brooklyn Pipeline | ,P5405,cancelled,North Brooklyn Gas Pipeline | ,2,1.0
P7820,operating,Algonquin Gas Transmission Pipeline | Atlantic Bridge Project Phase I,P7821,operating,Algonquin Gas Transmission Pipeline | Atlantic Bridge Project Phase II,2,0.989
P0260,operating,Texas Eastern Transmission (TETCO) Gas Pipeline | Texas Eastern Appalachia to Market (TEAM) 2014 Expansion,P5832,operating,Texas Eastern Transmission (TETCO) Gas Pipeline | Texas Eastern Appalachia to Market (TEAM) 2012 Expansion,2,0.987
P0260,operating,Texas Eastern Transmission (TETCO) Gas Pipeline | Texas Eastern Appalachia to Market (TEAM) 2014 Expansion,P5835,operating,Texas Eastern Transmission (TETCO) Gas Pipeline | Texas Eastern Appalachia to Market (TEAM) 2021 Expansion,2,0.987
P5832,operating,Texas Eastern Transmission (TETCO) Gas Pipeline | Texas Eastern Appalachia to Market (TEAM) 2012 Expansion,P5835,operating,Texas Eastern Transmission (TETCO) Gas Pipeline | Texas Eastern Appalachia to Market (TEAM) 2021 Expansion,2,0.987
P2605,proposed,Sabal Trail Gas Transmission Pipeline | Project Phase III,P2606,operating,Sabal Trail Gas Transmission Pipeline | Project Phase II,1,0.985
P0287,construction,Gulf Coast Southbound Pipeline | Phase III,P2541,operating,Gulf Coast Southbound Pipeline | Phase II,1,0.984
P3282,construction,Driftwood LNG Pipeline | Line 200 and Line 300 Expansion (Phase 1),P7770,proposed,Driftwood LNG Pipeline | Line 200 and Line 300 Expansion (Phase 2),2,0.977
P7769,proposed,Driftwood LNG Pipeline | Line 200 and Line 300 Expansion (Phase 3),P7770,proposed,Driftwood LNG Pipeline | Line 200 and Line 300 Expansion (Phase 2),2,0.977
P3282,construction,Driftwood LNG Pipeline | Line 200 and Line 300 Expansion (Phase 1),P7769,proposed,Driftwood LNG Pipeline | Line 200 and Line 300 Expansion (Phase 3),2,0.977
P7782,proposed,Intensity Gas Pipeline | Phase I,P7783,proposed,Intensity Gas Pipeline | Phase II,2,0.971
P2605,proposed,Sabal Trail Gas Transmission Pipeline | Project Phase III,P0249,operating,Sabal Trail Gas Transmission Pipeline | Project Phase I,1,0.97
P2545,proposed,"Transcontinental Gas Pipeline | Hillabee Expansion Project, Phase 3",P2544,operating,"Transcontinental Gas Pipeline | Hillabee Expansion Project, Phase 2",1,0.97
P0240,cancelled,PennEast Gas Pipeline | Phase I,P3196,cancelled,PennEast Gas Pipeline | Phase II,2,0.97
P2545,proposed,"Transcontinental Gas Pipeline | Hillabee Expansion Project, Phase 3",P2733,operating,"Transcontinental Gas Pipeline | Hillabee Expansion Project, Phase 1",1,0.97
P6842,operating,Louisiana Energy Access Project Pipeline | Expansion Phase 3,P6843,construction,Louisiana Energy Access Project Pipeline | Expansion Phase 4,2,0.968
P6773,operating,Louisiana Energy Access Project Pipeline | Expansion Phase 2,P6843,construction,Louisiana Energy Access Project Pipeline | Expansion Phase 4,2,0.968
P5114,operating,Louisiana Energy Access Project Pipeline | Expansion Phase 1,P6773,operating,Louisiana Energy Access Project Pipeline | Expansion Phase 2,2,0.968
P6773,operating,Louisiana Energy Access Project Pipeline | Expansion Phase 2,P6842,operating,Louisiana Energy Access Project Pipeline | Expansion Phase 3,2,0.968
P5114,operating,Louisiana Energy Access Project Pipeline | Expansion Phase 1,P6842,operating,Louisiana Energy Access Project Pipeline | Expansion Phase 3,2,0.968
P5114,operating,Louisiana Energy Access Project Pipeline | Expansion Phase 1,P6843,construction,Louisiana Energy Access Project Pipeline | Expansion Phase 4,2,0.968
P0287,construction,Gulf Coast Southbound Pipeline | Phase III,P2039,operating,Gulf Coast Southbound Pipeline | Phase I,1,0.967
P2734,operating,Northern Natural Gas Pipeline | Northern Lights 2017 Expansion Project,P3942,operating,Northern Natural Gas Pipeline | Northern Lights 2021 Expansion Project,2,0.966
P2578,operating,Northern Natural Gas Pipeline | Northern Lights 2019 Expansion Project,P3942,operating,Northern Natural Gas Pipeline | Northern Lights 2021 Expansion Project,2,0.966
P2578,operating,Northern Natural Gas Pipeline | Northern Lights 2019 Expansion Project,P2734,operating,Northern Natural Gas Pipeline | Northern Lights 2017 Expansion Project,2,0.966
P3942,operating,Northern Natural Gas Pipeline | Northern Lights 2021 Expansion Project,P3943,operating,Northern Natural Gas Pipeline | Northern Lights 2023 Expansion Project,2,0.966
P3942,operating,Northern Natural Gas Pipeline | Northern Lights 2021 Expansion Project,P7772,construction,Northern Natural Gas Pipeline | Northern Lights 2025 Expansion,2,0.966
P3943,operating,Northern Natural Gas Pipeline | Northern Lights 2023 Expansion Project,P7772,construction,Northern Natural Gas Pipeline | Northern Lights 2025 Expansion,2,0.966
P7857,proposed,Great Basin Gas Transmission Company Pipeline System | 2024 Expansion,P7859,proposed,Great Basin Gas Transmission Company Pipeline System | 2026 Expansion,2,0.966
P7857,proposed,Great Basin Gas Transmission Company Pipeline System | 2024 Expansion,P7860,proposed,Great Basin Gas Transmission Company Pipeline System | 2028 Expansion,2,0.966
P7859,proposed,Great Basin Gas Transmission Company Pipeline System | 2026 Expansion,P7860,proposed,Great Basin Gas Transmission Company Pipeline System | 2028 Expansion,2,0.966
P4458,operating,Northern Natural Gas Pipeline | A-Line Replacement Project,P4460,operating,Northern Natural Gas Pipeline | C-Line Replacement Project,2,0.963
P2737,shelved,Delta Express Gas Pipeline | ,P6531,proposed,DeLa Express Pipeline | ,2,0.96
P0193,construction,Gator Express Gas Pipeline | Phase I,P3193,operating,Gator Express Gas Pipeline | Phase 2,2,0.952
P2601,operating,Roadrunner Pipeline | Phase 2,P2602,cancelled,Roadrunner Pipeline | Phase 3,2,0.944
P0286,operating,Roadrunner Pipeline | Phase 1,P2602,cancelled,Roadrunner Pipeline | Phase 3,2,0.944
P0286,operating,Roadrunner Pipeline | Phase 1,P2601,operating,Roadrunner Pipeline | Phase 2,2,0.944
P2734,operating,Northern Natural Gas Pipeline | Northern Lights 2017 Expansion Project,P7772,construction,Northern Natural Gas Pipeline | Northern Lights 2025 Expansion,2,0.931
P2734,operating,Northern Natural Gas Pipeline | Northern Lights 2017 Expansion Project,P3943,operating,Northern Natural Gas Pipeline | Northern Lights 2023 Expansion Project,2,0.931
P2578,operating,Northern Natural Gas Pipeline | Northern Lights 2019 Expansion Project,P7772,construction,Northern Natural Gas Pipeline | Northern Lights 2025 Expansion,2,0.931
P2578,operating,Northern Natural Gas Pipeline | Northern Lights 2019 Expansion Project,P3943,operating,Northern Natural Gas Pipeline | Northern Lights 2023 Expansion Project,2,0.931
P5548,operating,Florida Gas Transmission Pipeline | South Louisiana Project,P2529,operating,Florida Gas Transmission Pipeline | East Louisiana Project,1,0.93
P7853,construction,Targa Resources Pipeline System | Buffalo Run Extension,P7854,construction,Targa Resources Pipeline System | Bull Run Extension,2,0.93
P6531,proposed,DeLa Express Pipeline | ,P3295,operating,Elba Express Pipeline | ,1,0.917
P2575,cancelled,Empire Pipeline | Northern Access 2016 (NY to ON) Expansion Project,P6008,cancelled,Empire Pipeline | Northern Access 2016 (PA to NY) Expansion Project,2,0.917
P7851,operating,Targa Resources Pipeline System | Buffalo Run Gas Pipeline,P7852,operating,Targa Resources Pipeline System | Bull Run Gas Pipeline,2,0.902
P4456,operating,Mountain Valley Gas Pipeline (MVP) | Greene Interconnect Project,P7829,proposed,Mountain Valley Gas Pipeline (MVP) | Interconnect Expansion,2,0.901
P5548,operating,Florida Gas Transmission Pipeline | South Louisiana Project,P7824,proposed,Florida Gas Transmission Pipeline | South Central Louisiana Project,2,0.9
P6011,proposed,Algonquin Gas Transmission Pipeline | Project Maple,P0149,operating,Algonquin Gas Transmission Pipeline | Main Line,1,0.9
P3589,construction,CP Express Pipeline | ,P0305,operating,CJ Express Pipeline | ,1,0.9
