pid,sheet_row,status,lu,name,seg,fuel,start_state,end_state,start_country,end_country,countries,route_type,route_acc,geo_first,geo_last,traversed,verdict,typos,unknown,multi_cell,n_states,derived,region,group,region_src,units,planA,planB
P0144,6,cancelled,2023-08-21,Algonquin Gas Transmission Pipeline,Access Northeast Gas Pipeline,Gas,Massachusetts,Connecticut,United States,United States,United States,Mapped route (at any accuracy),low,Massachusetts,Connecticut,"Connecticut, Massachusetts",OK,,,False,2,Massachusetts,NewEngland,cancelled,sheet/geometry,16,A6 northeast-op-alaska,step3 cancelled-review
P0146,8,cancelled,2025-06-06,Alaska Pipeline Project,,Gas,Alaska,Alberta,United States,Canada,"United States, Canada",Mapped route (at any accuracy),medium,Alaska,Alberta,"Alaska, Alberta, British Columbia, Yukon",OK,,,False,4,Alaska,Alaska,cancelled,sheet/geometry,16,A6 northeast-op-alaska,step3 cancelled-review
P0147,9,proposed,2025-09-25,Alaska LNG Pipeline (AKLNG),,Gas,Alaska,Alaska,United States,United States,United States,Mapped route (at any accuracy),medium,Alaska,Alaska,Alaska,OK,,,False,1,Alaska,Alaska,in-dev,sheet/geometry,17,A6 northeast-op-alaska,step3 in-dev
P0152,13,operating,2025-08-07,ANR Gas Pipeline,Main Line,Gas,Texas,Illinois,United States,United States,United States,Mapped route (at any accuracy),high,Oklahoma,Michigan,"Arkansas, Illinois, Indiana, Iowa, Kansas, Kentucky, Louisiana, Michigan, Mississippi, Missouri, Nebraska, Ohio, Oklahoma, Ontario, Tennessee, Texas, Wisconsin",OK_INTERIOR,,,False,17,Texas,TX,op/idle,sheet/geometry,15,A4 tx-midcon-operating,B1 gulf-tx-operating
P0155,16,cancelled,2022-10-06,Atlantic Coast Gas Pipeline,,Gas,West Virginia,North Carolina,United States,United States,United States,Mapped route (at any accuracy),low,North Carolina,Virginia,"North Carolina, Virginia, West Virginia",OK_INTERIOR,,,False,3,West Virginia,Appalachian,cancelled,sheet/geometry,15,A5 appalachian-indev,step3 cancelled-review
P0163,24,operating,2025-10-28,Enable Oklahoma Instrastate Transmission (EOIT),,Gas,Oklahoma,Oklahoma,United States,United States,United States,Mapped route (at any accuracy),high,Oklahoma,Oklahoma,Oklahoma,OK,,,False,1,Oklahoma,Midcontinent,op/idle,sheet/geometry,14,A4 tx-midcon-operating,B1 gulf-tx-operating
P0173,34,proposed,2024-07-16,Delfin Offshore Pipeline,,Gas,Gulf of Mexico,Gulf of Mexico,United States,United States,United States,Mapped route (at any accuracy),medium,Louisiana~offshore,Louisiana~offshore,,START_MISMATCH,,,False,1,Louisiana,Gulf,in-dev,sheet/geometry,17,A1 gulf-indev,step3 in-dev
P0174,35,cancelled,2025-06-06,Denali Alaskan Natural Gas Pipeline,,Gas,Alaska,Alberta,United States,Canada,"United States, Canada",Mapped route (at any accuracy),medium,Alaska,Alberta,"Alaska, Alberta, British Columbia, Yukon",OK,,,False,4,Alaska,Alaska,cancelled,sheet/geometry,16,A6 northeast-op-alaska,step3 cancelled-review
P0177,38,proposed,2025-10-06,Driftwood LNG Pipeline,Mainline Pipeline,Gas,Louisiana,Louisiana,United States,United States,United States,Mapped route (at any accuracy),medium,Louisiana,Louisiana,Louisiana,OK,,,False,1,Louisiana,Gulf,in-dev,sheet/geometry,17,A1 gulf-indev,step3 in-dev
P0188,47,idle,2024-07-16,UTOS Gas Pipeline,,Gas,Gulf of Mexico,Louisiana,United States,United States,United States,Mapped route (at any accuracy),high,Louisiana~offshore,Louisiana,Louisiana,START_MISMATCH,,,False,2,Louisiana,Gulf,op/idle,sheet/geometry,16,A2 gulf-se-operating,B1 gulf-tx-operating
P0193,52,construction,2024-08-15,Gator Express Gas Pipeline,Phase I,Gas,Louisiana,Louisiana,United States,United States,United States,Mapped route (at any accuracy),medium,Louisiana,Louisiana~offshore,Louisiana,OK,,,False,1,Louisiana,Gulf,in-dev,sheet/geometry,14,A1 gulf-indev,step3 in-dev
P0197,56,operating,2025-09-18,Gulf South Gas Pipeline,SYSTEM/NETWORK INFO,Gas,Texas,"Louisiana, Alabama, Mississippi, Florida",United States,United States,United States,Mapped route (at any accuracy),high,Texas,Louisiana,"Alabama, Florida, Louisiana, Mississippi, Texas",OK,,,True,5,Texas,TX,op/idle,sheet/geometry,15,A4 tx-midcon-operating,B1 gulf-tx-operating
P0198,57,operating,2025-09-18,Gulf South Gas Pipeline,Coastal Bend Header Pipeline,Gas,Texas,Texas,United States,United States,United States,Mapped route (at any accuracy),medium,Texas,Texas,Texas,OK,,,False,1,Texas,TX,op/idle,sheet/geometry,14,A4 tx-midcon-operating,B1 gulf-tx-operating
P0200,59,operating,2024-07-16,High Island Offshore Gas Pipeline System,,Gas,Gulf of Mexico,Gulf of Mexico,United States,United States,United States,Mapped route (at any accuracy),high,,Louisiana~offshore,,NO_ROUTE,,,False,1,Gulf of Mexico,Gulf,op/idle,sheet/geometry,15,A2 gulf-se-operating,B1 gulf-tx-operating
P0212,70,operating,2025-06-12,Maritimes and Northeast Gas Pipeline,,Gas,Nova Scotia,Massachusetts,Canada,United States,"Canada, United States",Mapped route (at any accuracy),medium,Massachusetts,Massachusetts,"Maine, Massachusetts, New Brunswick, New Hampshire, Nova Scotia",OK_INTERIOR,,,False,5,Nova Scotia,CrossBorder,op/idle,sheet/geometry,15,A6 northeast-op-alaska,B2 rest-operating
P0220,77,operating,2024-08-20,Mountain Valley Gas Pipeline (MVP),,Gas,West Virginia,Virginia,United States,United States,United States,Mapped route (at any accuracy),very high (within meters),West Virginia,Virginia,"Virginia, West Virginia",OK,,,False,2,West Virginia,Appalachian,op/idle,sheet/geometry,16,A6 northeast-op-alaska,B2 rest-operating
P0230,84,operating,2025-09-20,Northwest Gas Pipeline,SYSTEM/NETWORK INFO,Gas,Washington,Colorado,United States,United States,United States,Mapped route (at any accuracy),medium,Idaho,Colorado,"British Columbia, Colorado, Idaho, Nevada, Oregon, Utah, Washington, Wyoming",OK_INTERIOR,,,False,8,Washington,West,op/idle,sheet/geometry,15,A7 west,B2 rest-operating
P0235,89,operating,2024-05-29,Texas Eastern Transmission (TETCO) Gas Pipeline,Ohio Pipeline Energy Network (OPEN) Gas Pipeline,Gas,Ohio,Ohio,United States,United States,United States,Mapped route (at any accuracy),low,Ohio,Ohio,Ohio,OK,,,False,1,Ohio,Appalachian,op/idle,sheet/geometry,15,A6 northeast-op-alaska,B2 rest-operating
P0237,91,cancelled,2025-10-08,Pacific Connector Gas Pipeline,,Gas,Oregon,Oregon,United States,United States,United States,Mapped route (at any accuracy),medium,Oregon,Oregon~offshore,Oregon,OK,,,False,1,Oregon,West,cancelled,sheet/geometry,17,A7 west,step3 cancelled-review
P0240,94,cancelled,2023-08-17,PennEast Gas Pipeline,Phase I,Gas,Pennsylvania,Pennsylvania,United States,United States,United States,Mapped route (at any accuracy),medium,Pennsylvania,Pennsylvania,Pennsylvania,OK,,,False,1,Pennsylvania,Appalachian,cancelled,sheet/geometry,15,A5 appalachian-indev,step3 cancelled-review
P0241,95,proposed,2025-10-09,Port Arthur Gas Pipeline,Louisiana Connector,Gas,Texas,Louisiana,United States,United States,United States,Mapped route (at any accuracy),medium,Texas,Louisiana,"Louisiana, Texas",OK,,,False,2,Texas,TX,in-dev,sheet/geometry,16,A3 tx-indev,step3 in-dev
P0245,99,proposed,2025-10-09,Rio Bravo Pipeline Project,,Gas,Texas,Texas,United States,United States,United States,Mapped route (at any accuracy),medium,Texas,Texas,Texas,OK,,,False,1,Texas,TX,in-dev,sheet/geometry,16,A3 tx-indev,step3 in-dev
P0256,109,operating,2025-02-03,Stingray Gas Pipeline,,Gas,,Louisiana,United States,United States,United States,Mapped route (at any accuracy),high,Louisiana~offshore,,Louisiana,BLANK_START,,,False,1,Louisiana,Gulf,op/idle,sheet/geometry,14,A2 gulf-se-operating,B1 gulf-tx-operating
P0260,113,operating,2024-05-29,Texas Eastern Transmission (TETCO) Gas Pipeline,Texas Eastern Appalachia to Market (TEAM) 2014 Expansion,Gas,Pennsylvania,New Jersey,United States,United States,United States,Mapped route (at any accuracy),high,West Virginia,Pennsylvania,"Kentucky, Ohio, Pennsylvania, West Virginia",END_MISMATCH,,,False,5,Pennsylvania,Appalachian,op/idle,sheet/geometry,15,A6 northeast-op-alaska,B2 rest-operating
P0261,114,operating,2024-05-29,Texas Eastern Transmission (TETCO) Gas Pipeline,Texas Eastern Appalachian Lease (TEAL) Gas Pipeline,Gas,Ohio,Ohio,United States,United States,United States,Mapped route (at any accuracy),very low (straight line/schematic),Ohio,Ohio,Ohio,OK,,,False,1,Ohio,Appalachian,op/idle,sheet/geometry,15,A6 northeast-op-alaska,B2 rest-operating
P0262,115,operating,2024-05-29,Texas Eastern Transmission (TETCO) Gas Pipeline,Main Line,Gas,Texas,New York,United States,United States,United States,Mapped route (at any accuracy),high,Tennessee,Kentucky,"Alabama, Arkansas, Illinois, Indiana, Kentucky, Louisiana, Maryland, Mississippi, Missouri, New Jersey, Ohio, Pennsylvania, Tamaulipas, Tennessee, Texas, West Virginia",END_MISMATCH,,,False,17,Texas,TX,op/idle,sheet/geometry,15,A4 tx-midcon-operating,B1 gulf-tx-operating
P0274,127,operating,2025-09-22,Trunkline Gas Pipeline,Main Line,Gas,Texas,"Illinois, Indiana",United States,United States,United States,Mapped route (at any accuracy),very high (within meters),Texas,Louisiana,"Arkansas, Illinois, Indiana, Kentucky, Louisiana, Mississippi, Tennessee, Texas",OK,,,True,8,Texas,TX,op/idle,sheet/geometry,14,A4 tx-midcon-operating,B1 gulf-tx-operating
P0277,130,operating,2025-06-11,Vector Gas Pipeline,,Gas,Illinois,Ontario,United States,Canada,"United States, Canada",Mapped route (at any accuracy),medium,Illinois,Ontario,"Illinois, Indiana, Michigan, Ontario",OK,,,False,4,Illinois,Midcontinent,op/idle,sheet/geometry,15,A4 tx-midcon-operating,B1 gulf-tx-operating
P0285,138,cancelled,2025-10-06,Haynesville Global Access Pipeline,,Gas,Louisiana,Louisiana,United States,United States,United States,Mapped route (at any accuracy),medium,Louisiana,Louisiana,Louisiana,OK,,,False,1,Louisiana,Gulf,cancelled,sheet/geometry,18,A1 gulf-indev,step3 cancelled-review
P0286,139,operating,2025-06-25,Roadrunner Pipeline,Phase 1,Gas,Texas,Texas,United States,United States,United States,Mapped route (at any accuracy),high,Texas,Texas,Texas,OK,,,False,1,Texas,TX,op/idle,sheet/geometry,15,A4 tx-midcon-operating,B1 gulf-tx-operating
P0287,140,construction,2025-10-16,Gulf Coast Southbound Pipeline,Phase III,Gas,Illinois,Louisiana,United States,United States,United States,Capacity expansion only,no route,,,,NO_ROUTE,,,False,2,Illinois,Midcontinent,in-dev,sheet/geometry,16,A4 tx-midcon-operating,step3 in-dev
P0289,142,cancelled,2022-10-14,Pecos Trail Pipeline,,Gas,Texas,Texas,United States,United States,United States,Mapped route (at any accuracy),medium,Texas,Texas,Texas,OK,,,False,1,Texas,TX,cancelled,sheet/geometry,18,A3 tx-indev,step3 cancelled-review
P0293,146,shelved,2025-10-08,Alaska Stand Alone Pipeline,,Gas,Alaska,Alaska,United States,United States,United States,Mapped route (at any accuracy),medium,Alaska,Alaska,Alaska,OK,,,False,1,Alaska,Alaska,in-dev,sheet/geometry,17,A6 northeast-op-alaska,step3 in-dev
P0296,148,shelved,2024-08-24,Delmarva Pipeline,,Gas,Maryland,Virginia,United States,United States,United States,Mapped route (at any accuracy),medium,Maryland,Virginia~offshore,Maryland,OK,,,False,2,Maryland,Appalachian,in-dev,sheet/geometry,15,A5 appalachian-indev,step3 in-dev
P0300,151,cancelled,2025-07-16,Arctic Fox Pipeline,,Gas,Alaska,Alaska,United States,United States,United States,Mapped route (at any accuracy),medium,Alaska,Alaska,Alaska,OK,,,False,1,Alaska,Alaska,cancelled,sheet/geometry,17,A6 northeast-op-alaska,step3 cancelled-review
P0302,152,operating,2024-08-08,Permian Highway Pipeline,,Gas,Texas,Texas,United States,United States,United States,Mapped route (at any accuracy),high,Texas,Texas,Texas,OK,,,False,1,Texas,TX,op/idle,sheet/geometry,14,A4 tx-midcon-operating,B1 gulf-tx-operating
P0304,154,cancelled,2023-08-08,Western Energy Storage and Transportation Header Project,,Gas,Utah,Arizona,United States,United States,United States,Mapped route (at any accuracy),low,Utah,Arizona,"Arizona, Nevada, Utah",OK,,,False,3,Utah,West,cancelled,sheet/geometry,15,A7 west,step3 cancelled-review
P0308,158,operating,2025-10-27,Southern Reliability Link Pipeline,,Gas,New Jersey,New Jersey,United States,United States,United States,Mapped route (at any accuracy),low,New Jersey,New Jersey,New Jersey,OK,,,False,1,New Jersey,Appalachian,op/idle,sheet/geometry,15,A6 northeast-op-alaska,B2 rest-operating
P0309,159,operating,2025-08-07,Adelphia Pipeline,,Gas,Pennsylvania,Pennsylvania,United States,United States,United States,Mapped route (at any accuracy),medium,Pennsylvania,Pennsylvania,"New Jersey, Pennsylvania",OK,,,False,2,Pennsylvania,Appalachian,op/idle,sheet/geometry,16,A6 northeast-op-alaska,B2 rest-operating
P0311,161,construction,2023-08-08,Buncombe County Pipeline,,Gas,North Carolina,North Carolna,United States,United States,United States,Mapped route (at any accuracy),low,North Carolina,North Carolina,North Carolina,OK,North Carolna->North Carolina,,False,1,North Carolina,Southeast,in-dev,sheet/geometry,15,A2 gulf-se-operating,step3 in-dev
P0318,168,cancelled,2023-08-09,Arkoma Residue Capacity Pipeline,,Gas,Oklahoma,Oklahoma,United States,United States,United States,Mapped route (at any accuracy),very low (straight line/schematic),Oklahoma,Oklahoma,Oklahoma,OK,,,False,1,Oklahoma,Midcontinent,cancelled,sheet/geometry,14,A4 tx-midcon-operating,step3 cancelled-review
P0319,169,operating,2025-02-03,Whistler Pipeline,Mainline,Gas,Texas,Texas,United States,United States,United States,Mapped route (at any accuracy),very high (within meters),Texas,Texas,Texas,OK,,,False,1,Texas,TX,op/idle,sheet/geometry,14,A4 tx-midcon-operating,B1 gulf-tx-operating
P0320,170,cancelled,2023-08-09,Permian Global Access Pipeline,,Gas,Texas,Louisiana,United States,United States,United States,Mapped route (at any accuracy),low,Texas,Louisiana,"Louisiana, Texas",OK,,,False,2,Texas,TX,cancelled,sheet/geometry,14,A3 tx-indev,step3 cancelled-review
P0323,173,shelved,2024-08-05,Greater Philadelphia Expansion Project,,Gas,Pennsylvania,Pennsylvania,United States,United States,United States,Mapped route (at any accuracy),very low (straight line/schematic),Pennsylvania,Pennsylvania,Pennsylvania,OK,,,False,1,Pennsylvania,Appalachian,in-dev,sheet/geometry,16,A5 appalachian-indev,step3 in-dev
P0327,175,cancelled,2025-10-06,Bluebonnet Market Express Pipeline,,Gas,Texas,Texas,United States,United States,United States,Mapped route (at any accuracy),low,Texas,Texas,Texas,OK,,,False,1,Texas,TX,cancelled,sheet/geometry,18,A3 tx-indev,step3 cancelled-review
P0355,181,cancelled,2023-08-09,T-030 Pipeline,,Gas,North Carolina,North Carolina,United States,United States,United States,Mapped route (at any accuracy),low,North Carolina,North Carolina,North Carolina,OK,,,False,1,North Carolina,Southeast,cancelled,sheet/geometry,14,A2 gulf-se-operating,step3 cancelled-review
P0371,186,cancelled,2022-07-13,Blue Mountain Delivery Pipeline,,Gas,Oklahoma,Oklahoma,United States,United States,United States,Mapped route (at any accuracy),low,Oklahoma,Oklahoma,Oklahoma,OK,,,False,1,Oklahoma,Midcontinent,cancelled,sheet/geometry,16,A4 tx-midcon-operating,step3 cancelled-review
P0374,188,cancelled,2023-08-09,B-System Project Pipeline,,Gas,Ohio,Ohio,United States,United States,United States,Mapped route (at any accuracy),low,Ohio,Ohio,Ohio,OK,,,False,1,Ohio,Appalachian,cancelled,sheet/geometry,14,A5 appalachian-indev,step3 cancelled-review
P0378,192,operating,2025-09-18,Gulf Coast Express Pipeline,Main Line,Gas,Texas,Texas,United States,United States,United States,Mapped route (at any accuracy),high,Texas,Texas,Texas,OK,,,False,1,Texas,TX,op/idle,sheet/geometry,15,A4 tx-midcon-operating,B1 gulf-tx-operating
P0382,194,cancelled,2025-08-18,Paso Norte Pipeline,,Gas,New Mexico,Chihuahua,United States,Mexico,"United States, Mexico",Mapped route (at any accuracy),medium,New Mexico,Chihuahua,"Chihuahua, New Mexico",OK,,,False,2,New Mexico,West,cancelled,sheet/geometry,15,A7 west,step3 cancelled-review
P0404,199,cancelled,2023-08-23,Ehrenberg-Los Algodones-San Luis Rio Colorado Gas Pipeline,,Gas,Arizona,Sonora,United States,Mexico,"United States, Mexico",Mapped route (at any accuracy),very low (straight line/schematic),Arizona,Sonora,"Arizona, California, Sonora",OK,,,False,3,Arizona,West,cancelled,sheet/geometry,14,A7 west,step3 cancelled-review
P1294,757,operating,2024-08-14,Gulf Run Pipeline,,Gas,Louisiana,Louisiana,United States,United States,United States,Mapped route (at any accuracy),very high (within meters),Louisiana,Louisiana,Louisiana,OK,,,False,1,Louisiana,Gulf,op/idle,sheet/geometry,15,A2 gulf-se-operating,B1 gulf-tx-operating
P1299,760,cancelled,2023-08-09,Steady Eddy Pipeline,,Gas,New Mexico,Texas,United States,United States,United States,Mapped route (at any accuracy),low,New Mexico,New Mexico,New Mexico,END_MISMATCH,,,False,2,New Mexico,West,cancelled,sheet/geometry,14,A7 west,step3 cancelled-review
P1317,766,cancelled,2025-08-04,Gemini Gulf Coast Pipeline,,Gas,Texas,Texas,United States,United States,United States,Mapped route (at any accuracy),low,Texas,Texas,Texas,OK,,,False,1,Texas,TX,cancelled,sheet/geometry,16,A3 tx-indev,step3 cancelled-review
P1926,1047,cancelled,2023-08-09,DeRuyter Pipeline,Expansion,Gas,New York,New York,United States,United States,United States,Capacity expansion only,no route,,,,NO_ROUTE,,,False,1,New York,Appalachian,cancelled,sheet/geometry,14,A5 appalachian-indev,step3 cancelled-review
P2009,1061,operating,2025-09-16,Mountaineer Gas Pipeline,Phase III (Eastern Panhandle Expansion Project),Gas,"Maryland, Pennsylvania",West Virginia,United States,United States,United States,Mapped route (at any accuracy),low,Pennsylvania,West Virginia,"Maryland, Pennsylvania, West Virginia",OK,,,True,3,Maryland,Appalachian,op/idle,sheet/geometry,16,A6 northeast-op-alaska,B2 rest-operating
P2498,1285,operating,2025-02-03,Agua Blanca Pipeline,,Gas,Texas,Texas,United States,United States,United States,Mapped route (at any accuracy),very high (within meters),Texas,Texas,Texas,OK,,,False,1,Texas,TX,op/idle,sheet/geometry,14,A4 tx-midcon-operating,B1 gulf-tx-operating
P2501,1288,operating,2025-08-07,ANR Gas Pipeline,Alberta Xpress Expansion Project,Gas,Michigan,Louisiana,United States,United States,United States,Capacity expansion only,no route,,,,NO_ROUTE,,,False,2,Michigan,Appalachian,op/idle,sheet/geometry,16,A6 northeast-op-alaska,B2 rest-operating
P2509,1291,operating,2024-05-29,Texas Eastern Transmission (TETCO) Gas Pipeline,Cameron Expansion Project,Gas,Louisiana,Louisiana,United States,United States,United States,Mapped route (at any accuracy),high,Louisiana,Louisiana,Louisiana,OK,,,False,1,Louisiana,Gulf,op/idle,sheet/geometry,16,A2 gulf-se-operating,B1 gulf-tx-operating
P2518,1295,cancelled,2025-09-22,Texas Gas Transmission Pipeline,Clarksville Interconnection Pipeline,Gas,Kentuky,Tennesse,United States,United States,United States,Mapped route (at any accuracy),low,Kentucky,Tennessee,"Kentucky, Tennessee",OK,Kentuky->Kentucky; Tennesse->Tennessee,,False,2,Kentucky,Southeast,cancelled,sheet/geometry,15,A2 gulf-se-operating,step3 cancelled-review
P2522,1298,cancelled,2023-08-10,Creole Trail Pipeline,Reversal Project,Gas,Louisiana,Louisiana,United States,United States,United States,Mapped route (at any accuracy),low,Louisiana,Louisiana,Louisiana,OK,,,False,1,Louisiana,Gulf,cancelled,sheet/geometry,14,A1 gulf-indev,step3 cancelled-review
P2523,1299,shelved,2025-09-17,Delhi Connector Gas Pipeline,,Gas,Louisiana,Louisiana,United States,United States,United States,Mapped route (at any accuracy),medium,Louisiana,Louisiana,Louisiana,OK,,,False,1,Louisiana,Gulf,in-dev,sheet/geometry,17,A1 gulf-indev,step3 in-dev
P2524,1300,cancelled,2022-10-14,Transcontinental Gas Pipeline,Diamond East Project,Gas,Pennsylvania,New York,United States,United States,United States,Mapped route (at any accuracy),low,Pennsylvania,Pennsylvania,Pennsylvania,END_MISMATCH,,,False,2,Pennsylvania,Appalachian,cancelled,sheet/geometry,17,A5 appalachian-indev,step3 cancelled-review
P2526,1301,proposed,2025-09-16,Donlin Gold Mine Gas Pipeline,,Gas,Alaska,Alaska,United States,United States,United States,Mapped route (at any accuracy),medium,Alaska,Alaska,Alaska,OK,,,False,1,Alaska,Alaska,in-dev,sheet/geometry,16,A6 northeast-op-alaska,step3 in-dev
P2530,1303,proposed,2025-08-07,ANR Gas Pipeline,Elwood Power Plant Expansion Project,Gas,,,United States,United States,United States,Capacity expansion only,no route,,,,NO_ROUTE,,,False,0,,Midcontinent,in-dev,name (provisional),15,A4 tx-midcon-operating,step3 in-dev
P2536,1305,operating,2025-09-24,Evangeline Pass Gas Pipeline,,Gas,Louisiana,Louisiana,United States,United States,United States,Mapped route (at any accuracy),medium,Louisiana,Louisiana,Louisiana,OK,,,False,1,Louisiana,Gulf,op/idle,sheet/geometry,15,A2 gulf-se-operating,B1 gulf-tx-operating
P2537,1306,operating,2024-09-04,National Fuel Gas Supply Corporation Gas Pipeline,FM 100 Project,Gas,Pennsylvania,Pennsylvania,United States,United States,United States,Mapped route (at any accuracy),high,Pennsylvania,Pennsylvania,Pennsylvania,OK,,,False,1,Pennsylvania,Appalachian,op/idle,sheet/geometry,15,A6 northeast-op-alaska,B2 rest-operating
P2538,1307,construction,2022-10-14,Transcontinental Gas Pipeline,Gateway Expansion Project,Gas,New Jersey,New Jersey,United States,United States,United States,Capacity expansion only,no route,,,,NO_ROUTE,,,False,1,New Jersey,Appalachian,in-dev,sheet/geometry,16,A5 appalachian-indev,step3 in-dev
P2539,1308,construction,2025-09-24,Golden Pass Gas Pipeline,,Gas,Louisiana,Texas,United States,United States,United States,Mapped route (at any accuracy),medium,Louisiana,Texas,"Louisiana, Texas",OK,,,False,2,Louisiana,Gulf,in-dev,sheet/geometry,16,A1 gulf-indev,step3 in-dev
P2542,1310,construction,2022-10-11,Gulfstream Natural Gas Pipeline,Phase VI Expansion Project,Gas,,,United States,United States,United States,Mapped route (at any accuracy),very low (straight line/schematic),Florida~offshore,Florida,Florida,BLANK_BOTH,,,False,1,Florida,Gulf,in-dev,sheet/geometry,14,A1 gulf-indev,step3 in-dev
P2545,1312,proposed,2025-10-13,Transcontinental Gas Pipeline,"Hillabee Expansion Project, Phase 3",Gas,Alabama,Alabama,United States,United States,United States,Mapped route (at any accuracy),low,Alabama,Alabama,Alabama,OK,,,False,1,Alabama,Gulf,in-dev,sheet/geometry,16,A1 gulf-indev,step3 in-dev
P2547,1313,operating,2025-09-18,Gulf South Gas Pipeline,Index 99 Expansion Project,Gas,,,United States,United States,United States,Mapped route (at any accuracy),low,Texas,Texas,Texas,BLANK_BOTH,,,False,1,Texas,TX,op/idle,sheet/geometry,14,A4 tx-midcon-operating,B1 gulf-tx-operating
P2553,1316,proposed,2023-08-11,Line 1600 Gas Pipeline,Replacement,Gas,California,California,United States,United States,United States,Capacity expansion only,no route,,,,NO_ROUTE,,,False,1,California,West,in-dev,sheet/geometry,14,A7 west,step3 in-dev
P2556,1318,construction,2022-10-06,Columbia Gas Transmission,Louisiana XPress Expansion Project,Gas,Kentucky,Louisiana,United States,United States,United States,Capacity expansion only,no route,,,,NO_ROUTE,,,False,2,Kentucky,Southeast,in-dev,sheet/geometry,14,A2 gulf-se-operating,step3 in-dev
P2559,1319,proposed,2023-07-27,Magnolia Gas Pipeline,,Gas,Louisiana,Louisiana,United States,United States,United States,Unavailable (cannot find route),no route,,,,NO_ROUTE,,,False,1,Louisiana,Gulf,in-dev,sheet/geometry,14,A1 gulf-indev,step3 in-dev
P2561,1321,operating,2025-09-18,Gulf South Gas Pipeline,McComb Compressor Station Reliability Project,Gas,Mississippi,Mississippi,United States,United States,United States,Capacity expansion only,no route,,,,NO_ROUTE,,,False,1,Mississippi,Gulf,op/idle,sheet/geometry,16,A2 gulf-se-operating,B1 gulf-tx-operating
P2562,1322,operating,2024-05-29,Texas Eastern Transmission (TETCO) Gas Pipeline,Middlesex Expansion Project,Gas,New Jersey,New Jersey,United States,United States,United States,Mapped route (at any accuracy),high,New Jersey,New Jersey,New Jersey,OK,,,False,1,New Jersey,Appalachian,op/idle,sheet/geometry,16,A6 northeast-op-alaska,B2 rest-operating
P2564,1323,cancelled,2025-10-13,Southern Star Central Gas Pipeline,Midwest Market Access Project,Gas,Kansas,Kansas,United States,United States,United States,Capacity expansion only,no route,,,,NO_ROUTE,,,False,1,Kansas,Midcontinent,cancelled,sheet/geometry,18,A4 tx-midcon-operating,step3 cancelled-review
P2566,1325,proposed,2025-09-24,MoGas Pipeline,Expansion Project,Gas,Missouri,Missouri,United States,United States,United States,Capacity expansion only,no route,,,,NO_ROUTE,,,False,1,Missouri,Midcontinent,in-dev,sheet/geometry,15,A4 tx-midcon-operating,step3 in-dev
P2567,1326,proposed,2025-09-23,Mountain Valley Gas Pipeline (MVP),Southgate Expansion,Gas,Virginia,North Caolina,United States,United States,United States,Mapped route (at any accuracy),medium,,,,NO_ROUTE,North Caolina->North Carolina,,False,2,Virginia,Appalachian,in-dev,sheet/geometry,16,A5 appalachian-indev,step3 in-dev
P2574,1330,cancelled,2022-10-14,Transcontinental Gas Pipeline,Northeast Supply Enhancement Pipelines,Gas,Pennsylvania,New York,United States,United States,United States,Mapped route (at any accuracy),low,New York~offshore,New Jersey,New Jersey,START_MISMATCH,,,False,3,New York,Appalachian,cancelled,sheet/geometry,17,A5 appalachian-indev,step3 cancelled-review
P2575,1331,cancelled,2025-10-13,Empire Pipeline,Northern Access 2016 (NY to ON) Expansion Project,Gas,New York,New York,United States,United States,United States,Mapped route (at any accuracy),medium,New York,New York,New York,OK,,,False,1,New York,Appalachian,cancelled,sheet/geometry,16,A5 appalachian-indev,step3 cancelled-review
P2578,1333,operating,2025-09-17,Northern Natural Gas Pipeline,Northern Lights 2019 Expansion Project,Gas,Minnesota,Minnesota,United States,United States,United States,Mapped route (at any accuracy),medium,Minnesota,Minnesota,Minnesota,OK,,,False,1,Minnesota,West,op/idle,sheet/geometry,15,A7 west,B2 rest-operating
P2579,1334,operating,2025-09-17,Northern Natural Gas Pipeline,Main Line,Gas,Texas,"Illinois, Wisconsin, Minnesota, Michigan",United States,United States,United States,Mapped route (at any accuracy),very high (within meters),Kansas,Nebraska,"Illinois, Iowa, Kansas, Michigan, Minnesota, Nebraska, New Mexico, Oklahoma, South Dakota, Texas, Wisconsin",OK_INTERIOR,,,True,11,Texas,TX,op/idle,sheet/geometry,15,A4 tx-midcon-operating,B1 gulf-tx-operating
P2582,1335,cancelled,2025-10-13,Permian Pass Gas Pipeline,,Gas,Texas,Louisiana,United States,United States,United States,Unavailable (cannot find route),no route,,,,NO_ROUTE,,,False,2,Texas,TX,cancelled,sheet/geometry,18,A3 tx-indev,step3 cancelled-review
P2600,1339,proposed,2023-08-15,Transcontinental Gas Pipeline,Regional Energy Access Project (Phase I and II),Gas,Pennsylvania,New Jersey,United States,United States,United States,Mapped route (at any accuracy),low,Pennsylvania,Pennsylvania,Pennsylvania,END_MISMATCH,,,False,2,Pennsylvania,Appalachian,in-dev,sheet/geometry,15,A5 appalachian-indev,step3 in-dev
P2601,1340,operating,2025-06-24,Roadrunner Pipeline,Phase 2,Gas,Texas,Texas,United States,United States,United States,Capacity expansion only,no route,,,,NO_ROUTE,,,False,1,Texas,TX,op/idle,sheet/geometry,15,A4 tx-midcon-operating,B1 gulf-tx-operating
P2602,1341,cancelled,2025-06-24,Roadrunner Pipeline,Phase 3,Gas,Texas,Texas,United States,United States,United States,Capacity expansion only,no route,,,,NO_ROUTE,,,False,1,Texas,TX,cancelled,sheet/geometry,17,A3 tx-indev,step3 cancelled-review
P2603,1342,operating,2025-09-17,Northern Natural Gas Pipeline,Rochester Expansion Project,Gas,Minnesota,Minnesota,United States,United States,United States,Mapped route (at any accuracy),low,Minnesota,Minnesota,Minnesota,OK,,,False,1,Minnesota,West,op/idle,sheet/geometry,15,A7 west,B2 rest-operating
P2605,1344,proposed,2025-09-22,Sabal Trail Gas Transmission Pipeline,Project Phase III,Gas,Alabama,Florida,United States,United States,United States,Capacity expansion only,no route,,,,NO_ROUTE,,,False,2,Alabama,Gulf,in-dev,sheet/geometry,16,A1 gulf-indev,step3 in-dev
P2616,1350,cancelled,2025-06-26,South Jersey Gas Pipeline,,Gas,New Jersey,New Jersey,United States,United States,United States,Mapped route (at any accuracy),medium,New Jersey~offshore,New Jersey,New Jersey,OK,,,False,1,New Jersey,Appalachian,cancelled,sheet/geometry,17,A5 appalachian-indev,step3 cancelled-review
P2622,1352,cancelled,2022-10-06,Atlantic Coast Gas Pipeline,Supply Header Project,Gas,,,United States,United States,United States,Mapped route (at any accuracy),low,Pennsylvania,West Virginia,"Pennsylvania, West Virginia",BLANK_BOTH,,,False,2,Pennsylvania,Appalachian,cancelled,sheet/geometry,15,A5 appalachian-indev,step3 cancelled-review
P2625,1353,shelved,2025-06-05,Tioga to Emerson Pipeline,,Gas,North Dakota,Manitoba,United States,Canada,"United States, Canada",Mapped route (at any accuracy),medium,Manitoba,North Dakota,"Manitoba, Minnesota, North Dakota",OK,,,False,3,North Dakota,West,in-dev,sheet/geometry,17,A7 west,step3 in-dev
P2626,1354,cancelled,2025-09-20,Northwest Gas Pipeline,Trail West/N-MAX,Gas,Oregon,Oregon,United States,United States,United States,Mapped route (at any accuracy),medium,Oregon,Oregon,Oregon,OK,,,False,1,Oregon,West,cancelled,sheet/geometry,16,A7 west,step3 cancelled-review
P2628,1356,cancelled,2025-10-09,Tri-State Corridor Pipeline Project,,Gas,Pennsylvania,West Virgina,United States,United States,United States,Mapped route (at any accuracy),low,Pennsylvania,West Virginia,"Pennsylvania, West Virginia",OK,West Virgina->West Virginia,,False,2,Pennsylvania,Appalachian,cancelled,sheet/geometry,18,A5 appalachian-indev,step3 cancelled-review
P2637,1361,operating,2025-09-18,Gulf South Gas Pipeline,Willis Lateral Expansion Project,Gas,Texas,Texas,United States,United States,United States,Mapped route (at any accuracy),low,Texas,Texas,Texas,OK,,,False,1,Texas,TX,op/idle,sheet/geometry,14,A4 tx-midcon-operating,B1 gulf-tx-operating
P2643,1363,construction,2023-08-14,Delaware Link Gas Pipeline,,Gas,Texas,Texas,United States,United States,United States,Mapped route (at any accuracy),very low (straight line/schematic),Texas,Texas,Texas,OK,,,False,1,Texas,TX,in-dev,sheet/geometry,14,A3 tx-indev,step3 in-dev
P2651,1366,cancelled,2022-10-11,Iroquois Gas Pipeline,Wright Interconnect Expansion Project,Gas,New York,New York,United States,United States,United States,Capacity expansion only,no route,,,,NO_ROUTE,,,False,1,New York,Appalachian,cancelled,sheet/geometry,16,A5 appalachian-indev,step3 cancelled-review
P2734,1395,operating,2025-09-17,Northern Natural Gas Pipeline,Northern Lights 2017 Expansion Project,Gas,Minnesota,Minnesota,United States,United States,United States,Mapped route (at any accuracy),low,Minnesota,Minnesota,Minnesota,OK,,,False,1,Minnesota,West,op/idle,sheet/geometry,15,A7 west,B2 rest-operating
P2737,1396,shelved,2025-09-16,Delta Express Gas Pipeline,,Gas,Louisiana,Louisiana,United States,United States,United States,Mapped route (at any accuracy),medium,Louisiana,Louisiana,Louisiana,OK,,,False,1,Louisiana,Gulf,in-dev,sheet/geometry,17,A1 gulf-indev,step3 in-dev
P3160,1663,cancelled,2025-08-18,Concho-Progreso Gas Pipeline,,Gas,Texas,Nuevo León,United States,Mexico,"United States, Mexico",Mapped route (at any accuracy),medium,Texas,Nuevo León,"Nuevo León, Tamaulipas, Texas",OK,,,False,3,Texas,TX,cancelled,sheet/geometry,15,A3 tx-indev,step3 cancelled-review
P3169,1666,cancelled,2022-10-07,Eastern Gas Transmission and Storage System (EGTS),Mid-Atlantic Chiller Project,Gas,Pennsylvania,Virginia,United States,United States,United States,Capacity expansion only,no route,,,,NO_ROUTE,,,False,2,Pennsylvania,Appalachian,cancelled,sheet/geometry,15,A5 appalachian-indev,step3 cancelled-review
P3171,1668,operating,2025-06-02,Gas Transmission Northwest,GTN Xpress Expansion Project,Gas,Idaho,Oregon,United States,United States,United States,Capacity expansion only,no route,,,,NO_ROUTE,,,False,2,Idaho,West,op/idle,sheet/geometry,15,A7 west,B2 rest-operating
P3184,1675,cancelled,2023-09-14,Alliance Gas Pipeline,Capacity Expansion,Gas,Illinois,Illinois,Canada,United States,"Canada, United States",Capacity expansion only,no route,,,,NO_ROUTE,,,False,1,Illinois,Midcontinent,cancelled,sheet/geometry,16,A4 tx-midcon-operating,step3 cancelled-review
P3185,1676,operating,2025-06-02,Alliance Gas Pipeline,Three Rivers Interconnection Project,Gas,Illinois,Illinois,Canada,United States,United States,Not mapped (but could be — route or endpoints are known),no route,Illinois,Illinois,Illinois,OK,,,False,1,Illinois,Midcontinent,op/idle,sheet/geometry,15,A4 tx-midcon-operating,B1 gulf-tx-operating
P3186,1677,construction,2025-08-07,ANR Gas Pipeline,Grand Chenier XPress Project,Gas,Louisiana,Louisiana,United States,United States,United States,Capacity expansion only,no route,,,,NO_ROUTE,,,False,1,Louisiana,Gulf,in-dev,sheet/geometry,15,A1 gulf-indev,step3 in-dev
P3187,1678,proposed,2025-08-07,ANR Gas Pipeline,Wisconsin Access Project,Gas,Illinois,Wisconsin,United States,United States,United States,Capacity expansion only,no route,,,,NO_ROUTE,,,False,2,Illinois,Midcontinent,in-dev,sheet/geometry,15,A4 tx-midcon-operating,step3 in-dev
P3188,1679,operating,2025-09-22,Columbia Gas Transmission,East Lateral Xpress Project,Gas,Louisiana,Louisiana,United States,United States,United States,Mapped route (at any accuracy),medium,Louisiana~offshore,Louisiana~offshore,,OK,,,False,1,Louisiana,Gulf,op/idle,sheet/geometry,15,A2 gulf-se-operating,B1 gulf-tx-operating
P3189,1680,shelved,2025-09-16,Columbia Gas Transmission,Marysville Connector Pipeline,Gas,Ohio,Ohio,United States,United States,United States,Mapped route (at any accuracy),medium,,,,NO_ROUTE,,,False,1,Ohio,Appalachian,in-dev,sheet/geometry,17,A5 appalachian-indev,step3 in-dev
P3192,1682,cancelled,2022-10-11,Florida Gas Transmission Pipeline,Big Bend Project,Gas,Florida,Florida,United States,United States,United States,Not mapped (but could be — route or endpoints are known),no route,,,,NO_ROUTE,,,False,1,Florida,Gulf,cancelled,sheet/geometry,15,A1 gulf-indev,step3 cancelled-review
P3193,1683,operating,2024-08-15,Gator Express Gas Pipeline,Phase 2,Gas,,Louisiana,United States,United States,United States,Mapped route (at any accuracy),low,Louisiana,Louisiana~offshore,Louisiana,BLANK_START,,,False,1,Louisiana,Gulf,op/idle,sheet/geometry,14,A2 gulf-se-operating,B1 gulf-tx-operating
P3194,1684,operating,2025-09-18,Gulf South Gas Pipeline,Lamar County Expansion Project,Gas,Mississippi,Mississippi,United States,United States,United States,Not mapped (but could be — route or endpoints are known),no route,,,,NO_ROUTE,,,False,1,Mississippi,Gulf,op/idle,sheet/geometry,15,A2 gulf-se-operating,B1 gulf-tx-operating
P3196,1686,cancelled,2023-08-17,PennEast Gas Pipeline,Phase II,Gas,Pennsylvania,New Jersey,United States,United States,United States,Mapped route (at any accuracy),medium,Pennsylvania,New Jersey,"New Jersey, Pennsylvania",OK,,,False,2,Pennsylvania,Appalachian,cancelled,sheet/geometry,15,A5 appalachian-indev,step3 cancelled-review
P3197,1687,proposed,2025-09-24,Port Arthur Gas Pipeline,Louisiana Connector Amendment Project,Gas,Louisiana,Louisiana,United States,United States,United States,Capacity expansion only,no route,,,,NO_ROUTE,,,False,1,Louisiana,Gulf,in-dev,sheet/geometry,16,A1 gulf-indev,step3 in-dev
P3198,1688,proposed,2025-10-09,Port Arthur Gas Pipeline,Texas Connector,Gas,Texas,Louisiana,United States,United States,United States,Mapped route (at any accuracy),medium,Texas,Texas,Texas,END_MISMATCH,,,False,2,Texas,TX,in-dev,sheet/geometry,16,A3 tx-indev,step3 in-dev
P3199,1689,cancelled,2022-10-14,Transcontinental Gas Pipeline,Rivervale South to Market Expansion Project,Gas,,,United States,United States,United States,Not mapped (but could be — route or endpoints are known),no route,,,,NO_ROUTE,,,False,0,,Appalachian,cancelled,name (provisional),17,A5 appalachian-indev,step3 cancelled-review
P3200,1690,cancelled,2022-10-14,Transcontinental Gas Pipeline,VNG Interconnect,Gas,Virginia,Virginia,United States,United States,United States,Not mapped (but could be — route or endpoints are known),no route,,,,NO_ROUTE,,,False,1,Virginia,Appalachian,cancelled,sheet/geometry,17,A5 appalachian-indev,step3 cancelled-review
P3201,1691,proposed,2022-10-14,Transcontinental Gas Pipeline,Southeastern Trail Expansion Project,Gas,Virginia,Louisiana,United States,United States,United States,Not mapped (but could be — route or endpoints are known),no route,,,,NO_ROUTE,,,False,2,Virginia,Appalachian,in-dev,sheet/geometry,16,A5 appalachian-indev,step3 in-dev
P3279,1717,proposed,2025-09-24,Iroquois Gas Pipeline,Enhancement by Compression (ExC) Project,Gas,New York,New York,United States,United States,United States,Capacity expansion only,no route,,,,NO_ROUTE,,,False,1,New York,Appalachian,in-dev,sheet/geometry,15,A5 appalachian-indev,step3 in-dev
P3282,1719,construction,2025-10-06,Driftwood LNG Pipeline,Line 200 and Line 300 Expansion (Phase 1),Gas,Louisiana,Louisiana,United States,United States,United States,Mapped route (at any accuracy),medium,Louisiana,Louisiana,Louisiana,OK,,,False,1,Louisiana,Gulf,in-dev,sheet/geometry,16,A1 gulf-indev,step3 in-dev
P3294,1724,cancelled,2021-09-05,Point Comfort Pipeline,,Gas,Texas,Texas,United States,United States,United States,Mapped route (at any accuracy),very low (straight line/schematic),Texas,Texas,Texas,OK,,,False,1,Texas,TX,cancelled,sheet/geometry,15,A3 tx-indev,step3 cancelled-review
P3589,1823,construction,2025-09-26,CP Express Pipeline,,Gas,Texas,Louisiana,United States,United States,United States,Mapped route (at any accuracy),medium,Louisiana,Texas,"Louisiana, Texas",OK,,,False,2,Texas,TX,in-dev,sheet/geometry,17,A3 tx-indev,step3 in-dev
P3590,1824,shelved,2025-10-10,Port Arthur Gas Pipeline,Louisiana Connector Extension Project,Gas,Louisiana,Louisiana,United States,United States,United States,Mapped route (at any accuracy),medium,Louisiana,Louisiana,Louisiana,OK,,,False,1,Louisiana,Gulf,in-dev,sheet/geometry,18,A1 gulf-indev,step3 in-dev
P3663,1884,proposed,2022-07-14,Commonwealth LNG Pipeline,,Gas,,,United States,United States,United States,Not mapped (but could be — route or endpoints are known),no route,,,,NO_ROUTE,,,False,0,,Gulf,in-dev,name (provisional),14,A1 gulf-indev,step3 in-dev
P3664,1885,construction,2025-09-22,Trunkline Gas Pipeline,Pipeline Modifications Project (Lake Charles LNG),Gas,Mississippi,Louisiana,United States,United States,United States,Mapped route (at any accuracy),medium,Louisiana,Louisiana,Louisiana,START_MISMATCH,,,False,2,Louisiana,Gulf,in-dev,sheet/geometry,16,A1 gulf-indev,step3 in-dev
P3665,1886,proposed,2023-08-07,West Delta LNG Pipeline,,Gas,Louisiana,Louisiana,United States,United States,United States,Not mapped (but could be — route or endpoints are known),no route,,,,NO_ROUTE,,,False,1,Louisiana,Gulf,in-dev,sheet/geometry,14,A1 gulf-indev,step3 in-dev
P3666,1887,proposed,2023-08-07,Freeport LNG Terminal Pipeline,,Gas,,,United States,United States,United States,Not mapped (but could be — route or endpoints are known),no route,,,,NO_ROUTE,,,False,0,,TX,in-dev,name (provisional),15,A3 tx-indev,step3 in-dev
P3667,1888,proposed,2023-08-08,Valley Crossing Pipeline,Capacity Expansion,Gas,,,United States,United States,United States,Capacity expansion only,no route,,,,NO_ROUTE,,,False,0,,TX,in-dev,name (provisional),15,A3 tx-indev,step3 in-dev
P3669,1889,cancelled,2022-10-14,Transcontinental Gas Pipeline,Appalachian Connector,Gas,,,United States,United States,United States,Mapped route (at any accuracy),medium,West Virginia,Virginia,"Virginia, West Virginia",BLANK_BOTH,,,False,2,West Virginia,Appalachian,cancelled,sheet/geometry,17,A5 appalachian-indev,step3 cancelled-review
P3682,1891,proposed,2022-10-14,Whistler Pipeline,Midland Lateral Extension,Gas,,,United States,United States,United States,Not mapped (but could be — route or endpoints are known),no route,,,,NO_ROUTE,,,False,0,,TX,in-dev,name (provisional),14,A3 tx-indev,step3 in-dev
P3683,1892,operating,2025-02-03,Whistler Pipeline,Midland Lateral,Gas,,,United States,United States,United States,Mapped route (at any accuracy),very high (within meters),Texas,Texas,Texas,BLANK_BOTH,,,False,1,Texas,TX,op/idle,sheet/geometry,14,A4 tx-midcon-operating,B1 gulf-tx-operating
P3856,1898,operating,2024-04-23,Kern River Gas Pipeline,Delta Lateral,Gas,Utah,Utah,United States,United States,United States,Mapped route (at any accuracy),high,Utah,Utah,Utah,OK,,,False,1,Utah,West,op/idle,sheet/geometry,14,A7 west,B2 rest-operating
P3882,1899,operating,2025-02-03,Matterhorn Express Gas Pipeline,,Gas,Texas,Texas,United States,United States,United States,Mapped route (at any accuracy),very high (within meters),Texas,Texas,Texas,OK,,,False,1,Texas,TX,op/idle,sheet/geometry,15,A4 tx-midcon-operating,B1 gulf-tx-operating
P3884,1900,operating,2024-08-08,Permian Highway Pipeline,Capacity Expansion,Gas,Texas,Texas,United States,United States,United States,Not mapped (but could be — route or endpoints are known),no route,,,,NO_ROUTE,,,False,1,Texas,TX,op/idle,sheet/geometry,15,A4 tx-midcon-operating,B1 gulf-tx-operating
P3885,1901,construction,2025-09-24,Hugh Brinson Gas Pipeline,,Gas,Texas,Texas,United States,United States,United States,Mapped route (at any accuracy),medium,Texas,Texas,Texas,OK,,,False,1,Texas,TX,in-dev,sheet/geometry,16,A3 tx-indev,step3 in-dev
P3886,1902,construction,2025-09-18,Gulf Coast Express Pipeline,Capacity Expansion,Gas,Texas,Texas,United States,United States,United States,Capacity expansion only,no route,,,,NO_ROUTE,,,False,1,Texas,TX,in-dev,sheet/geometry,17,A3 tx-indev,step3 in-dev
P3887,1903,operating,2025-10-27,Whistler Pipeline,Mainline Capacity Expansion,Gas,Texas,Texas,United States,United States,United States,Capacity expansion only,no route,,,,NO_ROUTE,,,False,1,Texas,TX,op/idle,sheet/geometry,15,A4 tx-midcon-operating,B1 gulf-tx-operating
P3942,1948,operating,2025-09-17,Northern Natural Gas Pipeline,Northern Lights 2021 Expansion Project,Gas,Minnesota,Minnesota,United States,United States,United States,Mapped route (at any accuracy),medium,Minnesota,Minnesota,Minnesota,OK,,,False,1,Minnesota,West,op/idle,sheet/geometry,16,A7 west,B2 rest-operating
P3943,1949,operating,2025-09-17,Northern Natural Gas Pipeline,Northern Lights 2023 Expansion Project,Gas,Minnesota,Wisconsin,United States,United States,United States,Mapped route (at any accuracy),medium,Minnesota,Minnesota,"Minnesota, Wisconsin",OK,,,False,2,Minnesota,West,op/idle,sheet/geometry,16,A7 west,B2 rest-operating
P3969,1971,proposed,2023-08-08,Valley Crossing Pipeline,Texas LNG Lateral Extension,Gas,,,United States,United States,United States,Not mapped (but could be — route or endpoints are known),no route,,,,NO_ROUTE,,,False,0,,TX,in-dev,name (provisional),14,A3 tx-indev,step3 in-dev
P4059,2055,operating,2025-10-14,Florida Gas Transmission Pipeline,Mobile County Project,Gas,Mississippi,Alabama,United States,United States,United States,Capacity expansion only,no route,,,,NO_ROUTE,,,False,2,Mississippi,Gulf,op/idle,sheet/geometry,15,A2 gulf-se-operating,B1 gulf-tx-operating
P4070,2065,cancelled,2025-08-07,North Brooklyn Pipeline,,Gas,New York,New York,United States,United States,United States,Mapped route (at any accuracy),medium,New York,New York,New York,OK,,,False,1,New York,Appalachian,cancelled,sheet/geometry,17,A5 appalachian-indev,step3 cancelled-review
P4379,2349,proposed,2023-07-28,ADCC Pipeline,,Gas,Texas,Texas,United States,United States,United States,Not mapped (but could be — route or endpoints are known),no route,,,,NO_ROUTE,,,False,1,Texas,TX,in-dev,sheet/geometry,14,A3 tx-indev,step3 in-dev
P4380,2350,proposed,2025-08-07,ANR Gas Pipeline,Skunk River Replacement Project,Gas,Iowa,Iowa,United States,United States,United States,Not mapped (but could be — route or endpoints are known),no route,,,,NO_ROUTE,,,False,1,Iowa,Midcontinent,in-dev,sheet/geometry,15,A4 tx-midcon-operating,step3 in-dev
P4420,2356,proposed,2022-09-30,Carolina Gas Transmission,Moore–Dorchester Optimization Project,Gas,South Carolina,South Carolina,United States,United States,United States,Capacity expansion only,no route,,,,NO_ROUTE,,,False,1,South Carolina,Southeast,in-dev,sheet/geometry,14,A2 gulf-se-operating,step3 in-dev
P4446,2358,proposed,2022-10-06,Columbia Gas Transmission,Virginia Electrification Project,Gas,Virginia,Virginia,United States,United States,United States,Capacity expansion only,no route,,,,NO_ROUTE,,,False,1,Virginia,Appalachian,in-dev,sheet/geometry,14,A5 appalachian-indev,step3 in-dev
P4447,2359,shelved,2025-10-11,Columbia Gas Transmission,Northern Loop Project,Gas,Ohio,Ohio,United States,United States,United States,Mapped route (at any accuracy),medium,Ohio,Ohio,Ohio,OK,,,False,1,Ohio,Appalachian,in-dev,sheet/geometry,17,A5 appalachian-indev,step3 in-dev
P4448,2360,proposed,2022-10-06,Columbia Gas Transmission,Mainline 100 and Mainline 200 Replacement Project,Gas,Kentucky,Kentucky,United States,United States,United States,Not mapped (but could be — route or endpoints are known),no route,,,,NO_ROUTE,,,False,1,Kentucky,Southeast,in-dev,sheet/geometry,14,A2 gulf-se-operating,step3 in-dev
P4449,2361,proposed,2022-10-07,DTE Michigan Lateral Gas Pipeline,,Gas,Michigan,Michigan,United States,United States,United States,Not mapped (but could be — route or endpoints are known),no route,,,,NO_ROUTE,,,False,1,Michigan,Appalachian,in-dev,sheet/geometry,14,A5 appalachian-indev,step3 in-dev
P4450,2362,proposed,2022-10-07,DTE Michigan Lateral Gas Pipeline,Rogers City Connector,Gas,Michigan,Michigan,United States,United States,United States,Not mapped (but could be — route or endpoints are known),no route,,,,NO_ROUTE,,,False,1,Michigan,Appalachian,in-dev,sheet/geometry,14,A5 appalachian-indev,step3 in-dev
P4451,2363,proposed,2022-10-07,DTE Michigan Lateral Gas Pipeline,Norwalk Manistee Connector,Gas,Michigan,Michigan,United States,United States,United States,Not mapped (but could be — route or endpoints are known),no route,,,,NO_ROUTE,,,False,1,Michigan,Appalachian,in-dev,sheet/geometry,14,A5 appalachian-indev,step3 in-dev
P4452,2364,cancelled,2022-10-07,Eastern Gas Transmission and Storage System (EGTS),Morgantown Connector Project,Gas,West Virginia,West Virginia,United States,United States,United States,Not mapped (but could be — route or endpoints are known),no route,,,,NO_ROUTE,,,False,1,West Virginia,Appalachian,cancelled,sheet/geometry,15,A5 appalachian-indev,step3 cancelled-review
P4453,2365,construction,2022-10-11,Oasis Gas Pipeline,Modernization Project,Gas,Texas,Texas,United States,United States,United States,Capacity expansion only,no route,,,,NO_ROUTE,,,False,1,Texas,TX,in-dev,sheet/geometry,14,A3 tx-indev,step3 in-dev
P4454,2366,operating,2025-10-15,Ohio Valley Connector Expansion Project (OVCX),,Gas,Ohio,Ohio,United States,United States,United States,Mapped route (at any accuracy),high,West Virginia,West Virginia,West Virginia,START_MISMATCH,,,False,2,West Virginia,Appalachian,op/idle,sheet/geometry,15,A6 northeast-op-alaska,B2 rest-operating
P4455,2367,proposed,2025-09-16,Crow Creek Pipeline,,Gas,Idaho,Wyoming,United States,United States,United States,Mapped route (at any accuracy),medium,Idaho,Wyoming,"Idaho, Wyoming",OK,,,False,2,Idaho,West,in-dev,sheet/geometry,16,A7 west,step3 in-dev
P4456,2368,operating,2024-08-21,Mountain Valley Gas Pipeline (MVP),Greene Interconnect Project,Gas,,,United States,United States,United States,Capacity expansion only,no route,,,,NO_ROUTE,,,False,0,,Appalachian,op/idle,name (provisional),16,A6 northeast-op-alaska,B2 rest-operating
P4457,2369,proposed,2022-10-14,Lowman Pipeline,,Gas,Alabama,Alabama,United States,United States,United States,Not mapped (but could be — route or endpoints are known),no route,,,,NO_ROUTE,,,False,1,Alabama,Gulf,in-dev,sheet/geometry,14,A1 gulf-indev,step3 in-dev
P4458,2370,operating,2025-09-17,Northern Natural Gas Pipeline,A-Line Replacement Project,Gas,Iowa,Iowa,United States,United States,United States,Not mapped (but could be — route or endpoints are known),no route,,,,NO_ROUTE,,,False,1,Iowa,Midcontinent,op/idle,sheet/geometry,15,A4 tx-midcon-operating,B1 gulf-tx-operating
P4459,2371,operating,2025-09-17,Northern Natural Gas Pipeline,Lake City 1st Branch Line Abandonment and Capacity Replacement Project,Gas,Iowa,Iowa,United States,United States,United States,Mapped route (at any accuracy),medium,Iowa,Iowa,Iowa,OK,,,False,1,Iowa,Midcontinent,op/idle,sheet/geometry,15,A4 tx-midcon-operating,B1 gulf-tx-operating
P4460,2372,operating,2025-09-17,Northern Natural Gas Pipeline,C-Line Replacement Project,Gas,Iowa,Iowa,United States,United States,United States,Not mapped (but could be — route or endpoints are known),no route,,,,NO_ROUTE,,,False,1,Iowa,Midcontinent,op/idle,sheet/geometry,15,A4 tx-midcon-operating,B1 gulf-tx-operating
P4461,2373,operating,2025-09-17,Northern Natural Gas Pipeline,South Sioux City to Sioux Falls A-line Replacement Project,Gas,South Dakota,Nebraska,United States,United States,United States,Mapped route (at any accuracy),high,South Dakota,South Dakota,"Nebraska, South Dakota",OK,,,False,2,South Dakota,West,op/idle,sheet/geometry,16,A7 west,B2 rest-operating
P5101,2966,cancelled,2025-09-20,Northwest Gas Pipeline,Kalama Lateral Project,Gas,Washington,Washington,United States,United States,United States,Not mapped (but could be — route or endpoints are known),no route,,,,NO_ROUTE,,,False,1,Washington,West,cancelled,sheet/geometry,16,A7 west,step3 cancelled-review
P5113,2967,operating,2024-08-21,Louisiana Energy Access Project Pipeline,,Gas,Louisiana,Louisiana,United States,United States,United States,Mapped route (at any accuracy),medium,Louisiana,Louisiana,Louisiana,OK,,,False,1,Louisiana,Gulf,op/idle,sheet/geometry,14,A2 gulf-se-operating,B1 gulf-tx-operating
P5114,2968,operating,2024-08-21,Louisiana Energy Access Project Pipeline,Expansion Phase 1,Gas,Louisiana,Louisiana,United States,United States,United States,Capacity expansion only,no route,,,,NO_ROUTE,,,False,1,Louisiana,Gulf,op/idle,sheet/geometry,14,A2 gulf-se-operating,B1 gulf-tx-operating
P5115,2969,construction,2025-10-15,Louisiana Energy Gateway,,Gas,Louisiana,Louisiana,United States,United States,United States,Mapped route (at any accuracy),medium,Louisiana,Louisiana,Louisiana,OK,,,False,1,Louisiana,Gulf,in-dev,sheet/geometry,17,A1 gulf-indev,step3 in-dev
P5405,2995,cancelled,2023-07-12,North Brooklyn Gas Pipeline,,Gas,New York,New York,United States,United States,United States,Not mapped (but could be — route or endpoints are known),no route,,,,NO_ROUTE,,,False,1,New York,Appalachian,cancelled,sheet/geometry,14,A5 appalachian-indev,step3 cancelled-review
P5415,3003,operating,2024-08-15,Gator Express Gas Pipeline,Gator Express Meter Project (Line 40 Connection),Gas,Louisiana,Louisiana,United States,United States,United States,Not mapped (but could be — route or endpoints are known),no route,,,,NO_ROUTE,,,False,1,Louisiana,Gulf,op/idle,sheet/geometry,15,A2 gulf-se-operating,B1 gulf-tx-operating
P5416,3004,operating,2025-09-24,Gillis Access Project,Main Line,Gas,Louisiana,Louisiana,United States,United States,United States,Not mapped (but could be — route or endpoints are known),no route,,,,NO_ROUTE,,,False,1,Louisiana,Gulf,op/idle,sheet/geometry,15,A2 gulf-se-operating,B1 gulf-tx-operating
P5417,3005,operating,2025-10-15,New Generation Gas Gathering (NG3) Project,,Gas,Louisiana,Louisiana,United States,United States,United States,Mapped route (at any accuracy),medium,Louisiana,Louisiana,"Louisiana, Texas",OK,,,False,2,Louisiana,Gulf,op/idle,sheet/geometry,16,A2 gulf-se-operating,B1 gulf-tx-operating
P5509,3027,proposed,2023-07-20,Sabine Pass LNG Stage 5 Expansion Pipeline,,Gas,,,United States,United States,United States,Not mapped (but could be — route or endpoints are known),no route,,,,NO_ROUTE,,,False,0,,Gulf,in-dev,name (provisional),14,A1 gulf-indev,step3 in-dev
P5516,3034,proposed,2023-07-26,CE FLNG Terminal Pipelines,,Gas,Louisiana,Louisiana,United States,United States,United States,Not mapped (but could be — route or endpoints are known),no route,,,,NO_ROUTE,,,False,1,Louisiana,Gulf,in-dev,sheet/geometry,16,A1 gulf-indev,step3 in-dev
P5519,3036,proposed,2024-05-29,Texas Eastern Transmission (TETCO) Gas Pipeline,Venice Extension Project,Gas,Louisiana,Louisiana,United States,United States,United States,Not mapped (but could be — route or endpoints are known),no route,,,,NO_ROUTE,,,False,1,Louisiana,Gulf,in-dev,sheet/geometry,15,A1 gulf-indev,step3 in-dev
P5520,3037,operating,2025-09-22,Transcontinental Gas Pipeline,Texas to Louisiana Energy Pathway,Gas,Texas,Texas,United States,United States,United States,Capacity expansion only,no route,,,,NO_ROUTE,,,False,1,Texas,TX,op/idle,sheet/geometry,15,A4 tx-midcon-operating,B1 gulf-tx-operating
P5545,3062,proposed,2025-10-08,Western Massachusetts Natural Gas Reliability Project,,Gas,Massachusetts,Massachusetts,United States,United States,United States,Not mapped (but could be — route or endpoints are known),no route,,,,NO_ROUTE,,,False,1,Massachusetts,NewEngland,in-dev,sheet/geometry,16,A6 northeast-op-alaska,step3 in-dev
P5547,3064,operating,2025-10-14,ANR Gas Pipeline,Wisconsin Reliability Project,Gas,Wisconsin,Wisconsin,United States,United States,United States,Mapped route (at any accuracy),medium,Wisconsin,Illinois,"Illinois, Wisconsin",OK,,,False,2,Wisconsin,West,op/idle,sheet/geometry,15,A7 west,B2 rest-operating
P5548,3065,operating,2025-10-14,Florida Gas Transmission Pipeline,South Louisiana Project,Gas,Louisiana,Louisiana,United States,United States,United States,Capacity expansion only,no route,,,,NO_ROUTE,,,False,1,Louisiana,Gulf,op/idle,sheet/geometry,15,A2 gulf-se-operating,B1 gulf-tx-operating
P5600,3114,cancelled,2023-08-08,Tennessee Gas Pipeline,NGL Conversion Expansion Project,Gas,,,United States,United States,United States,Not mapped (but could be — route or endpoints are known),no route,,,,NO_ROUTE,,,False,0,,Southeast,cancelled,name (provisional),16,A2 gulf-se-operating,step3 cancelled-review
P5601,3115,cancelled,2023-08-08,Tennessee Gas Pipeline,Northeast Energy Direct Project,Gas,Pennsylvania,New York,United States,United States,United States,Not mapped (but could be — route or endpoints are known),no route,,,,NO_ROUTE,,,False,2,Pennsylvania,Appalachian,cancelled,sheet/geometry,16,A5 appalachian-indev,step3 cancelled-review
P5627,3140,construction,2025-09-22,East Tennessee Gas Pipeline,Ridgeline Expansion Project,Gas,Tennessee,Tennessee,United States,United States,United States,Mapped route (at any accuracy),medium,Tennessee,Tennessee,Tennessee,OK,,,False,1,Tennessee,Southeast,in-dev,sheet/geometry,15,A2 gulf-se-operating,step3 in-dev
P5664,3162,proposed,2025-10-13,Saguaro Connector Pipeline,Main Line,Gas,Texas,Texas,United States,United States,United States,Mapped route (at any accuracy),medium,Chihuahua,Texas,"Chihuahua, Texas",OK,,,False,2,Texas,TX,in-dev,sheet/geometry,16,A3 tx-indev,step3 in-dev
P5727,3220,proposed,2025-10-15,Double E Pipeline Project,Red Hills Lateral,Gas,New Mexico,New Mexico,United States,United States,United States,Mapped route (at any accuracy),medium,New Mexico,New Mexico,New Mexico,OK,,,False,1,New Mexico,West,in-dev,sheet/geometry,15,A7 west,step3 in-dev
P5832,3298,operating,2024-05-29,Texas Eastern Transmission (TETCO) Gas Pipeline,Texas Eastern Appalachia to Market (TEAM) 2012 Expansion,Gas,West Virginia,Pennsylvania,United States,United States,United States,Mapped route (at any accuracy),high,Pennsylvania,Pennsylvania,Pennsylvania,START_MISMATCH,,,False,2,Pennsylvania,Appalachian,op/idle,sheet/geometry,15,A6 northeast-op-alaska,B2 rest-operating
P5835,3301,operating,2024-05-29,Texas Eastern Transmission (TETCO) Gas Pipeline,Texas Eastern Appalachia to Market (TEAM) 2021 Expansion,Gas,Pennsylvania,Pennsylvania,United States,United States,United States,Capacity expansion only,no route,,,,NO_ROUTE,,,False,1,Pennsylvania,Appalachian,op/idle,sheet/geometry,15,A6 northeast-op-alaska,B2 rest-operating
P5881,3343,shelved,2023-09-01,Magnolia Intrastate Pipeline,Magnolia Extension,Gas,Mississippi,Alabama,United States,United States,United States,Not mapped (but could be — route or endpoints are known),no route,,,,NO_ROUTE,,,False,2,Mississippi,Gulf,in-dev,sheet/geometry,16,A1 gulf-indev,step3 in-dev
P5905,3362,proposed,2025-09-25,Matterhorn Express Gas Pipeline,Blackfin Pipeline,Gas,Texas,Texas,United States,United States,United States,Mapped route (at any accuracy),medium,Texas,Texas,Texas,OK,,,False,1,Texas,TX,in-dev,sheet/geometry,15,A3 tx-indev,step3 in-dev
P5926,3383,operating,2025-09-18,Gulf South Gas Pipeline,GS Southeast Expansion,Gas,Mississippi,Alabama,United States,United States,United States,Mapped route (at any accuracy),very low (straight line/schematic),Mississippi,Alabama,"Alabama, Mississippi",OK,,,False,2,Mississippi,Gulf,op/idle,sheet/geometry,15,A2 gulf-se-operating,B1 gulf-tx-operating
P5931,3388,proposed,2025-10-14,Apex Pipeline,,Gas,Texas,Texas,United States,United States,United States,Mapped route (at any accuracy),medium,Texas~offshore,Texas,Texas,OK,,,False,1,Texas,TX,in-dev,sheet/geometry,15,A3 tx-indev,step3 in-dev
P5932,3389,operating,2025-09-18,Gulf South Gas Pipeline,GS Texas to Mississippi Expansion,Gas,Louisiana,Mississippi,United States,United States,United States,Mapped route (at any accuracy),very low (straight line/schematic),Louisiana,Mississippi,"Louisiana, Mississippi",OK,,,False,2,Louisiana,Gulf,op/idle,sheet/geometry,15,A2 gulf-se-operating,B1 gulf-tx-operating
P5939,3396,operating,2025-09-18,Gulf South Gas Pipeline,GS Gulf Crossing Mississippi Loop,Gas,Mississippi,Mississippi,United States,United States,United States,Not mapped (but could be — route or endpoints are known),no route,,,,NO_ROUTE,,,False,1,Mississippi,Gulf,op/idle,sheet/geometry,15,A2 gulf-se-operating,B1 gulf-tx-operating
P5967,3421,operating,2025-09-18,Gulf South Gas Pipeline,GS Bastian Bay Extension,Gas,Louisiana,Louisiana,United States,United States,United States,Not mapped (but could be — route or endpoints are known),no route,,,,NO_ROUTE,,,False,1,Louisiana,Gulf,op/idle,sheet/geometry,15,A2 gulf-se-operating,B1 gulf-tx-operating
P5968,3422,operating,2025-09-18,Gulf South Gas Pipeline,Haynesville/Perryville Expansion,Gas,Louisiana,Louisiana,United States,United States,United States,Capacity expansion only,no route,,,,NO_ROUTE,,,False,1,Louisiana,Gulf,op/idle,sheet/geometry,15,A2 gulf-se-operating,B1 gulf-tx-operating
P5969,3423,operating,2025-09-18,Gulf South Gas Pipeline,Southeast Market Expansion,Gas,Mississippi,Alabama,United States,United States,United States,Not mapped (but could be — route or endpoints are known),no route,,,,NO_ROUTE,,,False,2,Mississippi,Gulf,op/idle,sheet/geometry,15,A2 gulf-se-operating,B1 gulf-tx-operating
P5974,3428,operating,2025-09-18,Gulf South Gas Pipeline,Mobile Compressor Expansion,Gas,Mississippi,Alabama,United States,United States,United States,Capacity expansion only,no route,,,,NO_ROUTE,,,False,2,Mississippi,Gulf,op/idle,sheet/geometry,15,A2 gulf-se-operating,B1 gulf-tx-operating
P5975,3429,operating,2025-09-18,Gulf South Gas Pipeline,GS Gulfstream Interconnect,Gas,Alabama,Alabama,United States,United States,United States,Not mapped (but could be — route or endpoints are known),no route,,,,NO_ROUTE,,,False,1,Alabama,Gulf,op/idle,sheet/geometry,15,A2 gulf-se-operating,B1 gulf-tx-operating
P5976,3430,operating,2025-09-18,Gulf South Gas Pipeline,Westlake Expansion Project,Gas,Louisiana,Louisiana,United States,United States,United States,Not mapped (but could be — route or endpoints are known),no route,,,,NO_ROUTE,,,False,1,Louisiana,Gulf,op/idle,sheet/geometry,15,A2 gulf-se-operating,B1 gulf-tx-operating
P5990,3444,cancelled,2025-07-07,VNG Interconnect,,Gas,Virginia,Virginia,United States,United States,United States,Mapped route (at any accuracy),low,Virginia,Virginia,Virginia,OK,,,False,1,Virginia,Appalachian,cancelled,sheet/geometry,16,A5 appalachian-indev,step3 cancelled-review
P6004,3456,shelved,2023-09-13,Chickahominy Pipeline,,Gas,Virginia,Virginia,United States,United States,United States,Mapped route (at any accuracy),very low (straight line/schematic),Virginia,Virginia,Virginia,OK,,,False,1,Virginia,Appalachian,in-dev,sheet/geometry,16,A5 appalachian-indev,step3 in-dev
P6008,3460,cancelled,2025-06-05,Empire Pipeline,Northern Access 2016 (PA to NY) Expansion Project,Gas,Pennsylvania,New York,United States,United States,United States,Mapped route (at any accuracy),medium,New York,Pennsylvania,"New York, Pennsylvania",OK,,,False,2,Pennsylvania,Appalachian,cancelled,sheet/geometry,16,A5 appalachian-indev,step3 cancelled-review
P6011,3462,proposed,2025-10-13,Algonquin Gas Transmission Pipeline,Project Maple,Gas,,,United States,United States,United States,Unavailable (cannot find route),no route,,,,NO_ROUTE,,,False,0,,NewEngland,in-dev,name (provisional),15,A6 northeast-op-alaska,step3 in-dev
P6233,3493,operating,2024-04-01,SoCalGas Pipeline,,Gas,California ,California,United States,United States,United States,Mapped route (at any accuracy),high,California,California,California,OK,,,False,1,California,West,op/idle,sheet/geometry,15,A7 west,B2 rest-operating
P6250,3508,operating,2024-04-08,Pacific Gas & Electric Pipeline ,,Gas,California ,California,United States,United States,United States,Mapped route (at any accuracy),very high (within meters),California,California,California,OK,,,False,1,California,West,op/idle,sheet/geometry,15,A7 west,B2 rest-operating
P6531,3509,proposed,2025-10-13,DeLa Express Pipeline,,Gas,Texas,Louisiana,United States,United States,United States,Not mapped (but could be — route or endpoints are known),no route,Texas,Louisiana,"Louisiana, Texas",OK,,,False,2,Texas,TX,in-dev,sheet/geometry,16,A3 tx-indev,step3 in-dev
P6533,3511,operating,2024-05-28,Columbia Gulf Transmission Pipeline,,Gas,,,United States,United States,United States,Mapped route (at any accuracy),high,Louisiana,Louisiana,"Kentucky, Louisiana, Mississippi, Tennessee",BLANK_BOTH,,,False,4,Louisiana,Gulf,op/idle,sheet/geometry,15,A2 gulf-se-operating,B1 gulf-tx-operating
P6534,3512,proposed,2024-07-11,Point Thomson Unit Gas Transmission Pipeline,,Gas,Alaska,Alaska,United States,United States,United States,Mapped route (at any accuracy),medium,Alaska,Alaska,Alaska,OK,,,False,1,Alaska,Alaska,in-dev,sheet/geometry,18,A6 northeast-op-alaska,step3 in-dev
P6584,3542,idle,2025-08-07,ANR Gas Pipeline,Offshore Grand Chenier System,Gas,Gulf of Mexico ,Louisiana,United States,United States,United States,Mapped route (at any accuracy),high,Louisiana,,Louisiana,START_MISMATCH,,,False,2,Louisiana,Gulf,op/idle,sheet/geometry,16,A2 gulf-se-operating,B1 gulf-tx-operating
P6773,3680,operating,2024-08-21,Louisiana Energy Access Project Pipeline,Expansion Phase 2,Gas,Louisiana,Louisiana,United States,United States,United States,Capacity expansion only,no route,,,,NO_ROUTE,,,False,1,Louisiana,Gulf,op/idle,sheet/geometry,14,A2 gulf-se-operating,B1 gulf-tx-operating
P6842,3707,operating,2024-08-21,Louisiana Energy Access Project Pipeline,Expansion Phase 3,Gas,Louisiana,Louisiana,United States,United States,United States,Capacity expansion only,no route,,,,NO_ROUTE,,,False,1,Louisiana,Gulf,op/idle,sheet/geometry,14,A2 gulf-se-operating,B1 gulf-tx-operating
P6843,3708,construction,2025-09-24,Louisiana Energy Access Project Pipeline,Expansion Phase 4,Gas,Louisiana,Louisiana,United States,United States,United States,Capacity expansion only,no route,,,,NO_ROUTE,,,False,1,Louisiana,Gulf,in-dev,sheet/geometry,14,A1 gulf-indev,step3 in-dev
P6878,3720,operating,2024-09-04,National Fuel Gas Supply Corporation Gas Pipeline,Main Line,Gas,,,United States,United States,United States,Mapped route (at any accuracy),high,Pennsylvania,Pennsylvania,"New York, Ohio, Pennsylvania",BLANK_BOTH,,,False,3,Pennsylvania,Appalachian,op/idle,sheet/geometry,15,A6 northeast-op-alaska,B2 rest-operating
P6895,3734,operating,2024-09-09,Equitrans Gas Pipeline,Equitrans Mainline,Gas,,,United States,United States,United States,Mapped route (at any accuracy),high,West Virginia,Pennsylvania,"Pennsylvania, West Virginia",BLANK_BOTH,,,False,2,West Virginia,Appalachian,op/idle,sheet/geometry,15,A6 northeast-op-alaska,B2 rest-operating
P6896,3735,operating,2024-09-09,Equitrans Gas Pipeline,Equitrans Allenghy Valley Connector,Gas,,,United States,United States,United States,Mapped route (at any accuracy),high,,,,NO_ROUTE,,,False,0,,Appalachian,op/idle,name (provisional),15,A6 northeast-op-alaska,B2 rest-operating
P6897,3736,operating,2024-09-09,Equitrans Gas Pipeline,Ohio Valley Connector,Gas,,,United States,United States,United States,Mapped route (at any accuracy),high,Ohio,West Virginia,"Ohio, West Virginia",BLANK_BOTH,,,False,2,Ohio,Appalachian,op/idle,sheet/geometry,15,A6 northeast-op-alaska,B2 rest-operating
P6898,3737,operating,2025-09-19,MountainWest Gas Pipeline,Main Line,Gas,,,United States,United States,United States,Mapped route (at any accuracy),high,Utah,Utah,"Colorado, Utah, Wyoming",BLANK_BOTH,,,False,3,Utah,West,op/idle,sheet/geometry,15,A7 west,B2 rest-operating
P6899,3738,operating,2025-09-19,MountainWest Gas Pipeline,Overthrust Gas Pipeline,Gas,Wyoming,Wyoming,United States,United States,United States,Mapped route (at any accuracy),high,Wyoming,Wyoming,Wyoming,OK,,,False,1,Wyoming,West,op/idle,sheet/geometry,15,A7 west,B2 rest-operating
P6900,3739,operating,2024-09-09,Cimarron River Gas Pipeline,,Gas,,,United States,United States,United States,Mapped route (at any accuracy),high,Texas,Kansas,"Kansas, Oklahoma, Texas",BLANK_BOTH,,,False,3,Texas,TX,op/idle,sheet/geometry,14,A4 tx-midcon-operating,B1 gulf-tx-operating
P7106,3775,proposed,2024-10-17,Cumberland Gas Pipeline,,Gas,,,United States,United States,United States,Not mapped (but could be — route or endpoints are known),no route,,,,NO_ROUTE,,,False,0,,Southeast,in-dev,name (provisional),15,A2 gulf-se-operating,step3 in-dev
P7108,3776,proposed,2025-09-18,Transcontinental Gas Pipeline,Southeast Supply Enhancement Project,Gas,Virginia,North Carolina,United States,United States,United States,Mapped route (at any accuracy),medium,North Carolina,North Carolina,"North Carolina, Virginia",OK_INTERIOR,,,False,2,Virginia,Appalachian,in-dev,sheet/geometry,15,A5 appalachian-indev,step3 in-dev
P7109,3777,operating,2025-02-03,Agua Blanca Pipeline,Targa Red Hills Interconnect,Gas,New Mexico,Texas,United States,United States,United States,Mapped route (at any accuracy),very high (within meters),,,,NO_ROUTE,,,False,2,New Mexico,West,op/idle,sheet/geometry,15,A7 west,B2 rest-operating
P7125,3793,operating,2025-06-13,Centra Pipeline,,Gas,Manitoba,Ontario,Canada,Canada,"Canada, United States",Mapped route (at any accuracy),medium,Manitoba,Ontario,"Manitoba, Minnesota, Ontario",OK,,,False,3,Manitoba,CrossBorder,op/idle,sheet/geometry,15,A7 west,B2 rest-operating
P7450,3836,operating,2025-07-18,Kenai Beluga Pipeline,Beluga Pipeline,Gas,Alaska,Alaska,United States,United States,United States,Mapped route (at any accuracy),medium,Alaska,Alaska~offshore,Alaska,OK,,,False,1,Alaska,Alaska,op/idle,sheet/geometry,15,A6 northeast-op-alaska,B2 rest-operating
P7453,3839,operating,2025-07-18,Kenai Beluga Pipeline,Kenai Nikiski Pipeline,Gas,Alaska,Alaska,United States,United States,United States,Mapped route (at any accuracy),medium,Alaska,Alaska,Alaska,OK,,,False,1,Alaska,Alaska,op/idle,sheet/geometry,15,A6 northeast-op-alaska,B2 rest-operating
P7454,3840,operating,2025-07-18,Kenai Beluga Pipeline,Kenai Kachemak Pipeline,Gas,Alaska,Alaska,United States,United States,United States,Mapped route (at any accuracy),medium,Alaska,Alaska,Alaska,OK,,,False,1,Alaska,Alaska,op/idle,sheet/geometry,15,A6 northeast-op-alaska,B2 rest-operating
P7455,3841,operating,2025-07-18,Kenai Beluga Pipeline,Cook Inlet Gas Gathering System,Gas,Alaska,Alaska,United States,United States,United States,Not mapped (but could be — route or endpoints are known),no route,,,,NO_ROUTE,,,False,1,Alaska,Alaska,op/idle,sheet/geometry,15,A6 northeast-op-alaska,B2 rest-operating
P7456,3842,operating,2025-07-20,Kenai-Anchorage Gas Pipeline,,Gas,Alaska,Alaska,United States,United States,United States,Mapped route (at any accuracy),medium,Alaska~offshore,Alaska,Alaska,OK,,,False,1,Alaska,Alaska,op/idle,sheet/geometry,15,A6 northeast-op-alaska,B2 rest-operating
P7458,3844,operating,2025-07-20,Beluga Pipeline,,Gas,Alaska,Alaska,United States,United States,United States,Mapped route (at any accuracy),medium,Alaska,Alaska,Alaska,OK,,,False,1,Alaska,Alaska,op/idle,sheet/geometry,15,A6 northeast-op-alaska,B2 rest-operating
P7461,3847,operating,2025-07-20,Tyonek Gas Pipeline,,Gas,Alaska,Alaska,United States,United States,United States,Mapped route (at any accuracy),medium,Alaska,Alaska,Alaska,OK,,,False,1,Alaska,Alaska,op/idle,sheet/geometry,15,A6 northeast-op-alaska,B2 rest-operating
P7462,3848,operating,2025-07-20,Nuiqsut Natural Gas Pipeline,,Gas,Alaska,Alaska,United States,United States,United States,Mapped route (at any accuracy),medium,Alaska,Alaska,Alaska,OK,,,False,1,Alaska,Alaska,op/idle,sheet/geometry,15,A6 northeast-op-alaska,B2 rest-operating
P7463,3849,operating,2025-07-21,Northstar Gas Pipeline,,Gas,Alaska,Alaska,United States,United States,United States,Mapped route (at any accuracy),medium,Alaska~offshore,Alaska,Alaska,OK,,,False,1,Alaska,Alaska,op/idle,sheet/geometry,15,A6 northeast-op-alaska,B2 rest-operating
P7464,3850,operating,2025-07-21,Anchorage System Gas Pipeline,,Gas,Alaska,Alaska,United States,United States,United States,Mapped route (at any accuracy),medium,Alaska,Alaska,Alaska,OK,,,False,1,Alaska,Alaska,op/idle,sheet/geometry,15,A6 northeast-op-alaska,B2 rest-operating
P7465,3851,operating,2025-07-21,Trans-Alaska Gas Pipeline,,Gas,Alaska,Alaska,United States,United States,United States,Mapped route (at any accuracy),medium,Alaska,Alaska,Alaska,OK,,,False,1,Alaska,Alaska,op/idle,sheet/geometry,15,A6 northeast-op-alaska,B2 rest-operating
P7769,4149,proposed,2025-10-06,Driftwood LNG Pipeline,Line 200 and Line 300 Expansion (Phase 3),Gas,Louisiana,Louisiana,United States,United States,United States,Capacity expansion only,no route,,,,NO_ROUTE,,,False,1,Louisiana,Gulf,in-dev,sheet/geometry,16,A1 gulf-indev,step3 in-dev
P7770,4150,proposed,2025-10-06,Driftwood LNG Pipeline,Line 200 and Line 300 Expansion (Phase 2),Gas,Louisiana,Louisiana,United States,United States,United States,Mapped route (at any accuracy),medium,Louisiana,Louisiana,Louisiana,OK,,,False,1,Louisiana,Gulf,in-dev,sheet/geometry,16,A1 gulf-indev,step3 in-dev
P7771,4151,proposed,2025-09-17,Northern Natural Gas Pipeline,Tarzan Compressor Station Project,Gas,Texas,Texas,United States,United States,United States,Capacity expansion only,no route,,,,NO_ROUTE,,,False,1,Texas,TX,in-dev,sheet/geometry,14,A3 tx-indev,step3 in-dev
P7772,4152,construction,2025-09-17,Northern Natural Gas Pipeline,Northern Lights 2025 Expansion,Gas,Minnesota,Wisconsin,United States,United States,United States,Mapped route (at any accuracy),medium,Minnesota,Wisconsin,"Minnesota, Wisconsin",OK,,,False,2,Minnesota,West,in-dev,sheet/geometry,15,A7 west,step3 in-dev
P7779,4159,proposed,2025-09-18,Trident Gas Pipeline,,Gas,Texas,Texas,United States,United States,United States,Mapped route (at any accuracy),medium,Texas,Texas,Texas,OK,,,False,1,Texas,TX,in-dev,sheet/geometry,15,A3 tx-indev,step3 in-dev
P7780,4160,proposed,2025-09-18,Gulf South Gas Pipeline,PLUSS Project,Gas,Louisiana,Louisiana,United States,United States,United States,Not mapped (but could be — route or endpoints are known),no route,,,,NO_ROUTE,,,False,1,Louisiana,Gulf,in-dev,sheet/geometry,15,A1 gulf-indev,step3 in-dev
P7782,4162,proposed,2025-09-18,Intensity Gas Pipeline,Phase I,Gas,North Dakota,North Dakota,United States,United States,United States,Mapped route (at any accuracy),medium,North Dakota,North Dakota,North Dakota,OK,,,False,1,North Dakota,West,in-dev,sheet/geometry,15,A7 west,step3 in-dev
P7783,4163,proposed,2025-09-18,Intensity Gas Pipeline,Phase II,Gas,North Dakota,North Dakota,United States,United States,United States,Mapped route (at any accuracy),medium,North Dakota,North Dakota,North Dakota,OK,,,False,1,North Dakota,West,in-dev,sheet/geometry,15,A7 west,step3 in-dev
P7784,4164,proposed,2025-09-18,Gulf South Gas Pipeline,Eunice Reliability and Lake Charles Supply Project,Gas,Louisiana,Louisiana,United States,United States,United States,Capacity expansion only,no route,,,,NO_ROUTE,,,False,1,Louisiana,Gulf,in-dev,sheet/geometry,15,A1 gulf-indev,step3 in-dev
P7785,4165,construction,2025-09-19,MountainWest Gas Pipeline,Westbound Compression Expansion Project,Gas,Wyoming,Wyoming,United States,United States,United States,Capacity expansion only,no route,,,,NO_ROUTE,,,False,1,Wyoming,West,in-dev,sheet/geometry,15,A7 west,step3 in-dev
P7790,4170,proposed,2025-09-20,Northwest Gas Pipeline,Kelso-Beaver Reliability Project,Gas,Oregon,Washington,United States,United States,United States,Capacity expansion only,no route,,,,NO_ROUTE,,,False,2,Oregon,West,in-dev,sheet/geometry,14,A7 west,step3 in-dev
P7792,4172,operating,2025-09-22,Transcontinental Gas Pipeline,Southeast Energy Connector Project,Gas,Alabama,Alabama,United States,United States,United States,Mapped route (at any accuracy),high,Alabama,Alabama,Alabama,OK,,,False,1,Alabama,Gulf,op/idle,sheet/geometry,15,A2 gulf-se-operating,B1 gulf-tx-operating
P7793,4173,proposed,2025-09-22,ANR Gas Pipeline,Heartland Project,Gas,Illinois,Wisconsin,United States,United States,United States,Mapped route (at any accuracy),medium,Wisconsin,Illinois,"Illinois, Wisconsin",OK,,,False,2,Illinois,Midcontinent,in-dev,sheet/geometry,15,A4 tx-midcon-operating,step3 in-dev
P7794,4174,proposed,2025-09-22,Texas Gas Transmission Pipeline,Borealis Project,Gas,Ohio,Ohio,United States,United States,United States,Mapped route (at any accuracy),low,,,,NO_ROUTE,,,False,1,Ohio,Appalachian,in-dev,sheet/geometry,15,A5 appalachian-indev,step3 in-dev
P7796,4176,proposed,2025-09-22,Traverse Gas Pipeline,,Gas,Texas,Texas,United States,United States,United States,Mapped route (at any accuracy),medium,Texas,Texas,Texas,OK,,,False,1,Texas,TX,in-dev,sheet/geometry,15,A3 tx-indev,step3 in-dev
P7797,4177,proposed,2025-09-22,Creole Trail Pipeline,CPTL Expansion Project,Gas,Louisiana,Louisiana,United States,United States,United States,Capacity expansion only,no route,,,,NO_ROUTE,,,False,1,Louisiana,Gulf,in-dev,sheet/geometry,15,A1 gulf-indev,step3 in-dev
P7798,4178,proposed,2025-09-22,Sabine Crossing Gas Pipeline,,Gas,Texas,Louisiana,United States,United States,United States,Mapped route (at any accuracy),medium,Texas,Louisiana,"Louisiana, Texas",OK,,,False,2,Texas,TX,in-dev,sheet/geometry,15,A3 tx-indev,step3 in-dev
P7800,4180,proposed,2025-09-22,Transcontinental Gas Pipeline,Power Express Project,Gas,Virginia,Virginia,United States,United States,United States,Capacity expansion only,no route,,,,NO_ROUTE,,,False,1,Virginia,Appalachian,in-dev,sheet/geometry,15,A5 appalachian-indev,step3 in-dev
P7801,4181,proposed,2025-09-23,Rover Pipeline,Bulger and Harmon Creek Expansion,Gas,Pennsylvania,Pennsylvania,United States,United States,United States,Capacity expansion only,no route,,,,NO_ROUTE,,,False,1,Pennsylvania,Appalachian,in-dev,sheet/geometry,15,A5 appalachian-indev,step3 in-dev
P7802,4182,proposed,2025-09-23,Tennessee Gas Pipeline,Mississippi Crossing (MSX),Gas,Mississippi,Alabama,United States,United States,United States,Mapped route (at any accuracy),medium,Mississippi,Mississippi,"Alabama, Mississippi",OK,,,False,2,Mississippi,Gulf,in-dev,sheet/geometry,15,A1 gulf-indev,step3 in-dev
P7805,4185,construction,2025-09-24,Transcontinental Gas Pipeline,Alabama Georgia Connector Project,Gas,Alabama,Georgia,United States,United States,United States,Capacity expansion only,no route,,,,NO_ROUTE,,,False,2,Alabama,Gulf,in-dev,sheet/geometry,15,A1 gulf-indev,step3 in-dev
P7806,4186,proposed,2025-09-24,Aspire Energy Express Gas Pipeline,,Gas,Ohio,Ohio,United States,United States,United States,Unavailable (cannot find route),no route,,,,NO_ROUTE,,,False,1,Ohio,Appalachian,in-dev,sheet/geometry,14,A5 appalachian-indev,step3 in-dev
P7807,4187,proposed,2025-09-24,Gillis Access Project,Extension,Gas,Louisiana,Louisiana,United States,United States,United States,Not mapped (but could be — route or endpoints are known),no route,,,,NO_ROUTE,,,False,1,Louisiana,Gulf,in-dev,sheet/geometry,15,A1 gulf-indev,step3 in-dev
P7808,4188,proposed,2025-09-24,Transcontinental Gas Pipeline,Gillis West,Gas,Louisiana,Louisiana,United States,United States,United States,Capacity expansion only,no route,,,,NO_ROUTE,,,False,1,Louisiana,Gulf,in-dev,sheet/geometry,15,A1 gulf-indev,step3 in-dev
P7809,4189,operating,2025-09-25,East Tennessee Gas Pipeline,System Alignment Project,Gas,Tennessee,Virginia,United States,United States,United States,Mapped route (at any accuracy),medium,Tennessee,Virginia,"Tennessee, Virginia",OK,,,False,2,Tennessee,Southeast,op/idle,sheet/geometry,15,A2 gulf-se-operating,B1 gulf-tx-operating
P7810,4190,proposed,2025-09-25,Gulf South Gas Pipeline,Kosci Junction Project,Gas,Mississippi,Mississippi,United States,United States,United States,Mapped route (at any accuracy),medium,,,,NO_ROUTE,,,False,1,Mississippi,Gulf,in-dev,sheet/geometry,15,A1 gulf-indev,step3 in-dev
P7811,4191,proposed,2025-09-25,TTC Connector Gas Pipeline,,Gas,Texas,Texas,United States,United States,United States,Mapped route (at any accuracy),medium,,,,NO_ROUTE,,,False,1,Texas,TX,in-dev,sheet/geometry,15,A3 tx-indev,step3 in-dev
P7812,4192,proposed,2025-09-26,Northwest Gas Pipeline,Wild Trail Project,Gas,Utah,Utah,United States,United States,United States,Capacity expansion only,no route,,,,NO_ROUTE,,,False,1,Utah,West,in-dev,sheet/geometry,15,A7 west,step3 in-dev
P7813,4193,proposed,2025-09-26,Texas Eastern Transmission (TETCO) Gas Pipeline,Appalachia to Market III Project,Gas,Delaware,Pennsylvania,United States,United States,United States,Capacity expansion only,no route,,,,NO_ROUTE,,,False,2,Delaware,Appalachian,in-dev,sheet/geometry,15,A5 appalachian-indev,step3 in-dev
P7814,4194,proposed,2025-09-26,Transcontinental Gas Pipeline,Decatur Lateral Project,Gas,Illinois,Illinois,United States,United States,United States,Not mapped (but could be — route or endpoints are known),no route,,,,NO_ROUTE,,,False,1,Illinois,Midcontinent,in-dev,sheet/geometry,15,A4 tx-midcon-operating,step3 in-dev
P7815,4195,proposed,2025-09-26,Gulf South Gas Pipeline,Southeast Compression Utility and Reliability Expansion Project,Gas,Mississippi,Louisiana,United States,United States,United States,Capacity expansion only,no route,,,,NO_ROUTE,,,False,2,Mississippi,Gulf,in-dev,sheet/geometry,15,A1 gulf-indev,step3 in-dev
P7820,4200,operating,2025-10-13,Algonquin Gas Transmission Pipeline,Atlantic Bridge Project Phase I,Gas,,,United States,United States,United States,Not mapped (but could be — route or endpoints are known),no route,,,,NO_ROUTE,,,False,0,,NewEngland,op/idle,name (provisional),15,A6 northeast-op-alaska,B2 rest-operating
P7821,4201,operating,2025-10-13,Algonquin Gas Transmission Pipeline,Atlantic Bridge Project Phase II,Gas,,,United States,United States,United States,Not mapped (but could be — route or endpoints are known),no route,,,,NO_ROUTE,,,False,0,,NewEngland,op/idle,name (provisional),15,A6 northeast-op-alaska,B2 rest-operating
P7822,4202,proposed,2025-10-13,Saguaro Connector Pipeline,Lateral,Gas,Texas,Chihuahua,United States,Mexico,"United States, Mexico",Not mapped (but could be — route or endpoints are known),no route,,,,NO_ROUTE,,,False,2,Texas,TX,in-dev,sheet/geometry,15,A3 tx-indev,step3 in-dev
P7823,4203,construction,2025-10-14,Spring Creek Gas Infrastructure Expansion Project,Backbone,Gas,Nevada,Nevada,United States,United States,United States,Mapped route (at any accuracy),medium,Nevada,Nevada,Nevada,OK,,,False,1,Nevada,West,in-dev,sheet/geometry,15,A7 west,step3 in-dev
P7824,4204,proposed,2025-10-14,Florida Gas Transmission Pipeline,South Central Louisiana Project,Gas,Louisiana,Louisiana,United States,United States,United States,Capacity expansion only,no route,,,,NO_ROUTE,,,False,1,Louisiana,Gulf,in-dev,sheet/geometry,15,A1 gulf-indev,step3 in-dev
P7825,4205,proposed,2025-10-14,Eastern Gas Transmission and Storage System (EGTS),Capital Area Project,Gas,,,United States,United States,United States,Capacity expansion only,no route,,,,NO_ROUTE,,,False,0,,Appalachian,in-dev,name (provisional),15,A5 appalachian-indev,step3 in-dev
P7826,4206,proposed,2025-10-14,Southern Star Central Gas Pipeline,Cedar Vale Compressor Station Project,Gas,Oklahoma,Oklahoma,United States,United States,United States,Capacity expansion only,no route,,,,NO_ROUTE,,,False,1,Oklahoma,Midcontinent,in-dev,sheet/geometry,15,A4 tx-midcon-operating,step3 in-dev
P7827,4207,proposed,2025-10-14,National Fuel Gas Supply Corporation Gas Pipeline,Tioga Pathway Expansion,Gas,Pennsylvania,Pennsylvania,United States,United States,United States,Mapped route (at any accuracy),medium,Pennsylvania,Pennsylvania,Pennsylvania,OK,,,False,1,Pennsylvania,Appalachian,in-dev,sheet/geometry,15,A5 appalachian-indev,step3 in-dev
P7828,4208,construction,2025-10-14,Blackcomb Pipeline,Main Line,Gas,Texas,Texas,United States,United States,United States,Mapped route (at any accuracy),medium,Texas,Texas,Texas,OK,,,False,1,Texas,TX,in-dev,sheet/geometry,16,A3 tx-indev,step3 in-dev
P7829,4209,proposed,2025-10-15,Mountain Valley Gas Pipeline (MVP),Interconnect Expansion,Gas,,,United States,United States,United States,Capacity expansion only,no route,,,,NO_ROUTE,,,False,0,,Appalachian,in-dev,name (provisional),15,A5 appalachian-indev,step3 in-dev
P7830,4210,cancelled,2025-10-15,Double E Pipeline Project,Original Proposal (Oil Pipeline),Oil,New Mexico,New Mexico,United States,United States,United States,Not mapped (but could be — route or endpoints are known),no route,,,,NO_ROUTE,,,False,1,New Mexico,West,cancelled,sheet/geometry,16,A7 west,step3 cancelled-review
P7831,4211,construction,2025-10-16,Pelican Pipeline,,Gas,Louisiana,Louisiana,United States,United States,United States,Mapped route (at any accuracy),medium,Louisiana,Louisiana,Louisiana,OK,,,False,1,Louisiana,Gulf,in-dev,sheet/geometry,16,A1 gulf-indev,step3 in-dev
P7832,4212,proposed,2025-10-16,Natural Gas Pipeline Company of America System,Texas-Louisiana Expansion Project,Gas,Louisiana,Louisiana,United States,United States,United States,Capacity expansion only,no route,,,,NO_ROUTE,,,False,1,Louisiana,Gulf,in-dev,sheet/geometry,15,A1 gulf-indev,step3 in-dev
P7833,4213,proposed,2025-10-16,South Mississippi Project,,Gas,,,United States,United States,United States,Unavailable (cannot find route),no route,,,,NO_ROUTE,,,False,0,,Gulf,in-dev,name (provisional),15,A1 gulf-indev,step3 in-dev
P7834,4214,proposed,2025-10-16,Mustang Express Pipeline,Mainline,Gas,,,United States,United States,United States,Mapped route (at any accuracy),medium,Texas,Texas,Texas,BLANK_BOTH,,,False,1,Texas,TX,in-dev,sheet/geometry,17,A3 tx-indev,step3 in-dev
P7835,4215,proposed,2025-10-16,Mustang Express Pipeline,Cougar Lateral,Gas,,,United States,United States,United States,Mapped route (at any accuracy),medium,Texas,Texas,Texas,BLANK_BOTH,,,False,1,Texas,TX,in-dev,sheet/geometry,17,A3 tx-indev,step3 in-dev
P7836,4216,proposed,2025-10-16,Mustang Express Pipeline,Golden Triangle/Spindletop Storage Lateral,Gas,,,United States,United States,United States,Mapped route (at any accuracy),medium,Texas,Texas,Texas,BLANK_BOTH,,,False,1,Texas,TX,in-dev,sheet/geometry,17,A3 tx-indev,step3 in-dev
P7837,4217,proposed,2025-10-16,Eiger Express Pipeline,,Gas,,,United States,United States,United States,Mapped route (at any accuracy),medium,Texas,Texas,Texas,BLANK_BOTH,,,False,1,Texas,TX,in-dev,sheet/geometry,15,A3 tx-indev,step3 in-dev
P7840,4220,proposed,2025-10-16,Transwestern Gas Pipeline,Desert Southwest Expansion,Gas,Texas,Arizona,United States,United States,United States,Mapped route (at any accuracy),medium,Arizona,Texas,"Arizona, New Mexico, Texas",OK,,,False,3,Texas,TX,in-dev,sheet/geometry,15,A3 tx-indev,step3 in-dev
P7841,4221,proposed,2025-10-16,Mississippi Crossing Project,,Gas,Mississippi,Alabama,United States,United States,United States,Mapped route (at any accuracy),medium,Mississippi,Alabama,"Alabama, Mississippi",OK,,,False,2,Mississippi,Gulf,in-dev,sheet/geometry,15,A1 gulf-indev,step3 in-dev
P7850,4230,proposed,2025-10-20,Targa Resources Pipeline System,Forza Gas Pipeline,Gas,New Mexico,Texas,United States,United States,United States,Mapped route (at any accuracy),medium,New Mexico,Texas,"New Mexico, Texas",OK,,,False,2,New Mexico,West,in-dev,sheet/geometry,15,A7 west,step3 in-dev
P7851,4231,operating,2025-10-20,Targa Resources Pipeline System,Buffalo Run Gas Pipeline,Gas,Texas,Texas ,United States,United States,United States,Mapped route (at any accuracy),high,Texas,Texas,Texas,OK,,,False,1,Texas,TX,op/idle,sheet/geometry,15,A4 tx-midcon-operating,B1 gulf-tx-operating
P7852,4232,operating,2025-10-20,Targa Resources Pipeline System,Bull Run Gas Pipeline,Gas,Texas,Texas ,United States,United States,United States,Mapped route (at any accuracy),high,Texas,Texas,Texas,OK,,,False,1,Texas,TX,op/idle,sheet/geometry,15,A4 tx-midcon-operating,B1 gulf-tx-operating
P7853,4233,construction,2025-10-20,Targa Resources Pipeline System,Buffalo Run Extension,Gas,Texas,Texas ,United States,United States,United States,Mapped route (at any accuracy),medium,Texas,Texas,Texas,OK,,,False,1,Texas,TX,in-dev,sheet/geometry,15,A3 tx-indev,step3 in-dev
P7854,4234,construction,2025-10-20,Targa Resources Pipeline System,Bull Run Extension,Gas,Texas,Texas ,United States,United States,United States,Mapped route (at any accuracy),medium,Texas,Texas,Texas,OK,,,False,1,Texas,TX,in-dev,sheet/geometry,15,A3 tx-indev,step3 in-dev
P7855,4235,proposed,2025-10-20,Southern Natural Gas Pipeline,South System Expansion 4 Project,Gas,Mississippi,South Carolina,United States,United States,United States,Mapped route (at any accuracy),medium,Alabama,Georgia,"Alabama, Georgia, Mississippi",END_MISMATCH,,,False,4,Mississippi,Gulf,in-dev,sheet/geometry,15,A1 gulf-indev,step3 in-dev
P7856,4236,operating,2025-10-21,Great Basin Gas Transmission Company Pipeline System,Main Line,Gas,Nevada,Nevada,United States,United States,United States,Mapped route (at any accuracy),high,Nevada,Nevada,"California, Nevada",OK,,,False,2,Nevada,West,op/idle,sheet/geometry,15,A7 west,B2 rest-operating
P7857,4237,proposed,2025-10-21,Great Basin Gas Transmission Company Pipeline System,2024 Expansion,Gas,Nevada,Nevada,United States,United States,United States,Not mapped (but could be — route or endpoints are known),no route,,,,NO_ROUTE,,,False,1,Nevada,West,in-dev,sheet/geometry,15,A7 west,step3 in-dev
P7858,4238,proposed,2025-10-21,Great Basin Gas Transmission Company Pipeline System,Gabbs Lateral NASF Relocation,Gas,Nevada,Nevada,United States,United States,United States,Not mapped (but could be — route or endpoints are known),no route,,,,NO_ROUTE,,,False,1,Nevada,West,in-dev,sheet/geometry,15,A7 west,step3 in-dev
P7859,4239,proposed,2025-10-21,Great Basin Gas Transmission Company Pipeline System,2026 Expansion,Gas,Nevada,Nevada,United States,United States,United States,Not mapped (but could be — route or endpoints are known),no route,,,,NO_ROUTE,,,False,1,Nevada,West,in-dev,sheet/geometry,15,A7 west,step3 in-dev
P7860,4240,proposed,2025-10-21,Great Basin Gas Transmission Company Pipeline System,2028 Expansion,Gas,Nevada,Nevada,United States,United States,United States,Capacity expansion only,no route,,,,NO_ROUTE,,,False,1,Nevada,West,in-dev,sheet/geometry,15,A7 west,step3 in-dev
P7861,4241,operating,2025-10-21,Producers Midstream Gas Pipeline,Residue Header,Gas,Texas,Oklahoma,United States,United States,United States,Mapped route (at any accuracy),high,Texas,Oklahoma,"Oklahoma, Texas",OK,,,False,2,Texas,TX,op/idle,sheet/geometry,15,A4 tx-midcon-operating,B1 gulf-tx-operating
P7862,4242,proposed,2025-10-21,Producers Midstream Gas Pipeline,Palo Duro Gas Pipeline,Gas,Texas,Texas,United States,United States,United States,Mapped route (at any accuracy),medium,Texas,Texas,Texas,OK,,,False,1,Texas,TX,in-dev,sheet/geometry,15,A3 tx-indev,step3 in-dev
P7863,4243,proposed,2025-10-21,Rockies Express Gas Pipeline,Critical Energy Reliability Link Project,Gas,Colorado,Colorado,United States,United States,United States,Mapped route (at any accuracy),medium,Colorado,Colorado,Colorado,OK,,,False,1,Colorado,West,in-dev,sheet/geometry,15,A7 west,step3 in-dev
P7999,4254,proposed,2026-05-08,Columbia Gas Transmission,Appalachia Supply Project,Gas,,,United States,United States,United States,Mapped route (at any accuracy),no route,,,,NO_ROUTE,,,False,0,,Appalachian,in-dev,name (provisional),15,A5 appalachian-indev,step3 in-dev
