SheetRow,ProjectID,action,before_BH,before_BI,after_BH,after_BI
246,P0460,MOVE,https://www.energy.gov.dz/?article=tsgp#,,,https://www.energy.gov.dz/?article=tsgp#
259,P0473,MOVE,"https://petro-mag.org/ar/Home/Index, https://www.hellenicshippingnews.com/egypt-signs-chevron-deal-to-fast-track-cyprus-aphrodite-gas-to-its-infrastructure/",,,"https://petro-mag.org/ar/Home/Index, https://www.hellenicshippingnews.com/egypt-signs-chevron-deal-to-fast-track-cyprus-aphrodite-gas-to-its-infrastructure/"
260,P0474,MOVE,https://egyptoil-gas.com/reports/the-western-desert-egypts-giant-petroleum-reservoir/,,,https://egyptoil-gas.com/reports/the-western-desert-egypts-giant-petroleum-reservoir/
268,P0484,MOVE,https://www.opec.org/opec_web/static_files_project/media/downloads/publications/ASB2017_13062017.pdf,,,https://www.opec.org/opec_web/static_files_project/media/downloads/publications/ASB2017_13062017.pdf
373,P0751,MOVE,https://iea.blob.core.windows.net/assets/0528affc-d2ba-49c9-ac25-17fc4e8724f7/AzerbaijanEnergyProfile_2023.pdf,,,https://iea.blob.core.windows.net/assets/0528affc-d2ba-49c9-ac25-17fc4e8724f7/AzerbaijanEnergyProfile_2023.pdf
988,P1855,MOVE,https://www.opec.org/opec_web/static_files_project/media/downloads/publications/ASB2017_13062017.pdf,,,https://www.opec.org/opec_web/static_files_project/media/downloads/publications/ASB2017_13062017.pdf
991,P1858,MOVE,https://www.opec.org/opec_web/static_files_project/media/downloads/publications/ASB2017_13062017.pdf,,,https://www.opec.org/opec_web/static_files_project/media/downloads/publications/ASB2017_13062017.pdf
1006,P1873,MOVE,https://www.opec.org/opec_web/static_files_project/media/downloads/publications/ASB2017_13062017.pdf,,,https://www.opec.org/opec_web/static_files_project/media/downloads/publications/ASB2017_13062017.pdf
1757,P3343,MOVE,"https://petro-news.com/26873/,  https://www.youm7.com/story/2024/1/14/%D9%85%D8%B4%D8%B1%D9%88%D8%B9%D8%A7%D8%AA-%D8%A7%D9%84%D8%A8%D9%86%D9%8A%D8%A9-%D8%A7%D9%84%D8%A3%D8%B3%D8%A7%D8%B3%D9%8A%D8%A9-%D9%84%D9%82%D8%B7%D8%A7%D8%B9-%D8%A7%D9%84%D8%A8%D8%AA%D8%B1%D9%88%D9%84-%D8%A3%D8%A8%D8%B1%D8%B2%D9%87%D8%A7-%D9%85%D8%B3%D8%AA%D9%88%D8%AF%D8%B9-%D8%A7%D9%84%D8%AA%D8%AE%D8%B2%D9%8A%D9%86-%D8%A8%D9%85%D9%8A%D9%86%D8%A7%D8%A1-%D8%A7%D9%84%D8%AD%D9%85%D8%B1%D8%A7%D8%A1/6445625",,,"https://petro-news.com/26873/,  https://www.youm7.com/story/2024/1/14/%D9%85%D8%B4%D8%B1%D9%88%D8%B9%D8%A7%D8%AA-%D8%A7%D9%84%D8%A8%D9%86%D9%8A%D8%A9-%D8%A7%D9%84%D8%A3%D8%B3%D8%A7%D8%B3%D9%8A%D8%A9-%D9%84%D9%82%D8%B7%D8%A7%D8%B9-%D8%A7%D9%84%D8%A8%D8%AA%D8%B1%D9%88%D9%84-%D8%A3%D8%A8%D8%B1%D8%B2%D9%87%D8%A7-%D9%85%D8%B3%D8%AA%D9%88%D8%AF%D8%B9-%D8%A7%D9%84%D8%AA%D8%AE%D8%B2%D9%8A%D9%86-%D8%A8%D9%85%D9%8A%D9%86%D8%A7%D8%A1-%D8%A7%D9%84%D8%AD%D9%85%D8%B1%D8%A7%D8%A1/6445625"
1760,P3346,MOVE,https://www.algomhor.com/435745,,,https://www.algomhor.com/435745
1766,P3366,MOVE,https://egyptoil-gas.com/wp-content/uploads/2019/01/EGAS-Annual-Report-2018-EN.pdf,,,https://egyptoil-gas.com/wp-content/uploads/2019/01/EGAS-Annual-Report-2018-EN.pdf
1855,P3620,MOVE,"https://www.mees.com/2026/7/10/oil-gas/israel-completes-offshore-pipeline-boosting-egypt-exports/35be0430-7c58-11f1-adc7-8523d8b59599,https://www.energy-sea.gov.il/home/news-publications/new-export-pipeline-to-egypt-approved-by-government/",,,"https://www.mees.com/2026/7/10/oil-gas/israel-completes-offshore-pipeline-boosting-egypt-exports/35be0430-7c58-11f1-adc7-8523d8b59599,https://www.energy-sea.gov.il/home/news-publications/new-export-pipeline-to-egypt-approved-by-government/"
1889,P3657,MOVE,https://www.mees.com/2026/7/10/oil-gas/israel-completes-offshore-pipeline-boosting-egypt-exports/35be0430-7c58-11f1-adc7-8523d8b59599,,,https://www.mees.com/2026/7/10/oil-gas/israel-completes-offshore-pipeline-boosting-egypt-exports/35be0430-7c58-11f1-adc7-8523d8b59599
1891,P3659,MOVE,https://www.youm7.com/story/2011/2/5/%D8%A8%D8%A7%D9%84%D8%B5%D9%88%D8%B1-%D8%A7%D9%84%D8%AA%D9%81%D8%A7%D8%B5%D9%8A%D9%84-%D8%A7%D9%84%D9%83%D8%A7%D9%85%D9%84%D8%A9-%D9%84%D9%85%D8%B3%D8%A7%D8%B1-%D8%AE%D8%B7%D9%89-%D8%A7%D9%84%D8%BA%D8%A7%D8%B2-%D8%A7%D9%84%D8%B9%D8%B1%D8%A8%D9%89-%D9%88%D8%A7%D9%84%D8%A5%D8%B3%D8%B1%D8%A7%D8%A6%D9%8A%D9%84%D9%89-%D8%A8%D8%B3%D9%8A%D9%86%D8%A7%D8%A1-%D9%8A%D8%A8%D8%AF%D8%A3/346711,,,https://www.youm7.com/story/2011/2/5/%D8%A8%D8%A7%D9%84%D8%B5%D9%88%D8%B1-%D8%A7%D9%84%D8%AA%D9%81%D8%A7%D8%B5%D9%8A%D9%84-%D8%A7%D9%84%D9%83%D8%A7%D9%85%D9%84%D8%A9-%D9%84%D9%85%D8%B3%D8%A7%D8%B1-%D8%AE%D8%B7%D9%89-%D8%A7%D9%84%D8%BA%D8%A7%D8%B2-%D8%A7%D9%84%D8%B9%D8%B1%D8%A8%D9%89-%D9%88%D8%A7%D9%84%D8%A5%D8%B3%D8%B1%D8%A7%D8%A6%D9%8A%D9%84%D9%89-%D8%A8%D8%B3%D9%8A%D9%86%D8%A7%D8%A1-%D9%8A%D8%A8%D8%AF%D8%A3/346711
1946,P3928,MOVE,https://www.argaam.com/ar/article/articledetail/id/1058075,,,https://www.argaam.com/ar/article/articledetail/id/1058075
1947,P3929,MOVE,"https://egyptoil-gas.com/wp-content/uploads/2019/01/EGAS-Annual-Report-2018-EN.pdf,  https://petro-news.com/95212/",,,"https://egyptoil-gas.com/wp-content/uploads/2019/01/EGAS-Annual-Report-2018-EN.pdf,  https://petro-news.com/95212/"
1949,P3931,MOVE,https://www.petroleum.gov.eg/ar-eg/media-center/news/news-pages/Pages/Mop_28122022_01.aspx,,,https://www.petroleum.gov.eg/ar-eg/media-center/news/news-pages/Pages/Mop_28122022_01.aspx
1950,P3932,MOVE,https://www.sfegypt.com/4657,,,https://www.sfegypt.com/4657
1957,P3939,MOVE,"https://egyptoil-gas.com/wp-content/uploads/2020/03/The-Western-Desert-Egypt%E2%80%99s-Giant-Petroleum-Reservoir-.pdf, https://www.miga.org/sites/default/files/archive/Documents/Apache_Egypt_2004_Egyptian_Oil_and_Gas_Activities_EIA.pdf",,,"https://egyptoil-gas.com/wp-content/uploads/2020/03/The-Western-Desert-Egypt%E2%80%99s-Giant-Petroleum-Reservoir-.pdf, https://www.miga.org/sites/default/files/archive/Documents/Apache_Egypt_2004_Egyptian_Oil_and_Gas_Activities_EIA.pdf"
2000,P3987,MOVE,https://www.facebook.com/LailatElfatah1969/posts/-%D9%85%D8%A7-%D8%AF%D8%A7%D8%B1-%D8%B4%D9%8A-%D9%86%D9%87%D8%A7%D8%A6%D9%8A-%D9%85%D9%86-%D8%A3%D8%B1%D8%B4%D9%8A%D9%81-%D8%A7%D9%84%D9%85%D8%B4%D8%B1%D9%88%D8%B9%D8%A7%D8%AA-%D9%85%D8%AD%D8%B7%D8%A9-%D8%A7%D9%84%D8%B3%D8%B1%D9%8A%D8%B1-%D8%A7%D9%84%D8%BA%D8%A7%D8%B2%D9%8A%D8%A9-%D9%84%D8%A5%D9%86%D8%AA%D8%A7%D8%AC-%D8%A7%D9%84%D8%B7%D8%A7%D9%82%D8%A9-%D8%A7%D9%84%D9%83%D9%87%D8%B1%D8%A8%D8%A7%D8%A6%D9%8A%D8%A9/1138478604945294/?locale=ku_TR,,,https://www.facebook.com/LailatElfatah1969/posts/-%D9%85%D8%A7-%D8%AF%D8%A7%D8%B1-%D8%B4%D9%8A-%D9%86%D9%87%D8%A7%D8%A6%D9%8A-%D9%85%D9%86-%D8%A3%D8%B1%D8%B4%D9%8A%D9%81-%D8%A7%D9%84%D9%85%D8%B4%D8%B1%D9%88%D8%B9%D8%A7%D8%AA-%D9%85%D8%AD%D8%B7%D8%A9-%D8%A7%D9%84%D8%B3%D8%B1%D9%8A%D8%B1-%D8%A7%D9%84%D8%BA%D8%A7%D8%B2%D9%8A%D8%A9-%D9%84%D8%A5%D9%86%D8%AA%D8%A7%D8%AC-%D8%A7%D9%84%D8%B7%D8%A7%D9%82%D8%A9-%D8%A7%D9%84%D9%83%D9%87%D8%B1%D8%A8%D8%A7%D8%A6%D9%8A%D8%A9/1138478604945294/?locale=ku_TR
2366,P4401,MOVE,https://iraqieconomists.net/en/wp-content/uploads/sites/3/2025/06/Shedding-Light-on-Recent-Oil-Gas-Pipeline-Projects-in-Iraq.-Ahmed-A-Al-Jibawi.pdf,,,https://iraqieconomists.net/en/wp-content/uploads/sites/3/2025/06/Shedding-Light-on-Recent-Oil-Gas-Pipeline-Projects-in-Iraq.-Ahmed-A-Al-Jibawi.pdf
3492,P6032,MOVE,https://www.youm7.com/story/2021/1/21/%D8%AA%D9%81%D8%A7%D8%B5%D9%8A%D9%84-%D9%85%D8%B4%D8%B1%D9%88%D8%B9%D8%A7%D8%AA-%D8%A7%D9%84%D8%B4%D8%A8%D9%83%D8%A9-%D8%A7%D9%84%D9%82%D9%88%D9%85%D9%8A%D8%A9-%D9%84%D9%84%D8%BA%D8%A7%D8%B2%D8%A7%D8%AA-%D8%A7%D9%84%D8%B7%D8%A8%D9%8A%D8%B9%D9%8A%D8%A9-%D8%A7%D9%84%D8%AC%D8%A7%D8%B1%D9%89-%D8%AA%D9%86%D9%81%D9%8A%D8%B0%D9%87%D8%A7/5167327,,,https://www.youm7.com/story/2021/1/21/%D8%AA%D9%81%D8%A7%D8%B5%D9%8A%D9%84-%D9%85%D8%B4%D8%B1%D9%88%D8%B9%D8%A7%D8%AA-%D8%A7%D9%84%D8%B4%D8%A8%D9%83%D8%A9-%D8%A7%D9%84%D9%82%D9%88%D9%85%D9%8A%D8%A9-%D9%84%D9%84%D8%BA%D8%A7%D8%B2%D8%A7%D8%AA-%D8%A7%D9%84%D8%B7%D8%A8%D9%8A%D8%B9%D9%8A%D8%A9-%D8%A7%D9%84%D8%AC%D8%A7%D8%B1%D9%89-%D8%AA%D9%86%D9%81%D9%8A%D8%B0%D9%87%D8%A7/5167327
3493,P6033,MOVE,https://petro-mag.org/ar/Magazine/v?id=2a56865d-48f7-4084-97f6-caa129199921,,,https://petro-mag.org/ar/Magazine/v?id=2a56865d-48f7-4084-97f6-caa129199921
3494,P6034,MOVE,https://www.youm7.com/story/2021/1/21/%D8%AA%D9%81%D8%A7%D8%B5%D9%8A%D9%84-%D9%85%D8%B4%D8%B1%D9%88%D8%B9%D8%A7%D8%AA-%D8%A7%D9%84%D8%B4%D8%A8%D9%83%D8%A9-%D8%A7%D9%84%D9%82%D9%88%D9%85%D9%8A%D8%A9-%D9%84%D9%84%D8%BA%D8%A7%D8%B2%D8%A7%D8%AA-%D8%A7%D9%84%D8%B7%D8%A8%D9%8A%D8%B9%D9%8A%D8%A9-%D8%A7%D9%84%D8%AC%D8%A7%D8%B1%D9%89-%D8%AA%D9%86%D9%81%D9%8A%D8%B0%D9%87%D8%A7/5167327,,,https://www.youm7.com/story/2021/1/21/%D8%AA%D9%81%D8%A7%D8%B5%D9%8A%D9%84-%D9%85%D8%B4%D8%B1%D9%88%D8%B9%D8%A7%D8%AA-%D8%A7%D9%84%D8%B4%D8%A8%D9%83%D8%A9-%D8%A7%D9%84%D9%82%D9%88%D9%85%D9%8A%D8%A9-%D9%84%D9%84%D8%BA%D8%A7%D8%B2%D8%A7%D8%AA-%D8%A7%D9%84%D8%B7%D8%A8%D9%8A%D8%B9%D9%8A%D8%A9-%D8%A7%D9%84%D8%AC%D8%A7%D8%B1%D9%89-%D8%AA%D9%86%D9%81%D9%8A%D8%B0%D9%87%D8%A7/5167327
3495,P6035,CLEAR_DUPLICATE,https://www.youm7.com/story/2016/2/26/%D9%85%D8%B5%D8%A7%D8%AF%D8%B1-%D8%A8%D8%A7%D9%84%D8%A8%D8%AA%D8%B1%D9%88%D9%84-%D8%A5%D9%85%D8%AF%D8%A7%D8%AF-%D9%85%D8%AD%D8%B7%D8%A9-%D9%83%D9%87%D8%B1%D8%A8%D8%A7%D8%A1-%D8%BA%D8%B1%D8%A8-%D8%AF%D9%85%D9%8A%D8%A7%D8%B7-%D8%A8%D9%806-8-%D9%85%D9%84%D9%8A%D9%88%D9%86/2602673,https://www.youm7.com/story/2016/2/26/%D9%85%D8%B5%D8%A7%D8%AF%D8%B1-%D8%A8%D8%A7%D9%84%D8%A8%D8%AA%D8%B1%D9%88%D9%84-%D8%A5%D9%85%D8%AF%D8%A7%D8%AF-%D9%85%D8%AD%D8%B7%D8%A9-%D9%83%D9%87%D8%B1%D8%A8%D8%A7%D8%A1-%D8%BA%D8%B1%D8%A8-%D8%AF%D9%85%D9%8A%D8%A7%D8%B7-%D8%A8%D9%806-8-%D9%85%D9%84%D9%8A%D9%88%D9%86/2602673,,https://www.youm7.com/story/2016/2/26/%D9%85%D8%B5%D8%A7%D8%AF%D8%B1-%D8%A8%D8%A7%D9%84%D8%A8%D8%AA%D8%B1%D9%88%D9%84-%D8%A5%D9%85%D8%AF%D8%A7%D8%AF-%D9%85%D8%AD%D8%B7%D8%A9-%D9%83%D9%87%D8%B1%D8%A8%D8%A7%D8%A1-%D8%BA%D8%B1%D8%A8-%D8%AF%D9%85%D9%8A%D8%A7%D8%B7-%D8%A8%D9%806-8-%D9%85%D9%84%D9%8A%D9%88%D9%86/2602673
3500,P6041,MOVE,https://archive.org/details/2023-09-30-214026,,,https://archive.org/details/2023-09-30-214026
3583,P6613,MERGE,https://www.energy.gov.dz/Media/galerie/liste_canalisations_hydrocarbures_618cf3afc46e9.pdf,https://www.joradp.dz/FTP/jo-arabe/2009/A2009034.PDF,,"https://www.joradp.dz/FTP/jo-arabe/2009/A2009034.PDF, https://www.energy.gov.dz/Media/galerie/liste_canalisations_hydrocarbures_618cf3afc46e9.pdf"
3656,P6697,MOVE,https://www.almasryalyoum.com/news/details/103848,,,https://www.almasryalyoum.com/news/details/103848
3657,P6698,MOVE,https://www.almasryalyoum.com/news/details/103848,,,https://www.almasryalyoum.com/news/details/103848
3658,P6699,MOVE,https://www.almasryalyoum.com/news/details/103848,,,https://www.almasryalyoum.com/news/details/103848
3659,P6700,MOVE,https://www.almasryalyoum.com/news/details/103848,,,https://www.almasryalyoum.com/news/details/103848
3660,P6701,MOVE,https://www.almasryalyoum.com/news/details/103848,,,https://www.almasryalyoum.com/news/details/103848
3661,P6702,MOVE,https://www.almasryalyoum.com/news/details/103848,,,https://www.almasryalyoum.com/news/details/103848
3662,P6703,MOVE,https://www.youm7.com/story/2023/7/10/%D8%A7%D9%81%D8%AA%D8%AA%D8%A7%D8%AD-%D9%85%D8%B4%D8%B1%D9%88%D8%B9-%D8%B1%D8%A8%D8%B7-%D8%BA%D8%A7%D8%B2-%D8%AD%D9%82%D9%84-%D8%B1%D9%8A%D9%81%D9%8A%D9%86-%D8%B9%D9%84%D9%89-%D9%85%D8%AC%D9%85%D8%B9-%D8%BA%D8%A7%D8%B2%D8%A7%D8%AA-%D8%A7%D9%84%D8%B5%D8%AD%D8%B1%D8%A7%D8%A1/6237653,,,https://www.youm7.com/story/2023/7/10/%D8%A7%D9%81%D8%AA%D8%AA%D8%A7%D8%AD-%D9%85%D8%B4%D8%B1%D9%88%D8%B9-%D8%B1%D8%A8%D8%B7-%D8%BA%D8%A7%D8%B2-%D8%AD%D9%82%D9%84-%D8%B1%D9%8A%D9%81%D9%8A%D9%86-%D8%B9%D9%84%D9%89-%D9%85%D8%AC%D9%85%D8%B9-%D8%BA%D8%A7%D8%B2%D8%A7%D8%AA-%D8%A7%D9%84%D8%B5%D8%AD%D8%B1%D8%A7%D8%A1/6237653
3663,P6704,MOVE,https://www.youm7.com/story/2023/7/10/%D8%A7%D9%81%D8%AA%D8%AA%D8%A7%D8%AD-%D9%85%D8%B4%D8%B1%D9%88%D8%B9-%D8%B1%D8%A8%D8%B7-%D8%BA%D8%A7%D8%B2-%D8%AD%D9%82%D9%84-%D8%B1%D9%8A%D9%81%D9%8A%D9%86-%D8%B9%D9%84%D9%89-%D9%85%D8%AC%D9%85%D8%B9-%D8%BA%D8%A7%D8%B2%D8%A7%D8%AA-%D8%A7%D9%84%D8%B5%D8%AD%D8%B1%D8%A7%D8%A1/6237653,,,https://www.youm7.com/story/2023/7/10/%D8%A7%D9%81%D8%AA%D8%AA%D8%A7%D8%AD-%D9%85%D8%B4%D8%B1%D9%88%D8%B9-%D8%B1%D8%A8%D8%B7-%D8%BA%D8%A7%D8%B2-%D8%AD%D9%82%D9%84-%D8%B1%D9%8A%D9%81%D9%8A%D9%86-%D8%B9%D9%84%D9%89-%D9%85%D8%AC%D9%85%D8%B9-%D8%BA%D8%A7%D8%B2%D8%A7%D8%AA-%D8%A7%D9%84%D8%B5%D8%AD%D8%B1%D8%A7%D8%A1/6237653
3664,P6705,MOVE,https://www.opec.org/opec_web/static_files_project/media/downloads/publications/ASB2017_13062017.pdf,,,https://www.opec.org/opec_web/static_files_project/media/downloads/publications/ASB2017_13062017.pdf
3665,P6707,MOVE,https://sirtggp.com/ar/projects/%d8%aa%d9%88%d8%b1%d9%8a%d8%af-%d9%88%d8%aa%d8%b1%d9%83%d9%8a%d8%a8-%d8%ae%d8%b7-%d8%ba%d8%a7%d8%b2-24-%d8%a8%d8%b7%d9%88%d9%84-5-%d9%83%d9%85-%d9%85%d8%ad%d8%b7%d8%a9-%d8%a7%d9%84%d8%ae%d9%84%d9%8a/,,,https://sirtggp.com/ar/projects/%d8%aa%d9%88%d8%b1%d9%8a%d8%af-%d9%88%d8%aa%d8%b1%d9%83%d9%8a%d8%a8-%d8%ae%d8%b7-%d8%ba%d8%a7%d8%b2-24-%d8%a8%d8%b7%d9%88%d9%84-5-%d9%83%d9%85-%d9%85%d8%ad%d8%b7%d8%a9-%d8%a7%d9%84%d8%ae%d9%84%d9%8a/
3666,P6708,MOVE,https://libyasummit.com/libya-rolls-out-downstream-gas-capture-plans/,,,https://libyasummit.com/libya-rolls-out-downstream-gas-capture-plans/
3667,P6709,MOVE,https://www.opec.org/opec_web/static_files_project/media/downloads/publications/ASB2013.pdf,,,https://www.opec.org/opec_web/static_files_project/media/downloads/publications/ASB2013.pdf
3671,P6713,MOVE,https://www.opec.org/opec_web/static_files_project/media/downloads/publications/ASB2017_13062017.pdf,,,https://www.opec.org/opec_web/static_files_project/media/downloads/publications/ASB2017_13062017.pdf
3672,P6714,MOVE,https://www.opec.org/opec_web/static_files_project/media/downloads/publications/ASB2017_13062017.pdf,,,https://www.opec.org/opec_web/static_files_project/media/downloads/publications/ASB2017_13062017.pdf
3673,P6715,MOVE,https://mellitahog.ly/wp-content/uploads/2021/02/02.pdf,,,https://mellitahog.ly/wp-content/uploads/2021/02/02.pdf
3674,P6716,MOVE,"https://jpt.spe.org/saipem-secures-1-billion-contract-for-libyan-natural-gas-field, https://www.nsenergybusiness.com/projects/bouri-gas-utilisation-project-libya/?cf-view",,,"https://jpt.spe.org/saipem-secures-1-billion-contract-for-libyan-natural-gas-field, https://www.nsenergybusiness.com/projects/bouri-gas-utilisation-project-libya/?cf-view"
3849,P7447,MOVE,https://almalnews.com/9021/%D8%A8%D8%AA%D8%B1%D9%88%D8%A8%D9%84-%D8%AA%D8%B7%D9%88%D8%B1-%D8%AD%D9%82%D9%88%D9%84-%D8%AF%D9%86%D9%8A%D8%B3-%D9%88%D9%83%D8%B1%D9%88%D8%A7%D9%86-%D9%81%D9%89-%D8%A7%D9%84%D9%85%D8%AA/,,,https://almalnews.com/9021/%D8%A8%D8%AA%D8%B1%D9%88%D8%A8%D9%84-%D8%AA%D8%B7%D9%88%D8%B1-%D8%AD%D9%82%D9%88%D9%84-%D8%AF%D9%86%D9%8A%D8%B3-%D9%88%D9%83%D8%B1%D9%88%D8%A7%D9%86-%D9%81%D9%89-%D8%A7%D9%84%D9%85%D8%AA/
3974,P7574,CLEAR_DUPLICATE,https://petro-news.com/95212/,https://petro-news.com/95212/,,https://petro-news.com/95212/
