ProjectID,SheetRow,Cell,RoutePoints,Before,After
P0198,57,DD57,6,low,medium
P0230,84,DD84,1019,low,medium
P0332,179,DD179,100,low,medium
P0436,223,DD223,61,low,medium
P0450,237,DD237,23,low,medium
P1133,656,DD656,146,low,medium
P1154,675,DD675,82,low,medium
P1182,700,DD700,331,low,medium
P2071,1100,DD1100,25,low,medium
P2526,1309,DD1309,44,low,medium
P2625,1361,DD1361,34,low,medium
P2626,1362,DD1362,20,low,medium
P3217,1711,DD1711,24,low,medium
P3481,1781,DD1781,16,low,medium
P3482,1782,DD1782,28,low,medium
P3621,1853,DD1853,7,low,medium
P3961,1972,DD1972,71,low,medium
P4209,2193,DD2193,16,low,medium
P4459,2381,DD2381,10,low,medium
P5670,3178,DD3178,21,low,medium
P5747,3246,DD3246,20,low,medium
P5820,3302,DD3302,6,low,medium
P5957,3421,DD3421,14,low,medium
P5979,3443,DD3443,8,low,medium
P7482,3880,DD3880,6,low,medium
P7500,3898,DD3898,33,low,medium
P7511,3909,DD3909,89,low,medium
P7530,3928,DD3928,15,low,medium
P7539,3937,DD3937,7,low,medium
P7540,3938,DD3938,44,low,medium
P7541,3939,DD3939,39,low,medium
P7573,3970,DD3970,58,low,medium
P7598,3994,DD3994,9,low,medium
P7624,4020,DD4020,25,low,medium
P7627,4023,DD4023,21,low,medium
P7683,4079,DD4079,33,low,medium
P7684,4080,DD4080,21,low,medium
P7718,4114,DD4114,10,low,medium
P7744,4139,DD4139,36,low,medium
P7810,4205,DD4205,39,low,medium
