cell,column_header,before,after
C4344,PipelineName,,Suez-Cairo Ring Gas Pipeline
H4344,Status,,operating
I4344,Status [ref],,https://egyptoil-gas.com/?s=Gas+Pipelines+Egypt
J4344,Researcher,,NA
K4344,LastUpdated (=2026-07-28),,46231
L4344,Fuel,,Gas
M4344,Fuel [ref],,https://egyptoil-gas.com/?s=Gas+Pipelines+Egypt
N4344,PipelineType,,transmission
O4344,PipelineType [ref],,https://egyptoil-gas.com/?s=Gas+Pipelines+Egypt
S4344,CountriesOrAreas,,Egypt
T4344,ResearcherNotes,,"CB 2026-08-27: row restored under a new ProjectID. These values were entered by NA on 2026-07-28 as P8017; they were cleared from the sheet on 2026-08-14 with no entry on the Removed tab, and P8017 was then reused for an unrelated Iraq segment. Recovered verbatim from the backend revision of 2026-08-14 and re-entered here; route geometry moved with the row."
AX4344,Capacity,,90
AY4344,CapacityUnits,,MMcf/d
AZ4344,Capacity [ref],,https://egyptoil-gas.com/?s=Gas+Pipelines+Egypt
BF4344,LengthKnown,,150
BG4344,LengthKnownUnits,,km
BI4344,Length [ref],,https://egyptoil-gas.com/?s=Gas+Pipelines+Egypt
BU4344,StartState/Province,,Suez
BV4344,StartCountryOrArea,,Egypt
CA4344,EndState/Province,,Cairo
CB4344,EndCountryOrArea,,Egypt
CF4344,Location [ref],,https://egyptoil-gas.com/?s=Gas+Pipelines+Egypt
DC4344,RouteType,,Mapped route (at any accuracy)
DD4344,RouteAccuracy,,medium
DE4344,RouteNotes,,CB: route from gulfpub — GulfPub 'Suez - Dahshour Pipeline' (135.8 km vs sheet 150). Name mismatch: GEM calls this Suez-Cairo Ring; Dahshour is the SW-Cairo ring terminus so the identity is plausible but single-source — accuracy capped at medium. CB 2026-08-27: geojson carried over from this row's former ProjectID P8017 (renamed P8017.geojson → P8084.geojson).
DF4344,RouteCreator,,CB
DC4277,RouteType,Mapped route (at any accuracy),Not mapped (but could be — route or endpoints are known)
DD4277,RouteAccuracy,high,no route
DE4277,RouteNotes,,"CB 2026-08-27: the P8017 geojson in the routes repo held Egypt geometry belonging to this ProjectID's former occupant (Suez-Cairo Ring Gas Pipeline, restored as P8084) and has been replaced with a null placeholder. No Iraq geometry has been uploaded for this row, so RouteType/RouteAccuracy are reset to match the repo. Set them back when the Baiji-Mosul mainline geojson is delivered."
DC4280,RouteType,Mapped route (at any accuracy),Not mapped (but could be — route or endpoints are known)
DD4280,RouteAccuracy,high,no route
DE4280,RouteNotes,,"CB 2026-08-27: the P8020 geojson in the routes repo held Egypt geometry belonging to this ProjectID's former occupant (Cairo Ring-Port Said Gas Pipeline, restored as P8084) and has been replaced with a null placeholder. No Iraq geometry has been uploaded for this row, so RouteType/RouteAccuracy are reset to match the repo. Set them back when the Baiji-Mosul al-Qayyarah segment geojson is delivered."
