a1,ProjectID,tab,column,before,after
'Gas pipelines'!M955,P1712,gas,Fuel [ref],https://www.entsog.eu/sites/default/files/2023-09/ENTSOG_TYNDP_2022_Annex_A_Project_Details_230411.xlsx,https://web.archive.org/web/20260812130848/https://www.entsog.eu/sites/default/files/2023-09/ENTSOG_TYNDP_2022_Annex_A_Project_Details_230411.xlsx
'Gas pipelines'!M1122,P2190,gas,Fuel [ref],https://www.entsog.eu/sites/default/files/2024-07/TYNDP%202024%20Annex%20A%20-%20List%20of%20projects.xlsx,https://web.archive.org/web/20260812130119/https://www.entsog.eu/sites/default/files/2024-07/TYNDP%202024%20Annex%20A%20-%20List%20of%20projects.xlsx
'Gas pipelines'!M1123,P2191,gas,Fuel [ref],https://www.entsog.eu/sites/default/files/2024-07/TYNDP%202024%20Annex%20A%20-%20List%20of%20projects.xlsx,https://web.archive.org/web/20260812130119/https://www.entsog.eu/sites/default/files/2024-07/TYNDP%202024%20Annex%20A%20-%20List%20of%20projects.xlsx
'Gas pipelines'!M4104,P7716,gas,Fuel [ref],https://www.entsog.eu/sites/default/files/2024-07/TYNDP%202024%20Annex%20A%20-%20List%20of%20projects.xlsx,https://web.archive.org/web/20260812130119/https://www.entsog.eu/sites/default/files/2024-07/TYNDP%202024%20Annex%20A%20-%20List%20of%20projects.xlsx
'Gas pipelines'!M4105,P7717,gas,Fuel [ref],https://www.entsog.eu/sites/default/files/2024-07/TYNDP%202024%20Annex%20A%20-%20List%20of%20projects.xlsx,https://web.archive.org/web/20260812130119/https://www.entsog.eu/sites/default/files/2024-07/TYNDP%202024%20Annex%20A%20-%20List%20of%20projects.xlsx
'Gas pipelines'!O955,P1712,gas,PipelineType [ref],https://www.entsog.eu/sites/default/files/2023-09/ENTSOG_TYNDP_2022_Annex_A_Project_Details_230411.xlsx,https://web.archive.org/web/20260812130848/https://www.entsog.eu/sites/default/files/2023-09/ENTSOG_TYNDP_2022_Annex_A_Project_Details_230411.xlsx
'Gas pipelines'!O1122,P2190,gas,PipelineType [ref],https://www.entsog.eu/sites/default/files/2024-07/TYNDP%202024%20Annex%20A%20-%20List%20of%20projects.xlsx,https://web.archive.org/web/20260812130119/https://www.entsog.eu/sites/default/files/2024-07/TYNDP%202024%20Annex%20A%20-%20List%20of%20projects.xlsx
'Gas pipelines'!O1123,P2191,gas,PipelineType [ref],https://www.entsog.eu/sites/default/files/2024-07/TYNDP%202024%20Annex%20A%20-%20List%20of%20projects.xlsx,https://web.archive.org/web/20260812130119/https://www.entsog.eu/sites/default/files/2024-07/TYNDP%202024%20Annex%20A%20-%20List%20of%20projects.xlsx
'Gas pipelines'!O4104,P7716,gas,PipelineType [ref],https://www.entsog.eu/sites/default/files/2024-07/TYNDP%202024%20Annex%20A%20-%20List%20of%20projects.xlsx,https://web.archive.org/web/20260812130119/https://www.entsog.eu/sites/default/files/2024-07/TYNDP%202024%20Annex%20A%20-%20List%20of%20projects.xlsx
'Gas pipelines'!O4105,P7717,gas,PipelineType [ref],https://www.entsog.eu/sites/default/files/2024-07/TYNDP%202024%20Annex%20A%20-%20List%20of%20projects.xlsx,https://web.archive.org/web/20260812130119/https://www.entsog.eu/sites/default/files/2024-07/TYNDP%202024%20Annex%20A%20-%20List%20of%20projects.xlsx
'Gas pipelines'!AB788,P1345,gas,Proposal [ref],https://www.entsog.eu/sites/default/files/2024-07/TYNDP%202024%20Annex%20A%20-%20List%20of%20projects.xlsx,https://web.archive.org/web/20260812130119/https://www.entsog.eu/sites/default/files/2024-07/TYNDP%202024%20Annex%20A%20-%20List%20of%20projects.xlsx
'Gas pipelines'!AB952,P1708,gas,Proposal [ref],https://www.entsog.eu/sites/default/files/2024-07/TYNDP%202024%20Annex%20A%20-%20List%20of%20projects.xlsx,https://web.archive.org/web/20260812130119/https://www.entsog.eu/sites/default/files/2024-07/TYNDP%202024%20Annex%20A%20-%20List%20of%20projects.xlsx
'Gas pipelines'!AB1122,P2190,gas,Proposal [ref],https://www.entsog.eu/sites/default/files/2024-07/TYNDP%202024%20Annex%20A%20-%20List%20of%20projects.xlsx,https://web.archive.org/web/20260812130119/https://www.entsog.eu/sites/default/files/2024-07/TYNDP%202024%20Annex%20A%20-%20List%20of%20projects.xlsx
'Gas pipelines'!AB1123,P2191,gas,Proposal [ref],https://www.entsog.eu/sites/default/files/2024-07/TYNDP%202024%20Annex%20A%20-%20List%20of%20projects.xlsx,https://web.archive.org/web/20260812130119/https://www.entsog.eu/sites/default/files/2024-07/TYNDP%202024%20Annex%20A%20-%20List%20of%20projects.xlsx
'Gas pipelines'!AB4104,P7716,gas,Proposal [ref],https://www.entsog.eu/sites/default/files/2024-07/TYNDP%202024%20Annex%20A%20-%20List%20of%20projects.xlsx,https://web.archive.org/web/20260812130119/https://www.entsog.eu/sites/default/files/2024-07/TYNDP%202024%20Annex%20A%20-%20List%20of%20projects.xlsx
'Gas pipelines'!AB4105,P7717,gas,Proposal [ref],https://www.entsog.eu/sites/default/files/2024-07/TYNDP%202024%20Annex%20A%20-%20List%20of%20projects.xlsx,https://web.archive.org/web/20260812130119/https://www.entsog.eu/sites/default/files/2024-07/TYNDP%202024%20Annex%20A%20-%20List%20of%20projects.xlsx
'Gas pipelines'!AB4149,P7762,gas,Proposal [ref],https://www.entsog.eu/sites/default/files/2024-07/TYNDP%202024%20Annex%20A%20-%20List%20of%20projects.xlsx,https://web.archive.org/web/20260812130119/https://www.entsog.eu/sites/default/files/2024-07/TYNDP%202024%20Annex%20A%20-%20List%20of%20projects.xlsx
'Gas pipelines'!AB4173,P7786,gas,Proposal [ref],https://www.entsog.eu/sites/default/files/2021-07/TYNDP_2020%20-%20Annex%20A%20-%20Projects%20Tables.xlsx,https://web.archive.org/web/20260812130809/https://www.entsog.eu/sites/default/files/2021-07/TYNDP_2020%20-%20Annex%20A%20-%20Projects%20Tables.xlsx
'Gas pipelines'!AE3720,P6872,gas,Construction [ref],https://www.entsog.eu/sites/default/files/2024-07/TYNDP%202024%20Annex%20A%20-%20List%20of%20projects.xlsx,https://web.archive.org/web/20260812130119/https://www.entsog.eu/sites/default/files/2024-07/TYNDP%202024%20Annex%20A%20-%20List%20of%20projects.xlsx
'Gas pipelines'!AE4173,P7786,gas,Construction [ref],https://www.entsog.eu/sites/default/files/2021-07/TYNDP_2020%20-%20Annex%20A%20-%20Projects%20Tables.xlsx,https://web.archive.org/web/20260812130809/https://www.entsog.eu/sites/default/files/2021-07/TYNDP_2020%20-%20Annex%20A%20-%20Projects%20Tables.xlsx
'Gas pipelines'!AL954,P1711,gas,Start [ref],https://www.entsog.eu/sites/default/files/2019-11/__TYNDP%202020_Annex%20A%20-%20Projects%20Tables.xlsx,https://web.archive.org/web/20260812130701/https://www.entsog.eu/sites/default/files/2019-11/__TYNDP%202020_Annex%20A%20-%20Projects%20Tables.xlsx
'Gas pipelines'!AL955,P1712,gas,Start [ref],https://www.entsog.eu/sites/default/files/2023-09/ENTSOG_TYNDP_2022_Annex_A_Project_Details_230411.xlsx,https://web.archive.org/web/20260812130848/https://www.entsog.eu/sites/default/files/2023-09/ENTSOG_TYNDP_2022_Annex_A_Project_Details_230411.xlsx
'Gas pipelines'!AL1122,P2190,gas,Start [ref],https://www.entsog.eu/sites/default/files/2024-07/TYNDP%202024%20Annex%20A%20-%20List%20of%20projects.xlsx,https://web.archive.org/web/20260812130119/https://www.entsog.eu/sites/default/files/2024-07/TYNDP%202024%20Annex%20A%20-%20List%20of%20projects.xlsx
'Gas pipelines'!AL1123,P2191,gas,Start [ref],https://www.entsog.eu/sites/default/files/2024-07/TYNDP%202024%20Annex%20A%20-%20List%20of%20projects.xlsx,https://web.archive.org/web/20260812130119/https://www.entsog.eu/sites/default/files/2024-07/TYNDP%202024%20Annex%20A%20-%20List%20of%20projects.xlsx
'Gas pipelines'!AL2976,P5119,gas,Start [ref],https://www.entsog.eu/sites/default/files/2024-07/TYNDP%202024%20Annex%20A%20-%20List%20of%20projects.xlsx,https://web.archive.org/web/20260812130119/https://www.entsog.eu/sites/default/files/2024-07/TYNDP%202024%20Annex%20A%20-%20List%20of%20projects.xlsx
'Gas pipelines'!AL3720,P6872,gas,Start [ref],https://www.entsog.eu/sites/default/files/2024-07/TYNDP%202024%20Annex%20A%20-%20List%20of%20projects.xlsx,https://web.archive.org/web/20260812130119/https://www.entsog.eu/sites/default/files/2024-07/TYNDP%202024%20Annex%20A%20-%20List%20of%20projects.xlsx
'Gas pipelines'!AL3864,P7472,gas,Start [ref],https://www.entsog.eu/sites/default/files/2024-07/TYNDP%202024%20Annex%20A%20-%20List%20of%20projects.xlsx,https://web.archive.org/web/20260812130119/https://www.entsog.eu/sites/default/files/2024-07/TYNDP%202024%20Annex%20A%20-%20List%20of%20projects.xlsx
'Gas pipelines'!AL3865,P7473,gas,Start [ref],https://www.entsog.eu/sites/default/files/2024-07/TYNDP%202024%20Annex%20A%20-%20List%20of%20projects.xlsx,https://web.archive.org/web/20260812130119/https://www.entsog.eu/sites/default/files/2024-07/TYNDP%202024%20Annex%20A%20-%20List%20of%20projects.xlsx
'Gas pipelines'!AL4104,P7716,gas,Start [ref],https://www.entsog.eu/sites/default/files/2024-07/TYNDP%202024%20Annex%20A%20-%20List%20of%20projects.xlsx,https://web.archive.org/web/20260812130119/https://www.entsog.eu/sites/default/files/2024-07/TYNDP%202024%20Annex%20A%20-%20List%20of%20projects.xlsx
'Gas pipelines'!AL4105,P7717,gas,Start [ref],https://www.entsog.eu/sites/default/files/2024-07/TYNDP%202024%20Annex%20A%20-%20List%20of%20projects.xlsx,https://web.archive.org/web/20260812130119/https://www.entsog.eu/sites/default/files/2024-07/TYNDP%202024%20Annex%20A%20-%20List%20of%20projects.xlsx
'Gas pipelines'!AL4173,P7786,gas,Start [ref],https://www.entsog.eu/sites/default/files/2021-07/TYNDP_2020%20-%20Annex%20A%20-%20Projects%20Tables.xlsx,https://web.archive.org/web/20260812130809/https://www.entsog.eu/sites/default/files/2021-07/TYNDP_2020%20-%20Annex%20A%20-%20Projects%20Tables.xlsx
'Gas pipelines'!AZ950,P1706,gas,Capacity [ref],https://www.entsog.eu/sites/default/files/2024-07/TYNDP%202024%20Annex%20A%20-%20List%20of%20projects.xlsx,https://web.archive.org/web/20260812130119/https://www.entsog.eu/sites/default/files/2024-07/TYNDP%202024%20Annex%20A%20-%20List%20of%20projects.xlsx
'Gas pipelines'!AZ952,P1708,gas,Capacity [ref],https://www.entsog.eu/sites/default/files/2024-07/TYNDP%202024%20Annex%20A%20-%20List%20of%20projects.xlsx,https://web.archive.org/web/20260812130119/https://www.entsog.eu/sites/default/files/2024-07/TYNDP%202024%20Annex%20A%20-%20List%20of%20projects.xlsx
'Gas pipelines'!AZ1793,P3511,gas,Capacity [ref],https://www.norskpetroleum.no/wp-content/uploads/72_Gassr%C3%B8rledninger_tabell_250220.xlsx,https://web.archive.org/web/20260812130114/https://www.norskpetroleum.no/wp-content/uploads/72_Gassr%C3%B8rledninger_tabell_250220.xlsx
'Gas pipelines'!AZ4173,P7786,gas,Capacity [ref],https://www.entsog.eu/sites/default/files/2021-07/TYNDP_2020%20-%20Annex%20A%20-%20Projects%20Tables.xlsx,https://web.archive.org/web/20260812130809/https://www.entsog.eu/sites/default/files/2021-07/TYNDP_2020%20-%20Annex%20A%20-%20Projects%20Tables.xlsx
'Gas pipelines'!BI950,P1706,gas,Length [ref],https://www.entsog.eu/sites/default/files/2024-07/TYNDP%202024%20Annex%20A%20-%20List%20of%20projects.xlsx,https://web.archive.org/web/20260812130119/https://www.entsog.eu/sites/default/files/2024-07/TYNDP%202024%20Annex%20A%20-%20List%20of%20projects.xlsx
'Gas pipelines'!BI952,P1708,gas,Length [ref],https://www.entsog.eu/sites/default/files/2024-07/TYNDP%202024%20Annex%20A%20-%20List%20of%20projects.xlsx,https://web.archive.org/web/20260812130119/https://www.entsog.eu/sites/default/files/2024-07/TYNDP%202024%20Annex%20A%20-%20List%20of%20projects.xlsx
'Gas pipelines'!BI954,P1711,gas,Length [ref],https://www.entsog.eu/sites/default/files/2019-11/__TYNDP%202020_Annex%20A%20-%20Projects%20Tables.xlsx,https://web.archive.org/web/20260812130701/https://www.entsog.eu/sites/default/files/2019-11/__TYNDP%202020_Annex%20A%20-%20Projects%20Tables.xlsx
'Gas pipelines'!BI1651,P3137,gas,Length [ref],https://www.entsog.eu/sites/default/files/2022-03/TYNDP2022%20List%20of%20Projects%20-%20Project%20Tables-Final.xlsx,https://web.archive.org/web/20260812130832/https://www.entsog.eu/sites/default/files/2022-03/TYNDP2022%20List%20of%20Projects%20-%20Project%20Tables-Final.xlsx
'Gas pipelines'!BI3864,P7472,gas,Length [ref],https://www.entsog.eu/sites/default/files/2024-07/TYNDP%202024%20Annex%20A%20-%20List%20of%20projects.xlsx,https://web.archive.org/web/20260812130119/https://www.entsog.eu/sites/default/files/2024-07/TYNDP%202024%20Annex%20A%20-%20List%20of%20projects.xlsx
'Gas pipelines'!BI3865,P7473,gas,Length [ref],https://www.entsog.eu/sites/default/files/2024-07/TYNDP%202024%20Annex%20A%20-%20List%20of%20projects.xlsx,https://web.archive.org/web/20260812130119/https://www.entsog.eu/sites/default/files/2024-07/TYNDP%202024%20Annex%20A%20-%20List%20of%20projects.xlsx
'Gas pipelines'!BO783,P1340,gas,Diameter [ref],https://www.entsog.eu/sites/default/files/2020-11/ENTSOG_TYNDP_2020_Annex_A_Projects_Tables.xlsx,https://web.archive.org/web/20260812130721/https://www.entsog.eu/sites/default/files/2020-11/ENTSOG_TYNDP_2020_Annex_A_Projects_Tables.xlsx
'Gas pipelines'!BO788,P1345,gas,Diameter [ref],https://www.entsog.eu/sites/default/files/2024-07/TYNDP%202024%20Annex%20A%20-%20List%20of%20projects.xlsx,https://web.archive.org/web/20260812130119/https://www.entsog.eu/sites/default/files/2024-07/TYNDP%202024%20Annex%20A%20-%20List%20of%20projects.xlsx
'Gas pipelines'!BO950,P1706,gas,Diameter [ref],https://www.entsog.eu/sites/default/files/2024-07/TYNDP%202024%20Annex%20A%20-%20List%20of%20projects.xlsx,https://web.archive.org/web/20260812130119/https://www.entsog.eu/sites/default/files/2024-07/TYNDP%202024%20Annex%20A%20-%20List%20of%20projects.xlsx
'Gas pipelines'!BO952,P1708,gas,Diameter [ref],https://www.entsog.eu/sites/default/files/2024-07/TYNDP%202024%20Annex%20A%20-%20List%20of%20projects.xlsx,https://web.archive.org/web/20260812130119/https://www.entsog.eu/sites/default/files/2024-07/TYNDP%202024%20Annex%20A%20-%20List%20of%20projects.xlsx
'Gas pipelines'!BO1651,P3137,gas,Diameter [ref],https://www.entsog.eu/sites/default/files/2022-03/TYNDP2022%20List%20of%20Projects%20-%20Project%20Tables-Final.xlsx,https://web.archive.org/web/20260812130832/https://www.entsog.eu/sites/default/files/2022-03/TYNDP2022%20List%20of%20Projects%20-%20Project%20Tables-Final.xlsx
'Gas pipelines'!BO3385,P5922,gas,Diameter [ref],https://www.entsog.eu/sites/default/files/2020-11/ENTSOG_TYNDP_2020_Annex_A_Projects_Tables.xlsx,https://web.archive.org/web/20260812130721/https://www.entsog.eu/sites/default/files/2020-11/ENTSOG_TYNDP_2020_Annex_A_Projects_Tables.xlsx
'Gas pipelines'!BO3864,P7472,gas,Diameter [ref],https://www.entsog.eu/sites/default/files/2024-07/TYNDP%202024%20Annex%20A%20-%20List%20of%20projects.xlsx,https://web.archive.org/web/20260812130119/https://www.entsog.eu/sites/default/files/2024-07/TYNDP%202024%20Annex%20A%20-%20List%20of%20projects.xlsx
'Gas pipelines'!BO3865,P7473,gas,Diameter [ref],https://www.entsog.eu/sites/default/files/2024-07/TYNDP%202024%20Annex%20A%20-%20List%20of%20projects.xlsx,https://web.archive.org/web/20260812130119/https://www.entsog.eu/sites/default/files/2024-07/TYNDP%202024%20Annex%20A%20-%20List%20of%20projects.xlsx
'Gas pipelines'!BR3864,P7472,gas,FuelSource [ref],https://www.entsog.eu/sites/default/files/2024-07/TYNDP%202024%20Annex%20A%20-%20List%20of%20projects.xlsx,https://web.archive.org/web/20260812130119/https://www.entsog.eu/sites/default/files/2024-07/TYNDP%202024%20Annex%20A%20-%20List%20of%20projects.xlsx
'Gas pipelines'!BR3865,P7473,gas,FuelSource [ref],https://www.entsog.eu/sites/default/files/2024-07/TYNDP%202024%20Annex%20A%20-%20List%20of%20projects.xlsx,https://web.archive.org/web/20260812130119/https://www.entsog.eu/sites/default/files/2024-07/TYNDP%202024%20Annex%20A%20-%20List%20of%20projects.xlsx
'Gas pipelines'!CF783,P1340,gas,Location [ref],https://www.entsog.eu/sites/default/files/2020-11/ENTSOG_TYNDP_2020_Annex_A_Projects_Tables.xlsx,https://web.archive.org/web/20260812130721/https://www.entsog.eu/sites/default/files/2020-11/ENTSOG_TYNDP_2020_Annex_A_Projects_Tables.xlsx
'Gas pipelines'!CF788,P1345,gas,Location [ref],https://www.entsog.eu/sites/default/files/2024-07/TYNDP%202024%20Annex%20A%20-%20List%20of%20projects.xlsx,https://web.archive.org/web/20260812130119/https://www.entsog.eu/sites/default/files/2024-07/TYNDP%202024%20Annex%20A%20-%20List%20of%20projects.xlsx
'Gas pipelines'!CF3385,P5922,gas,Location [ref],https://www.entsog.eu/sites/default/files/2020-11/ENTSOG_TYNDP_2020_Annex_A_Projects_Tables.xlsx,https://web.archive.org/web/20260812130721/https://www.entsog.eu/sites/default/files/2020-11/ENTSOG_TYNDP_2020_Annex_A_Projects_Tables.xlsx
'Gas pipelines'!CF4149,P7762,gas,Location [ref],https://www.entsog.eu/sites/default/files/2024-07/TYNDP%202024%20Annex%20A%20-%20List%20of%20projects.xlsx,https://web.archive.org/web/20260812130119/https://www.entsog.eu/sites/default/files/2024-07/TYNDP%202024%20Annex%20A%20-%20List%20of%20projects.xlsx
'Gas pipelines'!CM788,P1345,gas,SegmentCost [ref],https://www.entsog.eu/sites/default/files/2024-07/TYNDP%202024%20Annex%20A%20-%20List%20of%20projects.xlsx,https://web.archive.org/web/20260812130119/https://www.entsog.eu/sites/default/files/2024-07/TYNDP%202024%20Annex%20A%20-%20List%20of%20projects.xlsx
'Gas pipelines'!CM949,P1705,gas,SegmentCost [ref],https://www.entsog.eu/sites/default/files/2024-07/TYNDP%202024%20Annex%20A%20-%20List%20of%20projects.xlsx,https://web.archive.org/web/20260812130119/https://www.entsog.eu/sites/default/files/2024-07/TYNDP%202024%20Annex%20A%20-%20List%20of%20projects.xlsx
'Gas pipelines'!CM952,P1708,gas,SegmentCost [ref],https://www.entsog.eu/sites/default/files/2024-07/TYNDP%202024%20Annex%20A%20-%20List%20of%20projects.xlsx,https://web.archive.org/web/20260812130119/https://www.entsog.eu/sites/default/files/2024-07/TYNDP%202024%20Annex%20A%20-%20List%20of%20projects.xlsx
'Gas pipelines'!CM1652,P3138,gas,SegmentCost [ref],https://www.entsog.eu/sites/default/files/2021-07/TYNDP_2020%20-%20Annex%20A%20-%20Projects%20Tables.xlsx,https://web.archive.org/web/20260812130809/https://www.entsog.eu/sites/default/files/2021-07/TYNDP_2020%20-%20Annex%20A%20-%20Projects%20Tables.xlsx
'Gas pipelines'!CM2381,P4463,gas,SegmentCost [ref],https://www.entsog.eu/sites/default/files/2024-07/TYNDP%202024%20Annex%20A%20-%20List%20of%20projects.xlsx,https://web.archive.org/web/20260812130119/https://www.entsog.eu/sites/default/files/2024-07/TYNDP%202024%20Annex%20A%20-%20List%20of%20projects.xlsx
'Gas pipelines'!CM2976,P5119,gas,SegmentCost [ref],https://www.entsog.eu/sites/default/files/2024-07/TYNDP%202024%20Annex%20A%20-%20List%20of%20projects.xlsx,https://web.archive.org/web/20260812130119/https://www.entsog.eu/sites/default/files/2024-07/TYNDP%202024%20Annex%20A%20-%20List%20of%20projects.xlsx
'Gas pipelines'!CM3019,P5494,gas,SegmentCost [ref],https://www.entsog.eu/sites/default/files/2024-07/TYNDP%202024%20Annex%20A%20-%20List%20of%20projects.xlsx,https://web.archive.org/web/20260812130119/https://www.entsog.eu/sites/default/files/2024-07/TYNDP%202024%20Annex%20A%20-%20List%20of%20projects.xlsx
'Gas pipelines'!CM3125,P5605,gas,SegmentCost [ref],https://www.entsog.eu/sites/default/files/2024-07/TYNDP%202024%20Annex%20A%20-%20List%20of%20projects.xlsx,https://web.archive.org/web/20260812130119/https://www.entsog.eu/sites/default/files/2024-07/TYNDP%202024%20Annex%20A%20-%20List%20of%20projects.xlsx
'Gas pipelines'!CM3720,P6872,gas,SegmentCost [ref],https://www.entsog.eu/sites/default/files/2024-07/TYNDP%202024%20Annex%20A%20-%20List%20of%20projects.xlsx,https://web.archive.org/web/20260812130119/https://www.entsog.eu/sites/default/files/2024-07/TYNDP%202024%20Annex%20A%20-%20List%20of%20projects.xlsx
'Gas pipelines'!CM3748,P6903,gas,SegmentCost [ref],https://www.entsog.eu/sites/default/files/2024-07/TYNDP%202024%20Annex%20A%20-%20List%20of%20projects.xlsx,https://web.archive.org/web/20260812130119/https://www.entsog.eu/sites/default/files/2024-07/TYNDP%202024%20Annex%20A%20-%20List%20of%20projects.xlsx
'Gas pipelines'!CM4149,P7762,gas,SegmentCost [ref],https://www.entsog.eu/sites/default/files/2024-07/TYNDP%202024%20Annex%20A%20-%20List%20of%20projects.xlsx,https://web.archive.org/web/20260812130119/https://www.entsog.eu/sites/default/files/2024-07/TYNDP%202024%20Annex%20A%20-%20List%20of%20projects.xlsx
'Gas pipelines'!CM4173,P7786,gas,SegmentCost [ref],https://www.entsog.eu/sites/default/files/2021-07/TYNDP_2020%20-%20Annex%20A%20-%20Projects%20Tables.xlsx,https://web.archive.org/web/20260812130809/https://www.entsog.eu/sites/default/files/2021-07/TYNDP_2020%20-%20Annex%20A%20-%20Projects%20Tables.xlsx
'Gas pipelines'!CR1652,P3138,gas,FID [ref],https://www.entsog.eu/sites/default/files/2021-07/TYNDP_2020%20-%20Annex%20A%20-%20Projects%20Tables.xlsx,https://web.archive.org/web/20260812130809/https://www.entsog.eu/sites/default/files/2021-07/TYNDP_2020%20-%20Annex%20A%20-%20Projects%20Tables.xlsx
'Oil/NGL pipelines'!T471,P2660,oil,Status [ref],"https://www.sec.gov/Archives/edgar/data/1276187/000127618726000013/et-20251231.htm, https://www.eia.gov/petroleum/xls/EIA_LiqPipProject.xlsx","https://www.sec.gov/Archives/edgar/data/1276187/000127618726000013/et-20251231.htm, https://web.archive.org/web/20260812130637/https://www.eia.gov/petroleum/xls/EIA_LiqPipProject.xlsx"
'Oil/NGL pipelines'!AN457,P2581,oil,Start [ref],"https://www.sec.gov/Archives/edgar/data/1161154/000116115415000031/q22015pressrelease8-kexhib.htm, https://www.eia.gov/petroleum/xls/EIA_LiqPipProject.xlsx","https://www.sec.gov/Archives/edgar/data/1161154/000116115415000031/q22015pressrelease8-kexhib.htm, https://web.archive.org/web/20260812130637/https://www.eia.gov/petroleum/xls/EIA_LiqPipProject.xlsx"
'Oil/NGL pipelines'!AN471,P2660,oil,Start [ref],"https://www.sec.gov/Archives/edgar/data/1276187/000127618718000064/ex991eterq32018.htm, https://www.eia.gov/petroleum/xls/EIA_LiqPipProject.xlsx","https://www.sec.gov/Archives/edgar/data/1276187/000127618718000064/ex991eterq32018.htm, https://web.archive.org/web/20260812130637/https://www.eia.gov/petroleum/xls/EIA_LiqPipProject.xlsx"
'Oil/NGL pipelines'!AN481,P2661,oil,Start [ref],"https://www.sec.gov/Archives/edgar/data/1276187/000127618720000011/et12-31x201910k.htm, https://www.eia.gov/petroleum/xls/EIA_LiqPipProject.xlsx","https://www.sec.gov/Archives/edgar/data/1276187/000127618720000011/et12-31x201910k.htm, https://web.archive.org/web/20260812130637/https://www.eia.gov/petroleum/xls/EIA_LiqPipProject.xlsx"
'Oil/NGL pipelines'!BD451,P0113,oil,Capacity [ref],"https://www.sec.gov/Archives/edgar/data/1161154/000119312512457643/d434020dex991.htm, http://web.archive.org/web/20170624010832/http://northamericanshalemagazine.com:80/articles/1949/energy-transfer-partners-to-build-permian-express-3-pipeline, https://www.eia.gov/petroleum/xls/EIA_LiqPipProject.xlsx","https://www.sec.gov/Archives/edgar/data/1161154/000119312512457643/d434020dex991.htm, http://web.archive.org/web/20170624010832/http://northamericanshalemagazine.com:80/articles/1949/energy-transfer-partners-to-build-permian-express-3-pipeline, https://web.archive.org/web/20260812130637/https://www.eia.gov/petroleum/xls/EIA_LiqPipProject.xlsx"
'Oil/NGL pipelines'!BD457,P2581,oil,Capacity [ref],"https://www.eia.gov/petroleum/xls/EIA_LiqPipProject.xlsx, https://web.archive.org/web/20231205223128/https://rbnenergy.com/node/4536","https://web.archive.org/web/20260812130637/https://www.eia.gov/petroleum/xls/EIA_LiqPipProject.xlsx, https://web.archive.org/web/20231205223128/https://rbnenergy.com/node/4536"
'Oil/NGL pipelines'!BD471,P2660,oil,Capacity [ref],"http://web.archive.org/web/20210121091919/https://www.businesswire.com/news/home/20180529005848/en/Energy-Transfer-Launches-Marketing-Process-Additional-Commitments, https://www.eia.gov/petroleum/xls/EIA_LiqPipProject.xlsx","http://web.archive.org/web/20210121091919/https://www.businesswire.com/news/home/20180529005848/en/Energy-Transfer-Launches-Marketing-Process-Additional-Commitments, https://web.archive.org/web/20260812130637/https://www.eia.gov/petroleum/xls/EIA_LiqPipProject.xlsx"
'Oil/NGL pipelines'!BD481,P2661,oil,Capacity [ref],"https://www.sec.gov/Archives/edgar/data/1276187/000127618719000030/ex991eterq22019.htm, https://www.eia.gov/petroleum/xls/EIA_LiqPipProject.xlsx","https://www.sec.gov/Archives/edgar/data/1276187/000127618719000030/ex991eterq22019.htm, https://web.archive.org/web/20260812130637/https://www.eia.gov/petroleum/xls/EIA_LiqPipProject.xlsx"
'Oil/NGL pipelines'!BH457,P2581,oil,Length [ref],"https://www.eia.gov/petroleum/xls/EIA_LiqPipProject.xlsx, https://www.offshore-technology.com/marketdata/permian-express-phase-ii-oil-pipeline-the-us/","https://web.archive.org/web/20260812130637/https://www.eia.gov/petroleum/xls/EIA_LiqPipProject.xlsx, https://www.offshore-technology.com/marketdata/permian-express-phase-ii-oil-pipeline-the-us/"
'Oil/NGL pipelines'!BH471,P2660,oil,Length [ref],"https://www.sec.gov/Archives/edgar/data/1161154/000119312518249842/d607097d425.htm, https://www.eia.gov/petroleum/xls/EIA_LiqPipProject.xlsx","https://www.sec.gov/Archives/edgar/data/1161154/000119312518249842/d607097d425.htm, https://web.archive.org/web/20260812130637/https://www.eia.gov/petroleum/xls/EIA_LiqPipProject.xlsx"
'Oil/NGL pipelines'!BH481,P2661,oil,Length [ref],"https://www.sec.gov/Archives/edgar/data/1161154/000119312518267597/d620886d425.htm, https://www.eia.gov/petroleum/xls/EIA_LiqPipProject.xlsx","https://www.sec.gov/Archives/edgar/data/1161154/000119312518267597/d620886d425.htm, https://web.archive.org/web/20260812130637/https://www.eia.gov/petroleum/xls/EIA_LiqPipProject.xlsx"
'Oil/NGL pipelines'!BN457,P2581,oil,Diameter [ref],"https://www.eia.gov/petroleum/xls/EIA_LiqPipProject.xlsx, https://www.offshore-technology.com/marketdata/permian-express-phase-ii-oil-pipeline-the-us/","https://web.archive.org/web/20260812130637/https://www.eia.gov/petroleum/xls/EIA_LiqPipProject.xlsx, https://www.offshore-technology.com/marketdata/permian-express-phase-ii-oil-pipeline-the-us/"
'Oil/NGL pipelines'!BQ457,P2581,oil,FuelSource [ref],"https://www.sec.gov/Archives/edgar/data/1161154/000116115416000062/a2015form10-k.htm, https://www.eia.gov/petroleum/xls/EIA_LiqPipProject.xlsx","https://www.sec.gov/Archives/edgar/data/1161154/000116115416000062/a2015form10-k.htm, https://web.archive.org/web/20260812130637/https://www.eia.gov/petroleum/xls/EIA_LiqPipProject.xlsx"
'Oil/NGL pipelines'!BV457,P2581,oil,StartLocation [ref],"https://www.sec.gov/Archives/edgar/data/1161154/000116115416000062/a2015form10-k.htm, https://www.eia.gov/petroleum/xls/EIA_LiqPipProject.xlsx","https://www.sec.gov/Archives/edgar/data/1161154/000116115416000062/a2015form10-k.htm, https://web.archive.org/web/20260812130637/https://www.eia.gov/petroleum/xls/EIA_LiqPipProject.xlsx"
'Pipeline operators/owners'!U1148,P1321,owners,Owner [ref],https://www.entsog.eu/sites/default/files/2024-07/TYNDP%202024%20Annex%20A%20-%20List%20of%20projects.xlsx,https://web.archive.org/web/20260812130119/https://www.entsog.eu/sites/default/files/2024-07/TYNDP%202024%20Annex%20A%20-%20List%20of%20projects.xlsx
'Pipeline operators/owners'!U6074,P7710,owners,Owner [ref],https://www.entsog.eu/sites/default/files/2024-07/TYNDP%202024%20Annex%20A%20-%20List%20of%20projects.xlsx,https://web.archive.org/web/20260812130119/https://www.entsog.eu/sites/default/files/2024-07/TYNDP%202024%20Annex%20A%20-%20List%20of%20projects.xlsx
