target,locator,before,after
data dictionary,Data dictionary - Oil/NGL pipelines!D48,"very low (straight line/schematic): route is a straight line or schematic — a basic point A to point B connection, not an actual alignment
low: route follows the general path of the actual alignment, but is only coarsely or partially traced
medium: route is not a straight line, but hasn't been traced
high: route has been digitally traced in GIS software or the shapefile has been obtained from a reliable source
very high (within meters): route has been traced to within meters of the actual alignment
no route: we don't have a route for it, either because it's unavailable/unknown or is a capacity/directionality expansion","very low (straight line/schematic): route is a straight line or schematic — a basic point A to point B connection, not an actual alignment
low: route follows the general path of the actual alignment, but is only coarsely or partially traced
medium: route is not a straight line, but hasn't been traced
high: route has been digitally traced in GIS software or the shapefile has been obtained from a reliable source
very high (within meters): route has been traced to within meters of the actual alignment
no route: we don't have a route for it, either because it's unavailable/unknown or is a capacity/directionality expansion
Unbuilt pipelines cap at medium: if a project’s status is proposed, shelved, cancelled, or under construction but not yet complete, high and very high do not apply — those grades are reserved for pipe that is built, or whose construction can be traced from satellite imagery."
data dictionary,Data dictionary - Gas pipelines!D109,"very low (straight line/schematic): route is a straight line or schematic — a basic point A to point B connection, not an actual alignment
low: route follows the general path of the actual alignment, but is only coarsely or partially traced
medium: route is not a straight line, but hasn't been traced
high: route has been digitally traced in GIS software or the shapefile has been obtained from a reliable source
very high (within meters): route has been traced to within meters of the actual alignment
no route: we don't have a route for it, either because it's unavailable/unknown or is a capacity/directionality expansion","very low (straight line/schematic): route is a straight line or schematic — a basic point A to point B connection, not an actual alignment
low: route follows the general path of the actual alignment, but is only coarsely or partially traced
medium: route is not a straight line, but hasn't been traced
high: route has been digitally traced in GIS software or the shapefile has been obtained from a reliable source
very high (within meters): route has been traced to within meters of the actual alignment
no route: we don't have a route for it, either because it's unavailable/unknown or is a capacity/directionality expansion
Unbuilt pipelines cap at medium: if a project’s status is proposed, shelved, cancelled, or under construction but not yet complete, high and very high do not apply — those grades are reserved for pipe that is built, or whose construction can be traced from satellite imagery."
data dictionary,Data dictionary - Hydrogen pipelines!D107,"very low (straight line/schematic): route is a straight line or schematic — a basic point A to point B connection, not an actual alignment
low: route follows the general path of the actual alignment, but is only coarsely or partially traced
medium: route is not a straight line, but hasn't been traced
high: route has been digitally traced in GIS software or the shapefile has been obtained from a reliable source
very high (within meters): route has been traced to within meters of the actual alignment
no route: we don't have a route for it, either because it's unavailable/unknown or is a capacity/directionality expansion","very low (straight line/schematic): route is a straight line or schematic — a basic point A to point B connection, not an actual alignment
low: route follows the general path of the actual alignment, but is only coarsely or partially traced
medium: route is not a straight line, but hasn't been traced
high: route has been digitally traced in GIS software or the shapefile has been obtained from a reliable source
very high (within meters): route has been traced to within meters of the actual alignment
no route: we don't have a route for it, either because it's unavailable/unknown or is a capacity/directionality expansion
Unbuilt pipelines cap at medium: if a project’s status is proposed, shelved, cancelled, or under construction but not yet complete, high and very high do not apply — those grades are reserved for pipe that is built, or whose construction can be traced from satellite imagery."
pipelines manual,1eYvQ5-MFhvp5Qn8QuVgY1C6xV_A9XkvTFfDkP1z4xvY @ index 40619,(appended to RouteAccuracy bullet),"Unbuilt pipelines cap at medium, no matter how well the route is traced: if a project’s status is proposed, shelved, cancelled, or under construction but not yet complete, do not choose high or very high. Those two grades are reserved for pipe that is built, or whose construction can be traced from satellite imagery."
