commodity,tab,sheet_row,col,pid,name,segment,country,status,before,after
oil,Oil/NGL pipelines,4,CW,P6165,Tikhoretsk-Novorossiysk Oil Pipeline,4,,construction,high,medium
oil,Oil/NGL pipelines,117,CW,P7992,Hiland Express Pipeline,Double H Conversion to NGL,,construction,high,medium
oil,Oil/NGL pipelines,249,CW,P6139,Gubkinsky-Yuzhny Balyk Product Pipeline,II,,construction,very high (within meters),medium
oil,Oil/NGL pipelines,250,CW,P6134,Nizhnevartovsk-Yuzhny Balyk Product Pipeline,II,,construction,high,medium
oil,Oil/NGL pipelines,266,CW,P6135,Nizhnevartovsk-Yuzhny Balyk Product Pipeline,III,,construction,high,medium
oil,Oil/NGL pipelines,619,CW,P5357,Sabz–Rey Oil Pipeline,"Pipeline 2 ""Tang Fani PS- Shazand""",,construction,high,medium
oil,Oil/NGL pipelines,718,CW,P3698,D33 Baltic Sea Oil Pipeline,Romanovo-Lukoil KNT Oil Pipeline,,construction,high,medium
oil,Oil/NGL pipelines,809,CW,P3675,Vostok Oil Pipeline,Vankor-Payakha-Sever Bay I Oil Pipeline,,construction,high,medium
oil,Oil/NGL pipelines,810,CW,P7160,Vostok Oil Pipeline,Vankor-Payakha-Sever Bay II Oil Pipeline,,construction,high,medium
oil,Oil/NGL pipelines,918,CW,P7295,El Borma-PC1/PK137 Oil Pipeline,nan,,construction,high,medium
oil,Oil/NGL pipelines,924,CW,P7294,Haoudh El Hamr-SP1 Bis Djmea Oil Pipeline,nan,,construction,high,medium
oil,Oil/NGL pipelines,926,CW,P7292,In Amenas-Ohanet Oil Pipeline,nan,,construction,high,medium
oil,Oil/NGL pipelines,937,CW,P1292,Pikka Sales Oil Pipeline,nan,,construction,high,medium
oil,Oil/NGL pipelines,948,CW,P7991,Speedway NGL Pipeline,nan,,construction,high,medium
oil,Oil/NGL pipelines,957,CW,P3668,Willow Sales Oil Pipeline,nan,,construction,high,medium
oil,Oil/NGL pipelines,2010,CW,P0541,East African Crude Oil Pipeline (EACOP),nan,,construction,high,medium
gas,Gas pipelines,39,DD,P0178,FortisBC Pipeline,Eagle Mountain-Woodfibre Gas Pipeline,,construction,high,medium
gas,Gas pipelines,97,DD,P0243,Prince Rupert Gas Transmission Pipeline,nan,,construction,high,medium
gas,Gas pipelines,209,DD,P0418,Liza Gas Pipeline,nan,,construction,high,medium
gas,Gas pipelines,239,DD,P0452,Iran-Pakistan Pipeline,nan,,construction,high,medium
gas,Gas pipelines,384,DD,P0766,Turkmenistan-Afghanistan-Pakistan-India Gas Pipeline,nan,,construction,high,medium
gas,Gas pipelines,432,DD,P0846,Bogra-Rangpur-Nilphamari Transmission Pipeline,nan,,construction,high,medium
gas,Gas pipelines,482,DD,P0922,Ennore-Tuticorn-Bengalaru Gas Pipeline,nan,,construction,high,medium
gas,Gas pipelines,489,DD,P0929,Jagdishpur-Haldia-Bokaro-Dhamra Natural Gas Pipeline (JHBDPL),nan,,construction,high,medium
gas,Gas pipelines,503,DD,P0954,Srikakulam-Angul Gas Pipeline,nan,,construction,high,medium
gas,Gas pipelines,766,DD,P1309,North East Natural Gas Pipeline Grid Project,nan,,construction,high,medium
gas,Gas pipelines,816,DD,P1434,Kakinada-Vijayawada-Nellore Gas Pipeline,nan,,construction,high,medium
gas,Gas pipelines,948,DD,P1702,Black Sea Shore-Podisor Pipeline,nan,,construction,high,medium
gas,Gas pipelines,1145,DD,P2216,Mumbai-Nagpur-Jharsuguda Gas Pipeline,nan,,construction,high,medium
gas,Gas pipelines,1159,DD,P2242,Energia Mayakan Pipeline,Capacity Expansion,,construction,high,medium
gas,Gas pipelines,1190,DD,P2287,Bovanenkovo-Ukhta Gas Pipeline,Pipeline 3,,construction,high,medium
gas,Gas pipelines,1204,DD,P2313,Gryazovets-Volkhov Gas Pipeline,nan,,construction,high,medium
gas,Gas pipelines,1248,DD,P2425,Pochinki-Anapa Gas Pipeline,nan,,construction,high,medium
gas,Gas pipelines,1408,DD,P2746,Kochi-Koottanad-Bangalore-Mangalore Gas Pipeline,Phase II,,construction,high,medium
gas,Gas pipelines,1682,DD,P3178,Sawan–Lahore Gas Pipeline,nan,,construction,high,medium
gas,Gas pipelines,1720,DD,P3244,Racibórz–Oświęcim Gas Pipeline,nan,,construction,high,medium
gas,Gas pipelines,1727,DD,P3282,Driftwood LNG Pipeline,Line 200 and Line 300 Expansion (Phase 1),,construction,high,medium
gas,Gas pipelines,1831,DD,P3589,CP Express Pipeline,nan,,construction,high,medium
gas,Gas pipelines,1835,DD,P3602,Mallavaram-Bhopal-Bhilwara-Vijaipur Gas Pipeline,Phase II,,construction,high,medium
gas,Gas pipelines,1851,DD,P3619,Cedar LNG Pipeline,nan,,construction,high,medium
gas,Gas pipelines,1909,DD,P3885,Hugh Brinson Gas Pipeline,nan,,construction,high,medium
gas,Gas pipelines,1993,DD,P3982,Tyukalinsk-Valuevskaya-Nalimovskaya-Nazyvaevsk Gas Pipeline,nan,,construction,high,medium
gas,Gas pipelines,2008,DD,P4000,Augusta Gas Pipeline,nan,,construction,high,medium
gas,Gas pipelines,2058,DD,P4053,Erbil-Duhok Gas Pipeline,nan,,construction,high,medium
gas,Gas pipelines,2087,DD,P4085,Olonets-Pitkyaranta Gas Pipeline,nan,,construction,high,medium
gas,Gas pipelines,2193,DD,P4210,Sheksna-Kirillov-Lipin Bor-Vytegra-Pudozh Gas Pipeline,Stage IV: Vytegra-Pudozh Gas Pipeline,,construction,high,medium
gas,Gas pipelines,2309,DD,P4327,Ajdovščina – Lucija Gas Pipeline,nan,,construction,high,medium
gas,Gas pipelines,2341,DD,P4361,High Pressure Pipeline to West Macedonia,nan,,construction,high,medium
gas,Gas pipelines,2486,DD,P4580,Anhui Gas Pipeline Network,Bengbu–Hefei Gas Pipeline,,construction,high,medium
gas,Gas pipelines,2487,DD,P4582,Anhui Gas Pipeline Network,Chaohu–Jiangbei District Gas Pipeline,,construction,high,medium
gas,Gas pipelines,2488,DD,P4583,Anhui Gas Pipeline Network,Eastern North-South Backbone Gas Pipeline (Huaibei–Chuzhou),,construction,high,medium
gas,Gas pipelines,2493,DD,P4589,Anhui Gas Pipeline Network,Middle North–South Backbone Gas Pipeline (Suzhou–Huangshan),,construction,high,medium
gas,Gas pipelines,2495,DD,P4591,Anhui Gas Pipeline Network,Northeast Anhui Natural Gas Pipeline Phase II (Chuzhou–Ma'anshan),,construction,high,medium
gas,Gas pipelines,2497,DD,P4593,Anhui Gas Pipeline Network,Suzhou–Huaibei–Xiao County–Dangshan Gas Pipeline,,construction,high,medium
gas,Gas pipelines,2498,DD,P4594,Anhui Gas Pipeline Network,Western North–South Backbone Gas Pipeline (Bozhou–Chizhou),,construction,high,medium
gas,Gas pipelines,2620,DD,P4723,Guangxi LNG Terminal Transport Pipeline,Baise-Wenshan Branch,,construction,high,medium
gas,Gas pipelines,2645,DD,P4749,Xinjiang Coal-to-Gas Pipeline,Zhundong Branch,,construction,high,medium
gas,Gas pipelines,2721,DD,P4825,Henan Gas Pipeline Network,Yichuan-Xuedian Gas Pipeline,,construction,high,medium
gas,Gas pipelines,2823,DD,P4930,West-East Gas Pipeline 3,Fujian–Guangdong Branch Phase II (Chaozhou–Zhangzhou),,construction,high,medium
gas,Gas pipelines,2847,DD,P4956,Guizhou Gas Pipeline Network,Jinsha-Qianxi-Nayong Branch Pipeline,,construction,high,medium
gas,Gas pipelines,2865,DD,P4975,Guizhou Gas Pipeline Network,Hezhang-Weining Gas Pipeline,,construction,high,medium
gas,Gas pipelines,2890,DD,P5000,Liaoning Gas Pipeline Network,Zhuanghe-Dandong gas pipeline,,construction,high,medium
gas,Gas pipelines,3003,DD,P5404,Bovanenkovo-Ukhta Gas Pipeline,Pipeline 6,,construction,high,medium
gas,Gas pipelines,3008,DD,P5411,Mehsana-Bhatinda Gas Pipeline,Phase II,,construction,high,medium
gas,Gas pipelines,3018,DD,P5488,Etzel-Wardenburg-Drohne Gas Pipeline,Etzel-Wardenburg (EWA),,construction,high,medium
gas,Gas pipelines,3019,DD,P5489,Etzel-Wardenburg-Drohne Gas Pipeline,Wardenburg-Drohne (WAD),,construction,high,medium
gas,Gas pipelines,3022,DD,P5494,Achim-Elbe Sud Gas Pipeline,nan,,construction,high,medium
gas,Gas pipelines,3040,DD,P5513,China–Russia Far East Gas Pipeline,Hulin–Changchun Trunk Line,,construction,high,medium
gas,Gas pipelines,3042,DD,P5515,Shandong Gas Pipeline Network,Zibo City High Pressure Gas Pipeline (Phase 1),,construction,high,medium
gas,Gas pipelines,3047,DD,P5521,Belogorsk-Khabarovsk Gas Pipeline,nan,,construction,high,medium
gas,Gas pipelines,3092,DD,P5569,Shanxi Gas Pipeline Network,Duanchun-Wenquanxiang Gas Pipeline,,construction,high,medium
gas,Gas pipelines,3144,DD,P5622,Anhui Gas Pipeline Network,Taihu-Qianshan Branch,,construction,high,medium
gas,Gas pipelines,3202,DD,P5696,Bukhara-Ural Gas Pipeline,CS 14-Aktobe III,,construction,high,medium
gas,Gas pipelines,3221,DD,P5719,Xinjiang Gas Pipeline Network,Tacheng Area Gas Pipeline,,construction,high,medium
gas,Gas pipelines,3281,DD,P5788,Beineu-Bozoy-Shymkent Gas Pipeline,II,,construction,high,medium
gas,Gas pipelines,3350,DD,P5879,The Connection Pipeline between Guangdong Gas Pipeline Network and Fujian Gas Pipeline Network ,Guandong Section,,construction,high,medium
gas,Gas pipelines,3351,DD,P5880,The Connection Pipeline between Guangdong Gas Pipeline Network and Fujian Gas Pipeline Network ,Fujian Section,,construction,high,medium
gas,Gas pipelines,3365,DD,P5899,Kulata-Kresna Gas Pipeline,nan,,construction,high,medium
gas,Gas pipelines,3367,DD,P5901,Taldykorgan-Usharal Gas Pipeline,nan,,construction,high,medium
gas,Gas pipelines,3541,DD,P6574,Tula-Villa de Reyes Gas Pipeline,South section,,construction,high,medium
gas,Gas pipelines,3831,DD,P7434,Mahmudiyah-Besmaya Gas Pipeline,nan,,construction,high,medium
gas,Gas pipelines,3911,DD,P7516,South German Gas Pipeline,Heidelberg-Heilbronn,,construction,very high (within meters),medium
gas,Gas pipelines,3915,DD,P7520,South German Gas Pipeline,Löchgau - Esslingen,,construction,very high (within meters),medium
gas,Gas pipelines,4007,DD,P7614,Tuxpan-Tula Gas Pipeline,Tula Central-West,,construction,high,medium
gas,Gas pipelines,4164,DD,P7772,Northern Natural Gas Pipeline,Northern Lights 2025 Expansion,,construction,high,medium
gas,Gas pipelines,4215,DD,P7823,Spring Creek Gas Infrastructure Expansion Project,Backbone,,construction,high,medium
gas,Gas pipelines,4220,DD,P7828,Blackcomb Pipeline,Main Line,,construction,high,medium
gas,Gas pipelines,4223,DD,P7831,Pelican Pipeline,nan,,construction,high,medium
gas,Gas pipelines,4245,DD,P7853,Targa Resources Pipeline System,Buffalo Run Extension,,construction,high,medium
gas,Gas pipelines,4246,DD,P7854,Targa Resources Pipeline System,Bull Run Extension,,construction,high,medium
