project_id,sheet_row,column,cell,before,after
P1856,986,PipelineName,C986,Intesar-Zueitina Gas Pipeline,Intisar-Zueitina Gas Pipeline
P1856,986,StartLocation,BS986,Intesar Oil field,Intisar Oil field
P1858,988,PipelineName,C988,Bu-Attifel-Intesar Gas Pipeline,Bu-Attifel-Intisar Gas Pipeline
P1858,988,EndLocation,BY988,Intesar Oil field,Intisar Oil field
P1870,999,PipelineName,C999,Intesar-Sahel Gas Pipeline,Intisar-Sahel Gas Pipeline
P1873,1002,PipelineName,C1002,Jakhira-Intesar Gas Pipeline,Jakhira-Intisar Gas Pipeline
P1873,1002,EndLocation,BY1002,Intesar Oil field,Intisar Oil field
P6714,3663,PipelineName,C3663,Bu-Attifel-Intesar Gas Pipeline,Bu-Attifel-Intisar Gas Pipeline
P6714,3663,EndLocation,BY3663,Intesar Oil field,Intisar Oil field
P6714,3663,RouteNotes,DE3663,"9-pt trace, 130 km vs 131.96 km LengthKnown (-1%); endpoints match Bu-Attifel and Intesar and all vertices fall in Libya. Clean QC pass. Merged 2026-08-06 from the AM drive upload.","9-pt trace, 130 km vs 131.96 km LengthKnown (-1%); endpoints match Bu-Attifel and Intisar and all vertices fall in Libya. Clean QC pass. Merged 2026-08-06 from the AM drive upload."
P8043,4305,PipelineName,C4305,Intesar-Brega Gas Pipeline,Intisar-Brega Gas Pipeline
P8043,4305,StartLocation,BS4305,Intesar Oil field,Intisar Oil field
