tab,column,cell,sheet_row,ProjectID,kind,before,after
Gas pipelines,Diameter,BM4346,4346,P8091,retype-text,24,24
Gas pipelines,Diameter,BM4347,4347,P8092,retype-text,24,24
Gas pipelines,Diameter,BM4348,4348,P8093,retype-text,36,36
Gas pipelines,Diameter,BM4349,4349,P8094,retype-text,"30, 20","30, 20"
Gas pipelines,Diameter,BM4350,4350,P8095,retype-text,30,30
Gas pipelines,Diameter,BM4352,4352,P8097,retype-text,24,24
Gas pipelines,Diameter,BM4353,4353,P8098,retype-text,20,20
Gas pipelines,Diameter,BM4354,4354,P8099,retype-text,24,24
Gas pipelines,Diameter,BM4356,4356,P8101,retype-text,42,42
Gas pipelines,Diameter,BM4357,4357,P8102,retype-text,16,16
Gas pipelines,Diameter,BM4358,4358,P8103,retype-text,42,42
Gas pipelines,Diameter,BM4359,4359,P8104,retype-text,12,12
Gas pipelines,Diameter,BM4360,4360,P8105,retype-text,24,24
Gas pipelines,Diameter,BM4363,4363,P8108,retype-text,42,42
Gas pipelines,Diameter,BM4364,4364,P8109,retype-text,20,20
Gas pipelines,Diameter,BM4365,4365,P8110,retype-text,48,48
Gas pipelines,Diameter,BM4366,4366,P8111,retype-text,24,24
Gas pipelines,Diameter,BM4367,4367,P8112,retype-text,16,16
Gas pipelines,Diameter,BM4368,4368,P8113,retype-text,"16, 20","16, 20"
Gas pipelines,Diameter,BM4369,4369,P8114,retype-text,"16, 20, 24","16, 20, 24"
Gas pipelines,Diameter,BM4370,4370,P8115,retype-text,20,20
Gas pipelines,Diameter,BM4371,4371,P8116,retype-text,"20, 24","20, 24"
Gas pipelines,Diameter,BM4372,4372,P8117,retype-text,12,12
Gas pipelines,Diameter,BM4373,4373,P8118,retype-text,20;26,20;26
Gas pipelines,Diameter,BM4374,4374,P8119,retype-text,24,24
Gas pipelines,Diameter,BM4375,4375,P8120,retype-text,20,20
Gas pipelines,Diameter,BM4376,4376,P8121,retype-text,26,26
Gas pipelines,Diameter,BM4377,4377,P8122,retype-text,36,36
Gas pipelines,Diameter,BM4378,4378,P8123,retype-text,24,24
Gas pipelines,Diameter,BM4379,4379,P8124,retype-text,30,30
Gas pipelines,Diameter,BM4380,4380,P8125,retype-text,30,30
Gas pipelines,Diameter,BM4381,4381,P8126,retype-text,20,20
Gas pipelines,Diameter,BM4382,4382,P8127,retype-text,"4, 6, 12","4, 6, 12"
Gas pipelines,Diameter,BM4383,4383,P8128,retype-text,"2, 4","2, 4"
Gas pipelines,Diameter,BM4384,4384,P8129,retype-text,24,24
Gas pipelines,Diameter,BM4385,4385,P8130,retype-text,30,30
Gas pipelines,Diameter,BM4386,4386,P8131,retype-text,24,24
Gas pipelines,Diameter,BM4387,4387,P8132,retype-text,30,30
Gas pipelines,Diameter,BM4388,4388,P8133,retype-text,36,36
Gas pipelines,Diameter,BM4389,4389,P8134,retype-text,"8, 16, 20","8, 16, 20"
Gas pipelines,Diameter,BM4390,4390,P8135,retype-text,36,36
Gas pipelines,Diameter,BM4391,4391,P8136,retype-text,20,20
Gas pipelines,Diameter,BM4392,4392,P8137,retype-text,20,20
Gas pipelines,Diameter,BM4393,4393,P8138,retype-text,24,24
Gas pipelines,Diameter,BM4394,4394,P8139,retype-text,24,24
Gas pipelines,Diameter,BM4395,4395,P8140,retype-text,20,20
Gas pipelines,Diameter,BM4396,4396,P8141,retype-text,20,20
Gas pipelines,Diameter,BM4397,4397,P8142,retype-text,24,24
Gas pipelines,Diameter,BM4398,4398,P8143,retype-text,24,24
Gas pipelines,Diameter,BM4399,4399,P8144,retype-text,24,24
Gas pipelines,Diameter,BM4400,4400,P8145,retype-text,"16, 20","16, 20"
Gas pipelines,Diameter,BM4401,4401,P8146,retype-text,30,30
Gas pipelines,Diameter,BM4402,4402,P8147,retype-text,"12, 16","12, 16"
Gas pipelines,Diameter,BM4403,4403,P8148,retype-text,42,42
Gas pipelines,Diameter,BM4404,4404,P8149,retype-text,24,24
Gas pipelines,Diameter,BM4405,4405,P8150,retype-text,24,24
Gas pipelines,Diameter,BM4406,4406,P8151,retype-text,24,24
Gas pipelines,Diameter,BM4407,4407,P8152,retype-text,"30, 36","30, 36"
Gas pipelines,Diameter,BM4408,4408,P8153,retype-text,36,36
Gas pipelines,Diameter,BM4409,4409,P8154,retype-text,"16, 24","16, 24"
Gas pipelines,Diameter,BM4410,4410,P8155,retype-text,30,30
Gas pipelines,Diameter,BM4411,4411,P8156,retype-text,24,24
Gas pipelines,Diameter,BM4412,4412,P8157,retype-text,"30, 36","30, 36"
Gas pipelines,Diameter,BM4413,4413,P8158,retype-text,"24, 42","24, 42"
Gas pipelines,Diameter,BM4414,4414,P8159,retype-text,36,36
Gas pipelines,Diameter,BM4415,4415,P8160,retype-text,"26, 30, 36","26, 30, 36"
Gas pipelines,Diameter,BM4417,4417,P8162,retype-text,24,24
Gas pipelines,Diameter,BM4418,4418,P8163,retype-text,24,24
Gas pipelines,Diameter,BM4419,4419,P8164,retype-text,42,42
Gas pipelines,Diameter,BM4420,4420,P8165,retype-text,20,20
Gas pipelines,Diameter,BM4421,4421,P8166,retype-text,30,30
Gas pipelines,Diameter,BM4423,4423,P8168,retype-text,8,8
Gas pipelines,Diameter,BM4424,4424,P8169,retype-text,36,36
Gas pipelines,Diameter,BM4425,4425,P8170,retype-text,36,36
Gas pipelines,Diameter,BM4426,4426,P8171,retype-text,36,36
Gas pipelines,Diameter,BM4427,4427,P8172,retype-text,16,16
Gas pipelines,Diameter,BM4428,4428,P8173,retype-text,42,42
Gas pipelines,Diameter,BM4429,4429,P8174,retype-text,"36, 42","36, 42"
Gas pipelines,Diameter,BM4430,4430,P8175,retype-text,20,20
Gas pipelines,Diameter,BM4431,4431,P8176,retype-text,24,24
Gas pipelines,Diameter,BM4433,4433,P8178,retype-text,16,16
Gas pipelines,Diameter,BM4434,4434,P8179,retype-text,"24, 30","24, 30"
Gas pipelines,Diameter,BM4435,4435,P8180,retype-text,6,6
Gas pipelines,Diameter,BM4436,4436,P8181,retype-text,24,24
Gas pipelines,Diameter,BM4437,4437,P8182,retype-text,16;12,16;12
Gas pipelines,Diameter,BM4438,4438,P8183,retype-text,24,24
Gas pipelines,Diameter,BM4439,4439,P8184,retype-text,36,36
Gas pipelines,Diameter,BM4440,4440,P8185,retype-text,24,24
Gas pipelines,Diameter,BM4441,4441,P8186,retype-text,"24, 42","24, 42"
Gas pipelines,Diameter,BM4442,4442,P8187,retype-text,30,30
Gas pipelines,Diameter,BM4443,4443,P8188,retype-text,30,30
Gas pipelines,Diameter,BM4444,4444,P8189,retype-text,24,24
Gas pipelines,Diameter,BM4445,4445,P8190,retype-text,30,30
Gas pipelines,Diameter,BM4446,4446,P8191,retype-text,24,24
Gas pipelines,Diameter,BM4447,4447,P8192,retype-text,"16, 24","16, 24"
Gas pipelines,Diameter,BM4448,4448,P8193,retype-text,36,36
Gas pipelines,Diameter,BM4449,4449,P8194,retype-text,14-24,14-24
Gas pipelines,Diameter,BM4450,4450,P8195,retype-text,30,30
Gas pipelines,Diameter,BM4451,4451,P8196,retype-text,24,24
Gas pipelines,Diameter,BM4452,4452,P8197,retype-text,36,36
Gas pipelines,Diameter,BM4453,4453,P8198,retype-text,30,30
Gas pipelines,Diameter,BM4454,4454,P8199,retype-text,36,36
Gas pipelines,Diameter,BM4455,4455,P8200,retype-text,16,16
Gas pipelines,Diameter,BM4456,4456,P8201,retype-text,"24, 30","24, 30"
Gas pipelines,Diameter,BM4457,4457,P8202,retype-text,"6, 8","6, 8"
Gas pipelines,Diameter,BM4459,4459,P8204,retype-text,36,36
Gas pipelines,Diameter,BM4460,4460,P8205,retype-text,12,12
Gas pipelines,Diameter,BM4461,4461,P8206,retype-text,24,24
Gas pipelines,Diameter,BM4462,4462,P8207,retype-text,12,12
Gas pipelines,Diameter,BM4463,4463,P8208,retype-text,24,24
Gas pipelines,Diameter,BM4464,4464,P8209,retype-text,24,24
Gas pipelines,Diameter,BM4465,4465,P8210,retype-text,"20, 30","20, 30"
Gas pipelines,Diameter,BM4467,4467,P8212,retype-text,"24, 16","24, 16"
Gas pipelines,Diameter,BM4468,4468,P8213,retype-text,"20, 30","20, 30"
Gas pipelines,Diameter,BM4469,4469,P8214,retype-text,36,36
Gas pipelines,Diameter,BM4470,4470,P8215,retype-text,24,24
Gas pipelines,Diameter,BM4471,4471,P8216,retype-text,36,36
Gas pipelines,Diameter,BM4472,4472,P8217,retype-text,20,20
Gas pipelines,Diameter,BM4473,4473,P8218,retype-text,30,30
Gas pipelines,Diameter,BM4474,4474,P8219,retype-text,26;30,26;30
Gas pipelines,Diameter,BM4477,4477,P8222,retype-text,36,36
Gas pipelines,Diameter,BM4478,4478,P8223,retype-text,24,24
Gas pipelines,Diameter,BM4479,4479,P8224,retype-text,24,24
Gas pipelines,Diameter,BM4481,4481,P8226,retype-text,24,24
Gas pipelines,Diameter,BM4483,4483,P8228,retype-text,36,36
Gas pipelines,Diameter,BM4484,4484,P8229,retype-text,26,26
Gas pipelines,Diameter,BM4485,4485,P8230,retype-text,16,16
Gas pipelines,Diameter,BM4486,4486,P8231,retype-text,36,36
Gas pipelines,Diameter,BM4487,4487,P8232,retype-text,20;30,20;30
Gas pipelines,Diameter,BM4488,4488,P8233,retype-text,20,20
Gas pipelines,Diameter,BM4489,4489,P8234,retype-text,24,24
Gas pipelines,Diameter,BM4490,4490,P8235,retype-text,24,24
Gas pipelines,Diameter,BM4491,4491,P8236,retype-text,24,24
Gas pipelines,Diameter,BM4492,4492,P8237,retype-text,20,20
Gas pipelines,Diameter,BM4493,4493,P8238,retype-text,30,30
Gas pipelines,Diameter,BM4494,4494,P8239,retype-text,30,30
Gas pipelines,Diameter,BM4495,4495,P8240,retype-text,24,24
Gas pipelines,Diameter,BM4496,4496,P8241,retype-text,12,12
Gas pipelines,Diameter,BM4497,4497,P8242,retype-text,30; 36,30; 36
Gas pipelines,Diameter,BM4498,4498,P8243,retype-text,6,6
Gas pipelines,Diameter,BM4499,4499,P8244,retype-text,36,36
Gas pipelines,Diameter,BM4500,4500,P8245,retype-text,30,30
Gas pipelines,Diameter,BM4502,4502,P8247,retype-text,24,24
Gas pipelines,Diameter,BM4503,4503,P8248,retype-text,24,24
Gas pipelines,Diameter,BM4504,4504,P8249,retype-text,"24, 30","24, 30"
Gas pipelines,Diameter,BM4505,4505,P8250,retype-text,"12, 16","12, 16"
Gas pipelines,Diameter,BM4506,4506,P8251,retype-text,"24, 36","24, 36"
Gas pipelines,Diameter,BM4507,4507,P8252,retype-text,"30, 36","30, 36"
Gas pipelines,Diameter,BM4508,4508,P8253,retype-text,36,36
Gas pipelines,Diameter,BM4509,4509,P8254,retype-text,20,20
Gas pipelines,Diameter,BM4510,4510,P8255,retype-text,36,36
Gas pipelines,Diameter,BM4511,4511,P8256,retype-text,20,20
Gas pipelines,Diameter,BM4512,4512,P8257,retype-text,16,16
Gas pipelines,Diameter,BM4513,4513,P8258,retype-text,30,30
Gas pipelines,Diameter,BM4515,4515,P8260,retype-text,"12, 16","12, 16"
Gas pipelines,Diameter,BM4518,4518,P8263,retype-text,42,42
Gas pipelines,Diameter,BM4519,4519,P8264,retype-text,30,30
Gas pipelines,Diameter,BM4520,4520,P8265,retype-text,30,30
Gas pipelines,Diameter,BM4521,4521,P8266,retype-text,20,20
Gas pipelines,Diameter,BM4522,4522,P8267,retype-text,"24, 36","24, 36"
Gas pipelines,Diameter,BM4523,4523,P8268,retype-text,36,36
Gas pipelines,Diameter,BM4524,4524,P8269,retype-text,36,36
Gas pipelines,Diameter,BM4525,4525,P8270,retype-text,36,36
Gas pipelines,Diameter,BM4526,4526,P8271,retype-text,36,36
Gas pipelines,Diameter,BM4527,4527,P8272,retype-text,20,20
Gas pipelines,Diameter,BM4528,4528,P8273,retype-text,20,20
Gas pipelines,Diameter,BM4529,4529,P8274,retype-text,"10, 12","10, 12"
Gas pipelines,Diameter,BM4530,4530,P8275,retype-text,24,24
Gas pipelines,Diameter,BM4531,4531,P8276,retype-text,42,42
Gas pipelines,Diameter,BM4532,4532,P8277,retype-text,30,30
Gas pipelines,Diameter,BM4533,4533,P8278,retype-text,42,42
Gas pipelines,Diameter,BM4534,4534,P8279,retype-text,"16, 30","16, 30"
Gas pipelines,Diameter,BM4535,4535,P8280,retype-text,42,42
Gas pipelines,Diameter,BM4536,4536,P8281,retype-text,42,42
Gas pipelines,Diameter,BM4537,4537,P8282,retype-text,10;16,10;16
Gas pipelines,Diameter,BM4538,4538,P8283,retype-text,42,42
Gas pipelines,Diameter,BM4539,4539,P8284,retype-text,"30, 24","30, 24"
Gas pipelines,Diameter,BM4540,4540,P8285,retype-text,"42, 48","42, 48"
Gas pipelines,Diameter,BM4541,4541,P8286,retype-text,"30, 42","30, 42"
Gas pipelines,Diameter,BM4543,4543,P8288,retype-text,"42, 48","42, 48"
Gas pipelines,Diameter,BM4544,4544,P8289,retype-text,24,24
Gas pipelines,Diameter,BM4545,4545,P8290,retype-text,24,24
Gas pipelines,Diameter,BM4546,4546,P8291,retype-text,"36,42","36,42"
Gas pipelines,Diameter,BM4547,4547,P8292,retype-text,36,36
Gas pipelines,Diameter,BM4548,4548,P8293,retype-text,36,36
Gas pipelines,Diameter,BM4549,4549,P8294,retype-text,24,24
Gas pipelines,Diameter,BM4550,4550,P8295,retype-text,36,36
Gas pipelines,Diameter,BM4551,4551,P8296,retype-text,36,36
Gas pipelines,Diameter,BM4552,4552,P8297,retype-text,8,8
Gas pipelines,Diameter,BM4553,4553,P8298,retype-text,"8, 16","8, 16"
Gas pipelines,Diameter,BM4554,4554,P8299,retype-text,24,24
Gas pipelines,Diameter,BM4555,4555,P8300,retype-text,"24,20","24,20"
Gas pipelines,Diameter,BM4556,4556,P8301,retype-text,30,30
Gas pipelines,Diameter,BM4557,4557,P8302,retype-text,12,12
Gas pipelines,Diameter,BM4559,4559,P8304,retype-text,12;16,12;16
Gas pipelines,Diameter,BM4560,4560,P8305,retype-text,24,24
Gas pipelines,Diameter,BM4561,4561,P8306,retype-text,24,24
Gas pipelines,Diameter,BM4562,4562,P8307,retype-text,36,36
Gas pipelines,Diameter,BM4563,4563,P8308,retype-text,24,24
Gas pipelines,Diameter,BM4564,4564,P8309,retype-text,30,30
Gas pipelines,Diameter,BM4373,4373,P8118,separator,20;26,"20, 26"
Gas pipelines,Diameter,BM4437,4437,P8182,separator,16;12,"16, 12"
Gas pipelines,Diameter,BM4474,4474,P8219,separator,26;30,"26, 30"
Gas pipelines,Diameter,BM4487,4487,P8232,separator,20;30,"20, 30"
Gas pipelines,Diameter,BM4497,4497,P8242,separator,30; 36,"30, 36"
Gas pipelines,Diameter,BM4537,4537,P8282,separator,10;16,"10, 16"
Gas pipelines,Diameter,BM4559,4559,P8304,separator,12;16,"12, 16"
