tab,column,cell,sheet_row,ProjectID,before,after
Pipeline operators/owners,Operator [ref],Q135,135,P0144,,"https://pgjonline.com/magazine/2015/december-2015-vol-242-no-12/projects/algonquin-plans-pipeline-expansion-of-lng-storage-facility, https://web.archive.org/web/20150314051844/http://www.ferc.gov/CalendarFiles/20150303170720-CP14-96-000.pdf"
Pipeline operators/owners,Operator,R135,135,P0144,,"Algonquin Gas Transmission, LLC"
Gas pipelines,Status [ref],I6,6,P0144,https://www.eia.gov/naturalgas/data.php#pipelines,"https://www.eia.gov/naturalgas/data.php#pipelines, https://web.archive.org/web/20170630054426/http://www.masslive.com/news/index.ssf/2017/06/enbridge_withdraws_access_nort.html, https://commonwealthmagazine.org/environment/access-northeast-pipeline-put-on-indefinite-hold/, https://naturalgasintel.com/algonquin-withdraws-pre-filing-application-for-access-northeast-project"
Gas pipelines,Fuel [ref],M6,6,P0144,https://www.eia.gov/naturalgas/data.php#pipelines,"https://www.eia.gov/naturalgas/data.php#pipelines, https://www.offshore-technology.com/projects/access-northeast-project-new-england/, https://pgjonline.com/magazine/2015/december-2015-vol-242-no-12/projects/algonquin-plans-pipeline-expansion-of-lng-storage-facility"
Gas pipelines,PipelineType [ref],O6,6,P0144,https://www.eia.gov/naturalgas/data.php#pipelines,"https://www.eia.gov/naturalgas/data.php#pipelines, https://www.offshore-technology.com/projects/access-northeast-project-new-england/, https://pgjonline.com/magazine/2015/december-2015-vol-242-no-12/projects/algonquin-plans-pipeline-expansion-of-lng-storage-facility"
Gas pipelines,ProposalYear,Z6,6,P0144,,2015
Gas pipelines,ProposalMonth,AA6,6,P0144,,11
Gas pipelines,Proposal [ref],AB6,6,P0144,,"https://www.rtoinsider.com/24839-algonquin-submits-pre-filing-request-for-access-northeast-pipeline/, https://pgjonline.com/magazine/2015/december-2015-vol-242-no-12/projects/algonquin-plans-pipeline-expansion-of-lng-storage-facility"
Gas pipelines,Cancelled [ref],AT6,6,P0144,,"https://web.archive.org/web/20170630054426/http://www.masslive.com/news/index.ssf/2017/06/enbridge_withdraws_access_nort.html, https://commonwealthmagazine.org/environment/access-northeast-pipeline-put-on-indefinite-hold/, https://naturalgasintel.com/algonquin-withdraws-pre-filing-application-for-access-northeast-project"
Gas pipelines,Capacity [ref],AZ6,6,P0144,,"https://www.offshore-technology.com/projects/access-northeast-project-new-england/, https://www.eia.gov/naturalgas/pipelines/EIA-NaturalGasPipelineProjectsAug2026.xlsx"
Gas pipelines,Length [ref],BI6,6,P0144,,"https://www.offshore-technology.com/projects/access-northeast-project-new-england/, https://www.eia.gov/naturalgas/pipelines/EIA-NaturalGasPipelineProjectsAug2026.xlsx"
Gas pipelines,Location [ref],CF6,6,P0144,,https://www.offshore-technology.com/projects/access-northeast-project-new-england/
Gas pipelines,SegmentCost [ref],CM6,6,P0144,https://www.eia.gov/naturalgas/data.php#pipelines,"https://www.eia.gov/naturalgas/data.php#pipelines, https://www.eia.gov/naturalgas/pipelines/EIA-NaturalGasPipelineProjectsAug2026.xlsx, https://www.offshore-technology.com/projects/access-northeast-project-new-england/"
Gas pipelines,ProposalMonth,AA3462,3462,P6011,6,9
Gas pipelines,Proposal [ref],AB3462,3462,P6011,https://oilandgaswatch.org/pipeline/6965,"https://oilandgaswatch.org/pipeline/6965, https://www.nocompressor.com/s/Maple-Open-Season-Final-6xfr.pdf, https://www.wbur.org/news/2023/09/22/enbridge-weymouth-compressor-natural-gas-fossil-fuel-climate-change-pipeline-expansion"
