sp,Meaning,Notes,Sources,Countries where it is used (ISO 3166-1 numerical codes)
A/S,"Aktieselskab (in Denmark), same as public limited liability company",Bloomberg lists as AS (for example for Orsted: https://www.bloomberg.com/profile/company/ORSTED:DC),"https://shieldgeo.com/setting-up-a-company-in-denmark/, https://opencorporates.com/companies/dk/26032512",208
AB,"In Sweden: aktiebolag (limited company aka LLC). Also used in Latvia (e.g., Panevėžio energija AB, Swedbank AB).",Companies with an AB legal entity type can be public or private companies,"https://www.companyformationsweden.com/set-up-ab-ltd-company-sweden, https://global-corporateservices.com/ab/","752, 428"
AD,"In Bosnia: akcionarsko društvo (equivalent of PLC in UK or AG in Germany). Also used in Bulgaria (aktsionerno druzhestvo), in Montenegro (Akcionarsko Društvo), North Macedonia (Akcionersko Društvo), and Serbia (akcionarsko društvo)",This is a joint-stock company,https://en.wikipedia.org/wiki/List_of_legal_entity_types_by_country#Bosnia_and_Herzegovina,"070, 100, 499, 688, 807"
AE,"Greece: Anónimi Etaireía / Ανώνυμη Εταιρεία, Α.E.",This is the equivalent of a PLC in the UK,https://en.wikipedia.org/wiki/List_of_legal_entity_types_by_country,300
AG,German: Aktiengesellschaft (public company),This is a publicly traded joint-stock company and is a German word for a corporation limited by share ownership which is publicly traded,https://en.wikipedia.org/wiki/German_company_law,276
AG & Co KG,German: Aktiengesellschaft und Co. Kommanditgesellschaft (limited partnership),This is a limited partnership with a public limited company as a general partner,"https://en.pons.com/translate/german-english/AG+Co+KG#:~:text=AG%20%26%20Co%20KG%20LAW%20abbreviation,a%20plc%20as%20general%20partner",276
AG & Co. KGaA,German: Aktiengesellschaft und Co. Kommanditgesellschaft auf Aktien (partnership limited by shares),This is a limited partnership by shares,https://de.wikipedia.org/wiki/Kommanditgesellschaft_auf_Aktien,276
AMBA,Denmark: Andelsselskab med begrænset ansvar,equivalent of a cooperative society with limited liability,https://businessindenmark.virk.dk/guidance/services-contact-point/Establish-a-business-in-Denmark/,208
ApS,Denmark: Anpartsselskab (private limited liability company),,"https://mightyadmins.com/articles/limited-liability-companies-aps-vs-a-s/#:~:text=A%20general%20way%20to%20regard,light%20version%20of%20the%20latter.",208
AS,"Akciová společnost (joint stock company in Czech Republic, Slovakia), Aktieselskab in Denmark (equivalent to a PLC), Aksjeselskap in Norway (equivalent to Ltd)",This is a joint stock company and the equivalent of a PLC in the UK,https://en.wikipedia.org/wiki/List_of_legal_entity_types_by_country; https://www.businessinfo.cz/psc/start-your-business/registration-of-legal-form-of-business/,"203, 703, 208, 578"
AŞ,Anonim Şirket; same as or similar to Société Anonyme in France,This is the equivalent of a joint-stock company,https://en.wikipedia.org/wiki/List_of_legal_entity_types_by_country#Turkey,792
ASA,Allmennaksjeselskap (public company in Norway),This is the equivalent of a publicly traded company,https://www.lawyersnorway.eu/types-of-companies-in-norway,578
Bhd,Berhad (Malaysian public limited company),"This entity must have a minimum of two shareholders, and the number of members is unlimited. The public limited company must hold annual general meetings and make reports on their financial statements.",https://www.investopedia.com/terms/b/bhd-berhad.asp,458
BSC,Bahrain: Bahrain Shareholding Company,,https://fullforms.com/BSC/Bahrain-Shareholding-Company/15300,048
BV,Netherlands: besloten vennootschap (private limited company),,https://business.gov.nl/starting-your-business/choosing-a-business-structure/private-limited-company-in-the-netherlands/,528
CA,Compañía anónima in Venezuala (corporation),,"https://www.legalmondo.com/2017/02/company-law-venezuela/#:~:text=code%20of%20commerce.-,Corporation,or%20sociedad%20an%C3%B3nima%20(S.A.).",862
CJSC,Closed joint stock company,CJSCs with more than 50 shareholders or which publicly offer bonds or securities are required to disclose their shareholders. Most CJSCs have less than 50 shareholders,https://learn.sayari.com/understanding-russian-corporate-structures/,"643, 051"
Co,Company,,,
Co Inc,Company Incorporated,,,
Co LLC,Company LLC,,,
Co LP,Company Limited Partnership,,,
Co Ltd,Company Limited,,,
Co Ltd JV,Company Limited Joint Venture,,,
Co SA,Company Société Anonyme,Operates the same as a Société Anonyme,,
Cooperative,Cooperative (Co-op),"Cooperatives are owned by its members, employees, or people who use the services of the cooperative",https://ncbaclusa.coop/blog/differences-between-cooperatives-and-corporations/,"840,"
Corp,Corporation,,,
Corp Ltd,Corporation Limited,,,
CV,"In Indonesia: Commanditaire Vennootschap (CV), a partnership of a limited liability company",,https://www.okbank.co.id/en/information/news/recognize-the-difference-between-pt-and-cv-that-you-should-know,360
CVBA/SCRL,Belgium: CooperatieveVennootschap met BeperkteAansprakelijkheid /Société Coopérative à Responsabilité Limitée,Belgian Cooperative Company with Limited Liability,"https://www.companyformationbelgium.com/types-of-belgian-companies, https://gsl.org/en/offshore/offshore-zones/western-europe/belgium/",056
dd,Croatia: Joint Stock Company (JSC),,https://www.multilaw.com/Multilaw/Global_Business_Entities_Guide/Croatia_-_Joint_Stock_Company.aspx,191
DGK JSC,DGK Joint-stock company,,,
DMCC,United Arab Emirates: Free Zone Company (Dubai Multi Commodities Centre),,"https://www.creationbc.com/dubai-dmcc-free-zone/#:~:text=Entities%20incorporated%20in%20DMCC%20are,%2C%20subsidiary%2C%20or%20branch%20company.",784
doo,Croatia: Limited Liability Company (LLC). Slovenia: družba z omejeno odgovornostjo (limited liability company).,,"https://www.multilaw.com/Multilaw/Global_Business_Entities_Guide/Croatia_-_Joint_Stock_Company.aspx, https://spot.gov.si/en/info/company-registration/limited-liability-company-d-o-o/","191, 705"
EAD,Bulgaria: Joint-stock company with a single shareholder,,"https://ticlegal.com/bulgaria-how-to-choose-the-most-appropriate-legal-form-for-your-business/ ; https://www.legal500.com/doing-business-in/bulgaria/#:~:text=If%20the%20shareholder%20is%20only,joint%2Dstock%20company%20company).",100
eG,Germany: Eingetragene Genossenschaft (registered cooperative society),,https://en.wikipedia.org/wiki/Eingetragene_Genossenschaft,276
eG & Co. KG,Germany: Eingetragene Genossenschaft (registered cooperative society) and Kommanditgesellschaft,,,276
Ek For,Sweden: Ekonomisk förening,equivalent of an economic association,"https://www.nordichq.com/guides/list-of-legal-entity-types-by-country-in-europe/, https://bolagsverket.se/en/forening/ekonomiskforening.1331.html, https://www.eu-startups.com/2022/12/compact-overview-of-the-most-common-legal-entities-for-companies-in-all-eu-member-states/",752
EMC,,,,
EP,Empresa Pública,,https://en.wikipedia.org/wiki/List_of_legal_entity_types_by_country,"218, 508"
EPE,"LLC in Greece, also used in Mexico",Only cases in the database are in Mexico,"https://www.offshorecompany.com/company/greek-llc/#:~:text=An%20EPE%20is%20actually%20a,the%20shares%20in%20the%20EPE.","300, 484"
ESP,Type of Company in Colombia,wasn't able to find much information on this entity type,,170
FZCO,United Arab Emirates: Free Zone Company,"To establish a FZCO, the company needs between 2-50 shareholders",https://multilaw.com/Multilaw/Multilaw/Global_Business_Entities_Guide/United_Arab_Emirates_-_Free_Zone_Establishment_Free_Zone_Company_-_FZE_FZCO.aspx,784
FZE,"United Arab Emirates: Free Zone Enterprise; may also be used in other countries (e.g., Nigeria)",,,784
GK,Japan: gōdō kaisha or gōdō gaisha (合同会社),This is the equivalent of an LLC,"https://en.wikipedia.org/wiki/G%C5%8Dd%C5%8D_gaisha#:~:text=A%20g%C5%8Dd%C5%8D%20gaisha%20(%E5%90%88%E5%90%8C%E4%BC%9A%E7%A4%BE,%2C%20Nihon%2Dban%20LLC).",392
GmbH,"German abbreviation for ""Gesellschaft mit beschränkter Haftung,"" meaning, ""company with limited liability."" GmbH—equivalent to Ltd. used in the U.K. or LLC or Inc. in the U.S.",,"https://www.investopedia.com/terms/g/gmbh.asp, https://en.wikipedia.org/wiki/German_company_law",276
GmbH & Co KG,Germany: Gesellschaft mit beschränkter Haftung & Compagnie Kommanditgesellschaft,"This is a hybrid between an LLC (Gmbh) and a limited partnership (Co KG). Altogether, this is classified as a partnership",https://www.firma.de/en/company-formation/what-is-a-gmbh-co-kg-limited-liability-company-limited-partnership/,276
GmbH & Co KGaA,Germany: Gesellschaft mit beschränkter Haftung & Compagnie Kommanditgesellschaft auf Aktien,,,276
GmbH & Co OHG,Germany: The GmbH & Co OHG is a German legal form which combines the corporate legal form of the general partnership (OHG) with a limited liability company (GmbH).,,https://lukinski.com/gmbh-co-ohg-formation-management-liability-co/,276
GP,Canada: General Partnership,,https://www.bdc.ca/en/articles-tools/entrepreneur-toolkit/templates-business-guides/glossary/general-partnership ; https://www.firstreference.com/blog/introduction-to-general-partnerships-a-guide-for-canadian-entrepreneurs/,124
hf,Iceland: Hlutafélag (equivalent of a public limited company),,https://en.wikipedia.org/wiki/List_of_legal_entity_types_by_country,352
IKE,Greece: Ιδιωτικη Κεφαλαιουχικη Εταιρεια (private company),,https://crisisplan.gr/ike-sta-anglika/,300
Inc,Incorporated,,,
Inversiones y Obras (PIO),,,,
I/S,Denmark: Interessentskab (equivalent of a partnership),,https://erhvervsstyrelsen.dk/interessentskaber,208
KK,Japan: Kabushiki Kaisha (equivalent of a Corporation),,,392
KmGK,Switzerland: Limited Partnership for Collective Investment Schemes,,https://swissef.ch/fileadmin/user_upload/SwissEF_Fund_TwoPager_20190206_def_EN.pdf,756
JP,Serbia: javno preduzeće (state-owned enterprise),,https://en.wikipedia.org/wiki/List_of_legal_entity_types_by_country,688
JSC,Joint Stock Company,,,
JV,Joint Venture,,,
Kft,korlátolt felelősségű társaság (equivalent of an LLC in Hungary),,,
KG,German: Kommanditgesellschaft (partnership),,https://en.wikipedia.org/wiki/German_company_law,276
KK,Japan: Kabushiki Kaisha (equivalent of a JSC),,https://en.wikipedia.org/wiki/Kabushiki_gaisha,392
K.P.S.C.,Kuwait:,,,
KSC,Kuwait: Joint Stock Company,,https://kdipa.gov.kw/wp-content/uploads/2021/10/Types-of-Investment-Entity_updated.pdf,414
KSCC,Kuwait: Kuwaiti Shareholding Company – Closed,,http://www.aeongulf.com/about-kuwait/corporate-entities/,414
KSCP,Kuwait: Kuwaiti Shareholding Company – Public,,http://www.aeongulf.com/about-kuwait/corporate-entities/,414
Lda,Limitada,,,"[Portugal, Mozambique]"
LLC,Limited Liability Corporation,,,
LLP,Kazakhstan: Limited liability partnerships,,"https://kazakhstancompanyformation.com/, https://www.hg.org/legal-articles/organizational-forms-of-business-entities-in-kazakhstan-7984",398
LP,Limited Partnership,,,
LPK JSC,,,,
LŞ,Turkiye: Limited Sirketi (LTD. ŞTİ.),Same as Limitet Sirket? https://tr.wikipedia.org/wiki/Limitet_%C5%9Firket,,
Ltée,Canada: Limitée,,https://en.wikipedia.org/wiki/List_of_legal_entity_types_by_country#Canada,124
Ltd,Limited,,,
Ltd (CLP),,,,
Ltd Co,,,,
Ltd Pvt,,,,
Ltda,Brazil: Sociedade de responsabilidade limitada,This is the equivalent of a limited liability company,"https://establishbrazil.com/articles/most-common-companies-types-brazil#:~:text=The%20LTDA%20(or%20%E2%80%9CSociedade%20de,There's%20no%20minimum%20capital%20requirement.","076, 558"
mbH,"shortened form of GmbH, used when ""Gesellschaft"" (the ""G"" in ""GmbH"") is already an integral part of the company name","Example is Bayernoil Raffineriegesellschaft mbH; this does seem to be an actual company type, and not a typo of GmbH",,276
mbH & Co KG,"shortened form of GmbH & Co KG, used when ""Gesellschaft"" (the ""G"" in ""GmbH"") is already an integral part of the company name",Example is Trianel Power Kohlekraftwerk mbH & Co KG,,276
NV,Dutch: Naamloze vennootschap. Same as société anonyme (SA) in French and perseroan terbatas (PT) in Indoneisan,,https://en.wikipedia.org/wiki/Naamloze_vennootschap,"[Netherlands, Belgium, Indonesia, Suriname]"
NV/SA,"Belgium: naamloze vennootschap/societe anonyme; can also be used in the reverse order, SA/NV.",,,056
Nyrt,Hungary: Nyilvánosan működő részvénytársaság (public limited company),This is the equivalent of a PLC,https://hu.wikipedia.org/wiki/R%C3%A9szv%C3%A9nyt%C3%A1rsas%C3%A1gok_Magyarorsz%C3%A1gon,348
OJSC,"Azerbaijan: Open Joint Stock Company. In Russian, written as ""ОАО""",,https://en.wikipedia.org/wiki/Types_of_business_entity_in_Russia,"031, 643"
OOD,Bulgaria: limited liability corporation,,,
OOO,Russia: limited liability company. Общество с ограниченной ответственностью - ООО,,https://www.nalog.gov.ru/eng/companies/reg_komp/reg_russ/,
OÜ,Estonia: Osaühing (equivalent of a private limited company),,https://investinestonia.com/business-in-estonia/establishing-company/legal-forms/limited-private/,233
Oy,Limited company (in Finland),,https://www.keuke.fi/business-consulting/founding-a-company/general-information-for-the-founder-of-a-new/company-types-and-taxation/,246
Oyj,Julkinen Osakeyhtio (public limited company/corporation in Finland),This is the equivalent of a public limited liability company,https://www.tetraconsultants.com/blog/7-types-of-companies-in-finland/,246
P/S,Partnerselskaber (limited parntership company in Denmark),,https://www.dlapiperintelligence.com/goingglobal/corporate/index.html?t=02-entity-setup&c=DK,
Participações SA,Participações Sociedade Anónima (in Brazil),This is similar to an LLC,https://www.bizlatinhub.com/pt-br/diferentes-tipos-empresas-no-brasil/,076
PCL,Public Company Limited,,,
PJSC,Public Joint Stock Company,,,
PLC,Private Limited Company.,,,"643, 826"
PT,DON'T USE ANYMORE,,,
PrAT,Prytvatne aktsionerne tovarystvo in Ukraine. This is the equivalent of a PLC in the UK,,https://en.wikipedia.org/wiki/List_of_legal_entity_types_by_country,804
PrJSC,Private Joint Stock Company,"This is a a joint-stock company, in which the number of shareholders cannot exceed 100 shareholders.",https://www.legal.agtl.com.ua/business-organization/registration-of-joint-stock-companies/what-is-a-pjsc-and-prjsc,804
Pte,Private Company (in Singapore),,https://osome.com/sg/blog/sole-proprietorship-vs-pte-ltd-singapore/,702
Pte Ltd,Private Limited,,https://osome.com/sg/blog/sole-proprietorship-vs-pte-ltd-singapore/,702
Pty,"Proprietary Company (in Australia, Namibia, and South Africa)",,"https://en.wikipedia.org/wiki/Proprietary_company#:~:text=A%20proprietary%20company%2C%20the%20characteristic,it%20can%20and%20cannot%20do.","710, 516, 036"
Pty Ltd,"Proprietary Limited. Used in Australia, among other countries",,,036
Pvt Ltd,Private Limited,,,"356, 586, 702, 050, 716"
QSC,Qatar Shareholding Company,,https://thetradecouncil.com/how-to-register-a-company-in-qatar/,634
Rt,Hungary: Részvénytársaság (Joint-Stock Company),,https://hu.wikipedia.org/wiki/R%C3%A9szv%C3%A9nyt%C3%A1rsas%C3%A1g,348
RUE,Belarus: Republican Unitary Enterprise,,,112
S de RL de CV,Mexico: S. de R.L. de C.V. English translation: Limited Liability Variable Stock Corporation,,https://www.proz.com/kudoz/spanish-to-english/business-commerce-general/207152-s-de-rl-de-cv.html,484
SA,"Any of a variety of local-language terms, including Société Anonyme (France), Sociedade Anónima (Portugal), Sociedad Anónima (Spain)",,,
S.A.A.,Peru: Sociedad Anónima Abierta (Public corporation),,https://www.bizlatinhub.com/five-types-legal-entities-business-peru/ ; https://www.guidemesingapore.com/business-guides/incorporation/incorporation-essentials/types-of-business-entities-in-singapore,
SAC,Peru: Sociedad Anónima Cerrada (Private closed corporation),,https://www.bizlatinhub.com/five-types-legal-entities-business-peru/ ; https://www.guidemesingapore.com/business-guides/incorporation/incorporation-essentials/types-of-business-entities-in-singapore,
SA de CV,Mexico: Sociedad Anónima de Capital Variable,,,
SA ESP,Columbia: Sociedad Anónima ESP,,https://www.itseasyco.com/types-of-companies-in-colombia/,170
SAL,Lebanon: Société anonyme libanaise,,"https://taxsummaries.pwc.com/lebanon/corporate/other-issues#:~:text=Joint%2Dstock%20companies%20(Soci%C3%A9t%C3%A9%20anonyme,beyond%20their%20actual%20capital%20subscriptions.",422
SA Y CIA SCA ESP,,,,
SAB de CV,"Mexico: Sociedad Anonima Bursátil de Capital Variable, meaning a publicly traded company",,"https://www.sec.gov/Archives/edgar/data/1076378/000119312511058777/dex991.htm, https://www.dlapiperintelligence.com/goingglobal/corporate/index.html?t=02-entity-setup&c=MX",484
SAE,Egypt: Sharikat al-Mossahamah (equivalent of a PLC),,https://en.wikipedia.org/wiki/List_of_legal_entity_types_by_country,818
SAEML,France: société anonyme d'économie mixte locale,,https://www.ccomptes.fr/sites/default/files/2023-10/HFR201931.pdf,250
SAESP,,,,
S.A.I.C.,Argentina: Sociedad Anonima Industrial y Comercial,,,032
SAL,,,,
SAOC,Oman: Société Anonyme Omanaise Close (equivalent of a closed joint stock company),,http://www.differencebetween.net/business/difference-between-saoc-and-saog/,512
SAOG,Oman: Société Anonyme Omanaise Générale (equivalent of an open joint stock company),,http://www.differencebetween.net/business/difference-between-saoc-and-saog/,512
SAPA,Italy: Società in accomandita per azioni in Italy,This is the equivalent of a public limited company by shares,https://uk.practicallaw.thomsonreuters.com/w-024-2389?transitionType=Default&contextData=(sc.Default),380
SAPI,Mexico: Stock Investment Promotion Company,This is a stock company,https://doingbusiness-mexico.com/types-of-companies-in-mexico/,484
SAPI de CV,Mexico: Sociedad Anónima Promotora de Inversión de Capital Variable,This is a sub type of SA de CV,https://www.dlapiperintelligence.com/goingglobal/corporate/index.html?t=02-entity-setup&c=MX,484
SARL,French-speaking countries: Société à responsabilité limitée,This is the equivalent of an LLC,"https://www.eurostartentreprises.com/en/business-advice/what-s-the-difference-between-a-sarl-sas-sa-eurl-micro-entreprises#:~:text=SARL%20%2D%20Soci%C3%A9t%C3%A9%20%C3%A0%20Responsibilit%C3%A9%20Limit%C3%A9e,to%20incorporate%2C%20manage%20and%20operate.","250, 214, 540"
SAS,"Société par actions simplifiée (in France, French Territories, and the Dominican Republic)",,,
SASESP,Sociedad por Acciones Simplificada Empresa de Servicios Publicos (in Columbia),,,
SASU,France: Société par actions simplifiées unipersonnelle,This is the equivalent of a single-shareholder simplified joint-stock company,https://stripe.com/resources/more/sasu-france,250
SAU,,,,
SCA ESP,,,,
SCL,Mexico: Sociedad Cooperativa Limitada,,https://www.berkmansolutions.com/business-types/mexico/sociedad-cooperativa-limitada/,484
SCO,Ethiopia: share company,,,231
SCPA,Italy: Società consortile per azioni,This is the equivalent of a joint stock company,https://en.wikipedia.org/wiki/List_of_legal_entity_types_by_country,380
SCSp,Luxembourg: Special limited partnership,This is similar to a limited partnership,"https://guichet.public.lu/en/entreprises/creation-developpement/forme-juridique/entreprise-individuelle_societe-personnes/scsp.html#:~:text=An%20SCSp%20may%20be%20created,drawn%20up%20by%20a%20notary.",442
Sdn Bhd,"Sendirian Berhad (in Malaysia, Brunei, Singapore)",This is the equivalent of Ltd in the UK,https://en.wikipedia.org/wiki/List_of_legal_entity_types_by_country,
SE,,,,
SE & Co KGaA,,,,
S. En C. De CV,El Salvador: Sociedad en Comandita por Acciones de Capital Variable,,,222
SF,Norway: Statsforetak (State Enterprise),,"https://en.wikipedia.org/wiki/Statsforetak#:~:text=Statsforetak%20or%20SF%2C%20meaning%20State,unlimited%20liability%20in%20the%20company.",578
SGPS,Portugal: Sociedade Gestora de Participações Sociais,,,620
SGPS SA,Portugal: Sociedade Gestora de Participações Sociais Sociedade Anónima,,,620
Sh.A.,Albania: Shoqëri Aksionere (PLC in UK),This is the equivalent of PLC in UK,https://en.wikipedia.org/wiki/List_of_legal_entity_types_by_country,008
SHPK,Albania: Shoqëri me Përgjegjësi të Kufizuar (equivalent of LLC),,https://www.hg.org/legal-articles/business-formation-in-albania-64450,008
SIA,"Latvia: Sabiedriba ar Ierobezotu Atbildibu, or Limited Liability Company",,https://www.company-registration-latvia.lv/blog/limited-liability-company-sia-vs-stock-company-as-in-latvia/,428
SJSC,Saudi Arabia: Simplified Joint Stock Company,,https://www.ghazzawilawfirm.com/insights/sjsc-vs-llc-under-new-law/,682
SL,Spain: Sociedad Limitada,This is the equivalent of an LLC,https://www.strongabogados.com/business.php,724
SLU,Spain: Sociedad Limitada Unipersonal,,"https://getrenn.com/blog/sl-vs-slu#:~:text=SL%20vs%20SLU%20in%20Spain:%20what%20the%20difference%20really%20is,differences%20between%20SL%20and%20SLU?",724
SP zoo,Poland: spółka z ograniczoną odpowiedzialnością (limited liability company),,"https://en.wikipedia.org/wiki/Sp%C3%B3%C5%82ka_z_ograniczon%C4%85_odpowiedzialno%C5%9Bci%C4%85, https://www.companyincorporationpoland.com/set-up-sp.-z.o.o.-polish-company",616
SpA,"Italy: Società per Azioni, or joint stock company; like PLC in UK",,"https://attorneyitaly.com/italy-joint-stock-company-spa/, https://www.mazzeschi.it/establishing-a-company-in-italy-srl-and-spa/, https://www.startupoverseas.co.uk/news/the-differences-between-spa-and-srl-in-italy-a-2020-guide.html",380
SPC,Social Purpose Corporation,,"https://en.wikipedia.org/wiki/Social_purpose_corporation#:~:text=A%20social%20purpose%20corporation%20(SPC,flexible%20purpose%20corporations%20(FPCs).","136, 840"
SPRL,DR Congo: Société Privée à Responsabilité Limitée,This is an older legal entity type in DR Congo; some entities may start converting to SARL,https://www.hg.org/legal-articles/implications-of-ohada-law-on-the-business-incorporation-system-of-the-democratic-republic-of-congo-27994,180
SRL,"Italy: Società a Responsabilità Limitata, or Limited Liability Company",,https://www.startupoverseas.co.uk/news/the-differences-between-spa-and-srl-in-italy-a-2020-guide.html,380
sro,Spoločnosť s ručením obmedzeným (limited liability company in Slovakia and Czech Republic),This is the equivalent of an LLC in the US or Ltd in the UK,"https://en.wikipedia.org/wiki/Spolo%C4%8Dnos%C5%A5_s_ru%C4%8Den%C3%ADm_obmedzen%C3%BDm#:~:text=s%20r.%20o.%20or%20s.%20r.%20o.%3B%20literal,%C2%A7%20105%20%E2%80%93%20153%20of%20Act.","703, 203"
Stiftung & Co KG,Stiftung & Compagnie Kommanditgesellschaft (foundation and limited partnership in Germany),,,276
SWF,Sovereign Wealth Fund,,,
SWF JSC,Sovereign Wealth Fund Joint Stock Company,,,
Tbk,Indonesia: Perseroan Terbatas (PT) is a limited liability entity. Should be accompanied by the suffix Tbk.,,"https://www.investopedia.com/terms/p/pt-perseroan-terbatas.asp, https://ajconsultants.net/criterion-for-deciding-a-name-for-a-limited-liability-company-perseroan-terbatas-in-indonesia/",360
TETS AO,,,,
UA,Netherlands: Cooperative,This is a cooperative association with exclusion of liability,https://www.dlapiperintelligence.com/goingglobal/corporate/index.html?t=02-entity-setup&c=NL,528
UAB,Lithuania: Uždarosios akcinės bendrovės (equivalent of an LLC or CJSC),,https://en.wikipedia.org/wiki/List_of_legal_entity_types_by_country,440
UG & Co. KG,Germany: a combination of two corporate forms: a Kommanditgesellschaft (KG) - a type of limited partnership - and a Unternehmergesellschaft (UG) (haftungsbeschränkt) - a special form of GmbH,,"https://www.firma.de/en/ug-and-co-kg-formation/#:~:text=for%20the%20former.-,The%20UG%20%26%20Co.,partner)%20within%20the%20KG%20structure.",276
ULC,Canada: Unlimited Liability Corporation,,"https://www.investopedia.com/terms/u/ulc.asp#:~:text=An%20unlimited%20liability%20corporation%20is,the%20debts%20of%20the%20company.",124
WLL,Qatar: With Limited Liability,,,512
ZAO,Russia: closed joint-stock company,,https://www.nalog.gov.ru/eng/companies/reg_komp/reg_russ/,
Zrt,Hungary: zártkörűen működő részvénytársaság or Zrt. (Private company limited by shares),,https://www.dlapiperintelligence.com/goingglobal/corporate/index.html?t=01-form-of-entity&c=HU,348
